{
    "bootstrap__criterion": 0.00039401505729620755,
    "bootstrap__criterion__max_features": 0.0010498021012204234,
    "bootstrap__criterion__min_samples_leaf": 0.0007341115664652315,
    "bootstrap__criterion__min_samples_split": 0.00040375705181511755,
    "bootstrap__criterion__strategy": 7.658478839613113e-05,
    "bootstrap__max_features": 0.08614573358540212,
    "bootstrap__max_features__min_samples_leaf": 0.06751857279021822,
    "bootstrap__max_features__min_samples_split": 0.009018895643178388,
    "bootstrap__max_features__strategy": 0.0033110711302375526,
    "bootstrap__min_samples_leaf": 0.10844742573769361,
    "bootstrap__min_samples_leaf__min_samples_split": 0.009002359832485183,
    "bootstrap__min_samples_leaf__strategy": 0.002150391699240511,
    "bootstrap__min_samples_split": 0.004064615952294882,
    "bootstrap__min_samples_split__strategy": 0.0013218141356426466,
    "bootstrap__strategy": 0.0018735942859426573,
    "criterion__max_features": 0.0014160687226411617,
    "criterion__max_features__min_samples_leaf": 0.003573255346918436,
    "criterion__max_features__min_samples_split": 0.0008645568599477222,
    "criterion__max_features__strategy": 0.00017479601319654982,
    "criterion__min_samples_leaf": 0.0014982525363806398,
    "criterion__min_samples_leaf__min_samples_split": 0.0012688346580623606,
    "criterion__min_samples_leaf__strategy": 0.0008707055907217665,
    "criterion__min_samples_split": 0.000429788329245802,
    "criterion__min_samples_split__strategy": 6.591423552084743e-05,
    "criterion__strategy": 0.00014733202787970854,
    "max_features__min_samples_leaf": 0.08804244318655824,
    "max_features__min_samples_leaf__min_samples_split": 0.02081092319708699,
    "max_features__min_samples_leaf__strategy": 0.008239246171687066,
    "max_features__min_samples_split": 0.01068572034739686,
    "max_features__min_samples_split__strategy": 0.001964571048545841,
    "max_features__strategy": 0.0052057927761588706,
    "min_samples_leaf__min_samples_split": 0.015460338236475985,
    "min_samples_leaf__min_samples_split__strategy": 0.002166982236322815,
    "min_samples_leaf__strategy": 0.005021160608940364,
    "min_samples_split__strategy": 0.001257911426860455
}