{
    "bootstrap": 0.028431286608611567,
    "criterion": 0.00048796007514910077,
    "max_features": 0.12641342962786098,
    "min_samples_leaf": 0.33467189412666426,
    "min_samples_split": 0.005484986799021024,
    "strategy": 0.001173369422950769
}