{
    "bootstrap": 0.003446264520155898,
    "criterion": 0.0032310479201420033,
    "max_features": 0.7575568573288605,
    "min_samples_leaf": 0.03914493268660914,
    "min_samples_split": 0.0011032890709185628,
    "strategy": 0.00025782775627086426
}