{
    "bootstrap__criterion": 0.0003164541034436151,
    "bootstrap__criterion__max_features": 0.0020266150666662305,
    "bootstrap__criterion__min_samples_leaf": 0.00041849144007802264,
    "bootstrap__criterion__min_samples_split": 7.034672648789197e-05,
    "bootstrap__criterion__strategy": 6.169146373927376e-05,
    "bootstrap__max_features": 0.010455120875117463,
    "bootstrap__max_features__min_samples_leaf": 0.007619694099604148,
    "bootstrap__max_features__min_samples_split": 0.000991776948370697,
    "bootstrap__max_features__strategy": 0.0013734577625565262,
    "bootstrap__min_samples_leaf": 0.0019028407965358193,
    "bootstrap__min_samples_leaf__min_samples_split": 0.0010914769535505199,
    "bootstrap__min_samples_leaf__strategy": 0.0002681603444439837,
    "bootstrap__min_samples_split": 0.0002580728016703573,
    "bootstrap__min_samples_split__strategy": 6.722076024993679e-05,
    "bootstrap__strategy": 0.0002625539296658571,
    "criterion__max_features": 0.015842116432774334,
    "criterion__max_features__min_samples_leaf": 0.012354049163672567,
    "criterion__max_features__min_samples_split": 0.0024349687539104254,
    "criterion__max_features__strategy": 0.001098484848986609,
    "criterion__min_samples_leaf": 0.0019374150213371383,
    "criterion__min_samples_leaf__min_samples_split": 0.000336041795269778,
    "criterion__min_samples_leaf__strategy": 0.0002378109255514898,
    "criterion__min_samples_split": 0.0002852913522398044,
    "criterion__min_samples_split__strategy": 0.00012827776611909892,
    "criterion__strategy": 9.462674067234832e-05,
    "max_features__min_samples_leaf": 0.08974616123634536,
    "max_features__min_samples_leaf__min_samples_split": 0.010493630954825757,
    "max_features__min_samples_leaf__strategy": 0.0031183265396310805,
    "max_features__min_samples_split": 0.009090806971236591,
    "max_features__min_samples_split__strategy": 0.0008938151260390916,
    "max_features__strategy": 0.003429926453556501,
    "min_samples_leaf__min_samples_split": 0.0018941371143680887,
    "min_samples_leaf__min_samples_split__strategy": 0.00031916095323445185,
    "min_samples_leaf__strategy": 0.000388127856985925,
    "min_samples_split__strategy": 0.0001525420522827082
}