{
    "C": 0.1502858024055046,
    "gamma": 0.5446847074967867,
    "shrinking": 0.0003071320726444355,
    "strategy": 0.0024108098221595235,
    "tol": 0.01193653229043291
}