{
    "bootstrap": 0.05284594296326336,
    "criterion": 0.0008556823784946503,
    "max_features": 0.14698413508438413,
    "min_samples_leaf": 0.6089104645904518,
    "min_samples_split": 0.008479796055707992,
    "strategy": 0.00011391911852620299
}