{
    "bootstrap__criterion": 0.0008952991582757265,
    "bootstrap__criterion__max_features": 0.00033201733077854734,
    "bootstrap__criterion__min_samples_leaf": 0.0009127683965019662,
    "bootstrap__criterion__min_samples_split": 4.041686709433333e-05,
    "bootstrap__criterion__strategy": 1.7689683647845677e-05,
    "bootstrap__max_features": 0.08172150696494554,
    "bootstrap__max_features__min_samples_leaf": 0.015061766028721862,
    "bootstrap__max_features__min_samples_split": 0.0014150770147076386,
    "bootstrap__max_features__strategy": 0.0004218843673269713,
    "bootstrap__min_samples_leaf": 0.004919320290736606,
    "bootstrap__min_samples_leaf__min_samples_split": 0.002440440003417116,
    "bootstrap__min_samples_leaf__strategy": 0.0008090150740111992,
    "bootstrap__min_samples_split": 0.0007264117500845046,
    "bootstrap__min_samples_split__strategy": 7.804052725622938e-05,
    "bootstrap__strategy": 0.00013558965142214065,
    "criterion__max_features": 0.0004092067500491292,
    "criterion__max_features__min_samples_leaf": 0.0016467457396743268,
    "criterion__max_features__min_samples_split": 0.00017891030379923838,
    "criterion__max_features__strategy": 5.772131700312655e-05,
    "criterion__min_samples_leaf": 0.0007622077433742103,
    "criterion__min_samples_leaf__min_samples_split": 0.00039974406508053,
    "criterion__min_samples_leaf__strategy": 0.00013222079546867715,
    "criterion__min_samples_split": 0.00014264815778236746,
    "criterion__min_samples_split__strategy": 6.1787069480351265e-06,
    "criterion__strategy": 3.452714685017955e-05,
    "max_features__min_samples_leaf": 0.02381039540555685,
    "max_features__min_samples_leaf__min_samples_split": 0.00948354898282018,
    "max_features__min_samples_leaf__strategy": 0.002673956220173853,
    "max_features__min_samples_split": 0.002628735948264002,
    "max_features__min_samples_split__strategy": 0.00033210094415434335,
    "max_features__strategy": 0.000797192583930965,
    "min_samples_leaf__min_samples_split": 0.01716559762169516,
    "min_samples_leaf__min_samples_split__strategy": 0.00042733139381781774,
    "min_samples_leaf__strategy": 0.0007808707012390041,
    "min_samples_split__strategy": 7.13079163969478e-05
}