{
    "bootstrap": 0.015589547566248595,
    "criterion": 0.0005649574908098174,
    "max_features": 0.4535318169365757,
    "min_samples_leaf": 0.3000752590918631,
    "min_samples_split": 0.0024496072530263485,
    "strategy": 0.00031449609686363196
}