{
    "bootstrap__criterion": 0.00021554394369401768,
    "bootstrap__criterion__max_features": 0.0030773635500294383,
    "bootstrap__criterion__min_samples_leaf": 0.000550150750964519,
    "bootstrap__criterion__min_samples_split": 0.00013881909597093713,
    "bootstrap__criterion__strategy": 3.141871576408696e-05,
    "bootstrap__max_features": 0.09093507793998151,
    "bootstrap__max_features__min_samples_leaf": 0.019582273899654334,
    "bootstrap__max_features__min_samples_split": 0.0022147575432851178,
    "bootstrap__max_features__strategy": 0.001305955092178202,
    "bootstrap__min_samples_leaf": 0.00424980417763221,
    "bootstrap__min_samples_leaf__min_samples_split": 0.0013513427803120304,
    "bootstrap__min_samples_leaf__strategy": 0.0008679299555428735,
    "bootstrap__min_samples_split": 0.00044476585552509235,
    "bootstrap__min_samples_split__strategy": 0.00011154866952832877,
    "bootstrap__strategy": 0.0002834926629838696,
    "criterion__max_features": 0.008043968719238181,
    "criterion__max_features__min_samples_leaf": 0.004146283952853325,
    "criterion__max_features__min_samples_split": 0.0008306884234364539,
    "criterion__max_features__strategy": 0.0002197581005549754,
    "criterion__min_samples_leaf": 0.0023541613091280222,
    "criterion__min_samples_leaf__min_samples_split": 0.0006097318173568841,
    "criterion__min_samples_leaf__strategy": 0.00014089103054610642,
    "criterion__min_samples_split": 0.00023991797346625213,
    "criterion__min_samples_split__strategy": 1.6812837029435944e-05,
    "criterion__strategy": 5.957851512299571e-05,
    "max_features__min_samples_leaf": 0.0375496165535385,
    "max_features__min_samples_leaf__min_samples_split": 0.0110857972460175,
    "max_features__min_samples_leaf__strategy": 0.005202818688719029,
    "max_features__min_samples_split": 0.005030484562960674,
    "max_features__min_samples_split__strategy": 0.0007476773062905255,
    "max_features__strategy": 0.0021107785210890346,
    "min_samples_leaf__min_samples_split": 0.006578961569148161,
    "min_samples_leaf__min_samples_split__strategy": 0.0005721816070811431,
    "min_samples_leaf__strategy": 0.0015869123047158532,
    "min_samples_split__strategy": 0.00027176646676748827
}