{
    "bootstrap": 0.011685844040827462,
    "criterion": 0.00019109552515891268,
    "max_features": 0.44826948357581353,
    "min_samples_leaf": 0.29203520773786207,
    "min_samples_split": 0.002680503615406652,
    "strategy": 0.00037497375554035783
}