{
    "bootstrap__criterion": 0.00010306942805666451,
    "bootstrap__criterion__max_features": 0.0013971036346211857,
    "bootstrap__criterion__min_samples_leaf": 0.00013185643557166778,
    "bootstrap__criterion__min_samples_split": 5.751927669477323e-05,
    "bootstrap__criterion__strategy": 1.9009244580233623e-06,
    "bootstrap__max_features": 0.11658063021233,
    "bootstrap__max_features__min_samples_leaf": 0.022011873486943834,
    "bootstrap__max_features__min_samples_split": 0.006603507442596071,
    "bootstrap__max_features__strategy": 0.0006947218164026569,
    "bootstrap__min_samples_leaf": 0.005510507952176502,
    "bootstrap__min_samples_leaf__min_samples_split": 0.0017939094615407715,
    "bootstrap__min_samples_leaf__strategy": 0.0005582038199104832,
    "bootstrap__min_samples_split": 0.0018805690353590645,
    "bootstrap__min_samples_split__strategy": 3.547052292298346e-05,
    "bootstrap__strategy": 0.00011599265910552643,
    "criterion__max_features": 0.0017779315937375695,
    "criterion__max_features__min_samples_leaf": 0.0012227438035809501,
    "criterion__max_features__min_samples_split": 0.00018280813998282136,
    "criterion__max_features__strategy": 1.812883699209533e-05,
    "criterion__min_samples_leaf": 0.00018126518518568613,
    "criterion__min_samples_leaf__min_samples_split": 0.000101805653442184,
    "criterion__min_samples_leaf__strategy": 1.6575333367465316e-05,
    "criterion__min_samples_split": 7.625343544810865e-05,
    "criterion__min_samples_split__strategy": 4.285118274590185e-06,
    "criterion__strategy": 5.096292064908018e-06,
    "max_features__min_samples_leaf": 0.05007047283821531,
    "max_features__min_samples_leaf__min_samples_split": 0.006650340517413009,
    "max_features__min_samples_leaf__strategy": 0.0037882308595344493,
    "max_features__min_samples_split": 0.006411755179770625,
    "max_features__min_samples_split__strategy": 0.0003630035284355941,
    "max_features__strategy": 0.0024262280853112835,
    "min_samples_leaf__min_samples_split": 0.003693189940796778,
    "min_samples_leaf__min_samples_split__strategy": 0.0015323775454852357,
    "min_samples_leaf__strategy": 0.0009506409438945715,
    "min_samples_split__strategy": 0.0005894239928620552
}