{
    "algorithm": 0.0033610892865500452,
    "learning_rate": 0.09991271434692583,
    "max_depth": 0.37497315013986043,
    "n_estimators": 0.01792269363542444,
    "strategy": 0.0014052085264105421
}