{
    "bootstrap__criterion": 0.0030356525096632376,
    "bootstrap__criterion__max_features": 0.005388265681654153,
    "bootstrap__criterion__min_samples_leaf": 0.0020226197365956385,
    "bootstrap__criterion__min_samples_split": 0.001369990274946782,
    "bootstrap__criterion__strategy": 0.0002505594408126295,
    "bootstrap__max_features": 0.21173828933442795,
    "bootstrap__max_features__min_samples_leaf": 0.042949392242314643,
    "bootstrap__max_features__min_samples_split": 0.0111407469725791,
    "bootstrap__max_features__strategy": 0.007781955668808901,
    "bootstrap__min_samples_leaf": 0.011613088496988958,
    "bootstrap__min_samples_leaf__min_samples_split": 0.005482095071341298,
    "bootstrap__min_samples_leaf__strategy": 0.002163989140163045,
    "bootstrap__min_samples_split": 0.003315353253430647,
    "bootstrap__min_samples_split__strategy": 0.0008913672939108537,
    "bootstrap__strategy": 0.001353979334534588,
    "criterion__max_features": 0.007247866931854308,
    "criterion__max_features__min_samples_leaf": 0.007959517349205796,
    "criterion__max_features__min_samples_split": 0.0023724938410139614,
    "criterion__max_features__strategy": 0.001493224766684714,
    "criterion__min_samples_leaf": 0.003470200672892561,
    "criterion__min_samples_leaf__min_samples_split": 0.0022953852456171885,
    "criterion__min_samples_leaf__strategy": 0.0005713804312972182,
    "criterion__min_samples_split": 0.001307677264391122,
    "criterion__min_samples_split__strategy": 0.00016428503742614608,
    "criterion__strategy": 0.0005101323592097327,
    "max_features__min_samples_leaf": 0.06876223478248698,
    "max_features__min_samples_leaf__min_samples_split": 0.01470361368963561,
    "max_features__min_samples_leaf__strategy": 0.009384962933312634,
    "max_features__min_samples_split": 0.012396533768994623,
    "max_features__min_samples_split__strategy": 0.004427334533693882,
    "max_features__strategy": 0.009269517925543246,
    "min_samples_leaf__min_samples_split": 0.007841636849673723,
    "min_samples_leaf__min_samples_split__strategy": 0.0015317878434595671,
    "min_samples_leaf__strategy": 0.003129228221196776,
    "min_samples_split__strategy": 0.0013161452947288896
}