{
    "bootstrap": 0.17654000464201267,
    "criterion": 0.0049283045880327185,
    "max_features": 0.25985533094038216,
    "min_samples_leaf": 0.031743278800575495,
    "min_samples_split": 0.003956427173630328,
    "strategy": 0.0018058008724096803
}