{
    "bootstrap__criterion": 0.001077632503762054,
    "bootstrap__criterion__max_features": 0.0031760581354903505,
    "bootstrap__criterion__min_samples_leaf": 0.005029878524351758,
    "bootstrap__criterion__min_samples_split": 0.001231480838524814,
    "bootstrap__criterion__strategy": 0.0003380064435809112,
    "bootstrap__max_features": 0.17925941890340213,
    "bootstrap__max_features__min_samples_leaf": 0.044196004171320497,
    "bootstrap__max_features__min_samples_split": 0.013023645792693314,
    "bootstrap__max_features__strategy": 0.003822330899406565,
    "bootstrap__min_samples_leaf": 0.014385392022238666,
    "bootstrap__min_samples_leaf__min_samples_split": 0.010103440352297842,
    "bootstrap__min_samples_leaf__strategy": 0.0021039454225818916,
    "bootstrap__min_samples_split": 0.005008674684100899,
    "bootstrap__min_samples_split__strategy": 0.0011297660951357343,
    "bootstrap__strategy": 0.001084685721910754,
    "criterion__max_features": 0.004232768461639336,
    "criterion__max_features__min_samples_leaf": 0.004907049632902935,
    "criterion__max_features__min_samples_split": 0.0020463292687478993,
    "criterion__max_features__strategy": 0.0008678842369689728,
    "criterion__min_samples_leaf": 0.003257741062243927,
    "criterion__min_samples_leaf__min_samples_split": 0.0019197632047724547,
    "criterion__min_samples_leaf__strategy": 0.0007795261054798991,
    "criterion__min_samples_split": 0.0013007558606537009,
    "criterion__min_samples_split__strategy": 0.0003213720394088537,
    "criterion__strategy": 0.0002968099406000916,
    "max_features__min_samples_leaf": 0.05805897740567058,
    "max_features__min_samples_leaf__min_samples_split": 0.014581431838766715,
    "max_features__min_samples_leaf__strategy": 0.005598981284981524,
    "max_features__min_samples_split": 0.011520743815160626,
    "max_features__min_samples_split__strategy": 0.0020354289593562946,
    "max_features__strategy": 0.004530410770350516,
    "min_samples_leaf__min_samples_split": 0.011066120648519785,
    "min_samples_leaf__min_samples_split__strategy": 0.0014095967837795724,
    "min_samples_leaf__strategy": 0.0019251734649711944,
    "min_samples_split__strategy": 0.001168540798303116
}