{
    "bootstrap": 0.33426120709979135,
    "criterion": 0.003043326554817178,
    "max_features": 0.1577588884612613,
    "min_samples_leaf": 0.03733853423743193,
    "min_samples_split": 0.005295580948859603,
    "strategy": 0.0006473734537631184
}