{
    "bootstrap__criterion": 0.00022746911156973663,
    "bootstrap__criterion__max_features": 0.0005382333586640385,
    "bootstrap__criterion__min_samples_leaf": 0.0010333283146431414,
    "bootstrap__criterion__min_samples_split": 6.00423672382569e-05,
    "bootstrap__criterion__strategy": 0.00022925762728769105,
    "bootstrap__max_features": 0.01921317914063013,
    "bootstrap__max_features__min_samples_leaf": 0.010369713338466272,
    "bootstrap__max_features__min_samples_split": 0.0008910279198856663,
    "bootstrap__max_features__strategy": 0.005202252513987302,
    "bootstrap__min_samples_leaf": 0.005812992496235236,
    "bootstrap__min_samples_leaf__min_samples_split": 0.001845361479097567,
    "bootstrap__min_samples_leaf__strategy": 0.0026642880372582667,
    "bootstrap__min_samples_split": 0.0005382734874147155,
    "bootstrap__min_samples_split__strategy": 0.00038101981692104103,
    "bootstrap__strategy": 0.0023459537561816256,
    "criterion__max_features": 0.0010100361616628833,
    "criterion__max_features__min_samples_leaf": 0.0033424230353827494,
    "criterion__max_features__min_samples_split": 0.0007267236478043239,
    "criterion__max_features__strategy": 0.0010008075907082421,
    "criterion__min_samples_leaf": 0.004686734129140224,
    "criterion__min_samples_leaf__min_samples_split": 0.002442854661931977,
    "criterion__min_samples_leaf__strategy": 0.002158270114569833,
    "criterion__min_samples_split": 0.0006768007719154243,
    "criterion__min_samples_split__strategy": 0.0002886638104349962,
    "criterion__strategy": 0.0005771949956074711,
    "max_features__min_samples_leaf": 0.04091144333644303,
    "max_features__min_samples_leaf__min_samples_split": 0.013648603024260846,
    "max_features__min_samples_leaf__strategy": 0.0286835779574741,
    "max_features__min_samples_split": 0.005602846208437883,
    "max_features__min_samples_split__strategy": 0.0030085295290268946,
    "max_features__strategy": 0.012151999678499465,
    "min_samples_leaf__min_samples_split": 0.015399977977714082,
    "min_samples_leaf__min_samples_split__strategy": 0.0070508192029290935,
    "min_samples_leaf__strategy": 0.0215444922029832,
    "min_samples_split__strategy": 0.001859032236356039
}