{
    "bootstrap": 0.0011617251282486543,
    "criterion": 0.002518931025571916,
    "max_features": 0.07832923378208559,
    "min_samples_leaf": 0.636938155064626,
    "min_samples_split": 0.00359656967700395,
    "strategy": 0.02954764788725046
}