{
    "C": 0.1544247590161505,
    "gamma": 0.7103990055207923,
    "shrinking": 0.00016089769556851767,
    "strategy": 0.0010699876243782,
    "tol": 0.0072398868362932665
}