{
    "C": 0.033643905919326034,
    "coef0": 0.004805171081775977,
    "gamma": 0.77694168508662,
    "shrinking": 0.0001433206931621274,
    "strategy": 0.0007903697062563751,
    "tol": 0.004550583885206514
}