{
    "C__coef0": 0.004199044960687239,
    "C__coef0__gamma": 0.01743215641708218,
    "C__coef0__shrinking": 6.51051147639679e-05,
    "C__coef0__strategy": 0.0015612672474466802,
    "C__coef0__tol": 0.0009290770569004465,
    "C__gamma": 0.08175831983979442,
    "C__gamma__shrinking": 0.0004952077306574281,
    "C__gamma__strategy": 0.002826822452240064,
    "C__gamma__tol": 0.0069670209704344906,
    "C__shrinking": 0.00013277071956201828,
    "C__shrinking__strategy": 1.0169519108929864e-05,
    "C__shrinking__tol": 5.128419738170426e-05,
    "C__strategy": 0.0008910466044933753,
    "C__strategy__tol": 0.00018864975482811791,
    "C__tol": 0.002295480323440244,
    "coef0__gamma": 0.02193123970849531,
    "coef0__gamma__shrinking": 0.0003880926477499325,
    "coef0__gamma__strategy": 0.0026324543979880286,
    "coef0__gamma__tol": 0.0029579344386410997,
    "coef0__shrinking": 9.063979237493029e-05,
    "coef0__shrinking__strategy": 2.6517842235842908e-05,
    "coef0__shrinking__tol": 4.434122288300029e-05,
    "coef0__strategy": 0.0015961698860453414,
    "coef0__strategy__tol": 9.903903402572406e-05,
    "coef0__tol": 0.000985072647272451,
    "gamma__shrinking": 0.0007180175166067309,
    "gamma__shrinking__strategy": 0.00021290338238884668,
    "gamma__shrinking__tol": 0.0005092708953432414,
    "gamma__strategy": 0.006085075626953897,
    "gamma__strategy__tol": 0.0008289386530325859,
    "gamma__tol": 0.012402508458699337,
    "shrinking__strategy": 5.414405976049094e-05,
    "shrinking__strategy__tol": 3.278887885296822e-05,
    "shrinking__tol": 0.00024865207468461725,
    "strategy__tol": 0.00024723277043646897
}