{
    "algorithm": 0.0004596815473619089,
    "learning_rate": 0.029120431854767967,
    "max_depth": 0.849863565182177,
    "n_estimators": 0.01535413013473272,
    "strategy": 0.0010274599771956797
}