{
    "algorithm": 0.0013413719599943148,
    "learning_rate": 0.09453378298510881,
    "max_depth": 0.6593267657382142,
    "n_estimators": 0.03256732203535954,
    "strategy": 0.0005932074067341268
}