{
    "algorithm": 0.16863809698901946,
    "learning_rate": 0.09080281374127311,
    "max_depth": 0.5519528880304467,
    "n_estimators": 0.010618261554096127,
    "strategy": 0.00034636103556044066
}