{
    "C__coef0": 0.00024134409603674648,
    "C__coef0__gamma": 0.0007646516335358591,
    "C__coef0__shrinking": 4.531788269199807e-06,
    "C__coef0__strategy": 9.809609106863472e-06,
    "C__coef0__tol": 3.086692758433535e-05,
    "C__gamma": 0.004492979096932803,
    "C__gamma__shrinking": 0.00011327994232596388,
    "C__gamma__strategy": 0.0001529425899493121,
    "C__gamma__tol": 0.000708736283410475,
    "C__shrinking": 1.9917716157554963e-05,
    "C__shrinking__strategy": 6.045371298380429e-06,
    "C__shrinking__tol": 6.281829355446315e-06,
    "C__strategy": 9.04862470037403e-05,
    "C__strategy__tol": 2.278283541211774e-05,
    "C__tol": 0.00019545269892210166,
    "coef0__gamma": 0.005746554298352691,
    "coef0__gamma__shrinking": 0.00016059365387265621,
    "coef0__gamma__strategy": 0.0004563070340303571,
    "coef0__gamma__tol": 0.002611462143585644,
    "coef0__shrinking": 5.55190391588003e-05,
    "coef0__shrinking__strategy": 7.021129031494053e-06,
    "coef0__shrinking__tol": 2.8385271030006293e-05,
    "coef0__strategy": 0.0001455143551959076,
    "coef0__strategy__tol": 0.00010016350115781524,
    "coef0__tol": 0.0012944172532568586,
    "gamma__shrinking": 0.0029877133375369124,
    "gamma__shrinking__strategy": 0.00028558094103521754,
    "gamma__shrinking__tol": 0.0009199421457067921,
    "gamma__strategy": 0.0011649168256725956,
    "gamma__strategy__tol": 0.0004808934086106952,
    "gamma__tol": 0.008333930051224977,
    "shrinking__strategy": 6.957260918809028e-05,
    "shrinking__strategy__tol": 3.2289539957690825e-05,
    "shrinking__tol": 0.00016891264583184873,
    "strategy__tol": 0.00016865205775483654
}