{
    "C": 0.0015485861232256105,
    "coef0": 0.0006937324745619416,
    "gamma": 0.9621120030304215,
    "shrinking": 0.0002472256815097886,
    "strategy": 0.00024893524592090646,
    "tol": 0.002495170550574003
}