{
    "C": 0.04836544749561494,
    "gamma": 0.8973187223992745,
    "shrinking": 0.00017568266496506378,
    "strategy": 0.0006403005426303637,
    "tol": 0.005862198043555158
}