{
    "C__coef0": 0.0005956888993954024,
    "C__coef0__gamma": 0.0011371719300309613,
    "C__coef0__shrinking": 2.72271357086359e-06,
    "C__coef0__strategy": 1.637484232606078e-05,
    "C__coef0__tol": 0.00010062459797262682,
    "C__gamma": 0.011616049454414079,
    "C__gamma__shrinking": 0.00012819042934238833,
    "C__gamma__strategy": 0.0009136229840669739,
    "C__gamma__tol": 0.0047357076824075875,
    "C__shrinking": 1.687079400906159e-05,
    "C__shrinking__strategy": 4.026260007158346e-06,
    "C__shrinking__tol": 8.682704725536915e-06,
    "C__strategy": 0.00039119021550434584,
    "C__strategy__tol": 0.00010497705756081551,
    "C__tol": 0.006525288069346175,
    "coef0__gamma": 0.009491389819829998,
    "coef0__gamma__shrinking": 2.13020949224995e-05,
    "coef0__gamma__strategy": 9.03745782826499e-05,
    "coef0__gamma__tol": 0.0005586343789492978,
    "coef0__shrinking": 0.0006250973897537634,
    "coef0__shrinking__strategy": 0.0012614268139136504,
    "coef0__shrinking__tol": 3.94849156317616e-06,
    "coef0__strategy": 0.0015983513500080742,
    "coef0__strategy__tol": 7.196133858144299e-06,
    "coef0__tol": 0.0007291890533561926,
    "gamma__shrinking": 0.00015691909355552327,
    "gamma__shrinking__strategy": 7.756147199149566e-05,
    "gamma__shrinking__tol": 0.0004156491773676576,
    "gamma__strategy": 0.0030683244862282667,
    "gamma__strategy__tol": 0.00042495128630782274,
    "gamma__tol": 0.01255535119625838,
    "shrinking__strategy": 0.0001805417681669067,
    "shrinking__strategy__tol": 5.256754024665405e-05,
    "shrinking__tol": 0.00039569060866077345,
    "strategy__tol": 9.972374365718219e-05
}