{
    "C": 0.004682594072535468,
    "coef0": 0.00482342209244786,
    "gamma": 0.922381409884694,
    "shrinking": 0.0001477507350174999,
    "strategy": 0.00044852680086984373,
    "tol": 0.008883041824618975
}