{
    "C": 0.24807917873216548,
    "gamma": 0.2726448189658377,
    "shrinking": 0.00017763978198436907,
    "strategy": 0.0014083885055078927,
    "tol": 0.019891934598174853
}