{
    "algorithm": 0.11617972194995937,
    "learning_rate": 0.08008683397176874,
    "max_depth": 0.19926526251960236,
    "n_estimators": 0.014018871742474567,
    "strategy": 0.002386439918145246
}