{
    "C__coef0": 0.005490424658301671,
    "C__coef0__gamma": 0.005143847288470019,
    "C__coef0__shrinking": 2.8031994579030654e-05,
    "C__coef0__strategy": 0.0010678904332008898,
    "C__coef0__tol": 0.0014095506211859055,
    "C__gamma": 0.03927127299477873,
    "C__gamma__shrinking": 0.0005672047574406943,
    "C__gamma__strategy": 0.0025537085302454947,
    "C__gamma__tol": 0.002944688628416372,
    "C__shrinking": 0.0002916167048015593,
    "C__shrinking__strategy": 0.00011923183084682236,
    "C__shrinking__tol": 0.00015536987923865956,
    "C__strategy": 0.003861346650683169,
    "C__strategy__tol": 0.000989178325536742,
    "C__tol": 0.002697923004077096,
    "coef0__gamma": 0.005826505191169118,
    "coef0__gamma__shrinking": 2.8061017820687865e-05,
    "coef0__gamma__strategy": 0.00205805767249564,
    "coef0__gamma__tol": 0.001010978910665896,
    "coef0__shrinking": 1.9382219104049653e-05,
    "coef0__shrinking__strategy": 7.076644627625108e-06,
    "coef0__shrinking__tol": 6.337576663364552e-06,
    "coef0__strategy": 0.001713268639625652,
    "coef0__strategy__tol": 0.0008811787687130978,
    "coef0__tol": 0.0013432918876671637,
    "gamma__shrinking": 0.0008890604723447442,
    "gamma__shrinking__strategy": 5.0948456488206055e-05,
    "gamma__shrinking__tol": 5.352909142338977e-05,
    "gamma__strategy": 0.0018577935193956137,
    "gamma__strategy__tol": 0.0011469052916302427,
    "gamma__tol": 0.010930486953629566,
    "shrinking__strategy": 6.875800656660743e-05,
    "shrinking__strategy__tol": 3.0396338767068026e-05,
    "shrinking__tol": 0.00010571009523710831,
    "strategy__tol": 0.0009418181555303582
}