{
    "C": 0.023773879937427758,
    "coef0": 0.00424616386526229,
    "gamma": 0.8607326518341742,
    "shrinking": 0.0001767054191842139,
    "strategy": 0.0016132684656615863,
    "tol": 0.01023194960352876
}