{
    "bootstrap": 0.022078443081874503,
    "criterion": 0.009719880979386673,
    "max_features": 0.25933982793080435,
    "min_samples_leaf": 0.4892033389791749,
    "min_samples_split": 0.0019193447143288668,
    "strategy": 0.0003929320745494888
}