{
    "bootstrap__criterion": 0.00093739443183272,
    "bootstrap__criterion__max_features": 0.001808461169041875,
    "bootstrap__criterion__min_samples_leaf": 0.0013196723421787758,
    "bootstrap__criterion__min_samples_split": 0.00019633450109913207,
    "bootstrap__criterion__strategy": 4.802087864844346e-05,
    "bootstrap__max_features": 0.06037363606264595,
    "bootstrap__max_features__min_samples_leaf": 0.022337507699921322,
    "bootstrap__max_features__min_samples_split": 0.0010509816249132976,
    "bootstrap__max_features__strategy": 0.001353508608432163,
    "bootstrap__min_samples_leaf": 0.013161306155737296,
    "bootstrap__min_samples_leaf__min_samples_split": 0.002186849851526118,
    "bootstrap__min_samples_leaf__strategy": 0.0006205086022962558,
    "bootstrap__min_samples_split": 0.0005971712405404284,
    "bootstrap__min_samples_split__strategy": 5.015671899595152e-05,
    "bootstrap__strategy": 0.00020031899787018514,
    "criterion__max_features": 0.004913901925505559,
    "criterion__max_features__min_samples_leaf": 0.009594918017550302,
    "criterion__max_features__min_samples_split": 0.0008572859930285563,
    "criterion__max_features__strategy": 0.0004222171408253668,
    "criterion__min_samples_leaf": 0.0033685387362821784,
    "criterion__min_samples_leaf__min_samples_split": 0.0010243266298175183,
    "criterion__min_samples_leaf__strategy": 0.00034347862334073345,
    "criterion__min_samples_split": 0.0004132034053797914,
    "criterion__min_samples_split__strategy": 8.895786375250883e-05,
    "criterion__strategy": 0.0001274249980204187,
    "max_features__min_samples_leaf": 0.047397443598970135,
    "max_features__min_samples_leaf__min_samples_split": 0.00763584495909287,
    "max_features__min_samples_leaf__strategy": 0.005183467151118278,
    "max_features__min_samples_split": 0.003908273400304637,
    "max_features__min_samples_split__strategy": 0.0006724959145118399,
    "max_features__strategy": 0.0018664692771821491,
    "min_samples_leaf__min_samples_split": 0.004981736575000891,
    "min_samples_leaf__min_samples_split__strategy": 0.0005622857380764186,
    "min_samples_leaf__strategy": 0.0013729517423271011,
    "min_samples_split__strategy": 0.00017508578533993442
}