{
    "bootstrap__criterion": 0.0037301272091055,
    "bootstrap__criterion__max_features": 0.008921105760893916,
    "bootstrap__criterion__min_samples_leaf": 0.0024834354591275407,
    "bootstrap__criterion__min_samples_split": 0.00048240456986298154,
    "bootstrap__criterion__strategy": 0.0001943226642687043,
    "bootstrap__max_features": 0.20136126116851555,
    "bootstrap__max_features__min_samples_leaf": 0.0385492390897597,
    "bootstrap__max_features__min_samples_split": 0.007788109986230636,
    "bootstrap__max_features__strategy": 0.0018816123719627765,
    "bootstrap__min_samples_leaf": 0.03341938589945313,
    "bootstrap__min_samples_leaf__min_samples_split": 0.0013198777752335396,
    "bootstrap__min_samples_leaf__strategy": 0.0005584538441531426,
    "bootstrap__min_samples_split": 0.0010148877322599347,
    "bootstrap__min_samples_split__strategy": 0.00017738758031941014,
    "bootstrap__strategy": 0.0003033701782837432,
    "criterion__max_features": 0.015969064381158582,
    "criterion__max_features__min_samples_leaf": 0.010132669992214814,
    "criterion__max_features__min_samples_split": 0.004037733042937892,
    "criterion__max_features__strategy": 0.0019434666415394345,
    "criterion__min_samples_leaf": 0.0030764835701281093,
    "criterion__min_samples_leaf__min_samples_split": 0.0009463729572323008,
    "criterion__min_samples_leaf__strategy": 0.00025607367522476206,
    "criterion__min_samples_split": 0.0006859292975107407,
    "criterion__min_samples_split__strategy": 6.864520112706573e-05,
    "criterion__strategy": 0.000184022934736019,
    "max_features__min_samples_leaf": 0.07357776280800973,
    "max_features__min_samples_leaf__min_samples_split": 0.006401886821074945,
    "max_features__min_samples_leaf__strategy": 0.0022240778201528455,
    "max_features__min_samples_split": 0.00933163316402603,
    "max_features__min_samples_split__strategy": 0.0006263630517394153,
    "max_features__strategy": 0.005794677900173459,
    "min_samples_leaf__min_samples_split": 0.0019390228798421133,
    "min_samples_leaf__min_samples_split__strategy": 0.0002823042539248871,
    "min_samples_leaf__strategy": 0.0006314685463523038,
    "min_samples_split__strategy": 0.0002007442142388185
}