{
    "bootstrap": 0.07140801779090432,
    "criterion": 0.0054226665139388945,
    "max_features": 0.4434882308655205,
    "min_samples_leaf": 0.015252927670048128,
    "min_samples_split": 0.0017149140335142494,
    "strategy": 0.0004862525991582463
}