{
    "C": 0.026873208853820312,
    "gamma": 0.8760689965301167,
    "shrinking": 1.713235808053419e-05,
    "strategy": 0.00019836470503309741,
    "tol": 0.014332813296342952
}