{
    "bootstrap__criterion": 0.00032140828750442237,
    "bootstrap__criterion__max_features": 0.0006065061908677831,
    "bootstrap__criterion__min_samples_leaf": 0.002164427273056109,
    "bootstrap__criterion__min_samples_split": 0.0005388153850190988,
    "bootstrap__criterion__strategy": 1.5280530199739367e-05,
    "bootstrap__max_features": 0.01593981464407468,
    "bootstrap__max_features__min_samples_leaf": 0.019723690642322267,
    "bootstrap__max_features__min_samples_split": 0.003780837359824877,
    "bootstrap__max_features__strategy": 0.0006096131613935274,
    "bootstrap__min_samples_leaf": 0.02688387980712592,
    "bootstrap__min_samples_leaf__min_samples_split": 0.00351923368982782,
    "bootstrap__min_samples_leaf__strategy": 0.00042193918004746834,
    "bootstrap__min_samples_split": 0.0012755939366140816,
    "bootstrap__min_samples_split__strategy": 0.00011148420324181185,
    "bootstrap__strategy": 9.514511584045901e-05,
    "criterion__max_features": 0.002225783129428116,
    "criterion__max_features__min_samples_leaf": 0.004919788640851963,
    "criterion__max_features__min_samples_split": 0.0003079348651825746,
    "criterion__max_features__strategy": 0.0003017771028336204,
    "criterion__min_samples_leaf": 0.0022954957399816678,
    "criterion__min_samples_leaf__min_samples_split": 0.0019637012695892524,
    "criterion__min_samples_leaf__strategy": 0.00012680312045064602,
    "criterion__min_samples_split": 0.0006006741009550172,
    "criterion__min_samples_split__strategy": 2.434478359735604e-05,
    "criterion__strategy": 3.1715479717432475e-05,
    "max_features__min_samples_leaf": 0.08406630615761979,
    "max_features__min_samples_leaf__min_samples_split": 0.010788527844783334,
    "max_features__min_samples_leaf__strategy": 0.007210830902991755,
    "max_features__min_samples_split": 0.008824395796170238,
    "max_features__min_samples_split__strategy": 0.0010439002728210656,
    "max_features__strategy": 0.007654641468968804,
    "min_samples_leaf__min_samples_split": 0.005454042257250892,
    "min_samples_leaf__min_samples_split__strategy": 0.0004266609668360003,
    "min_samples_leaf__strategy": 0.0014643732914435884,
    "min_samples_split__strategy": 0.00020151389999236813
}