{
    "bootstrap": 0.04054963710652959,
    "criterion": 0.00048780952266718895,
    "max_features": 0.42741098719042436,
    "min_samples_leaf": 0.30115475174787265,
    "min_samples_split": 0.0021849445698875914,
    "strategy": 0.0003386654024550514
}