{
    "C": 0.03357457969263753,
    "gamma": 0.8415056679020743,
    "shrinking": 3.5381864774303536e-05,
    "strategy": 0.0003053509466417162,
    "tol": 0.007175068488808953
}