{
    "bootstrap": 0.016778846094785416,
    "criterion": 0.0006186625472491036,
    "max_features": 0.19300783622352188,
    "min_samples_leaf": 0.6875116815403324,
    "min_samples_split": 0.002754953599556202,
    "strategy": 0.0003194885419659647
}