{
    "bootstrap__criterion": 8.917236013828822e-05,
    "bootstrap__criterion__max_features": 0.00018994072815769168,
    "bootstrap__criterion__min_samples_leaf": 0.00030502670667530585,
    "bootstrap__criterion__min_samples_split": 2.695858411132983e-05,
    "bootstrap__criterion__strategy": 9.031427392059462e-06,
    "bootstrap__max_features": 0.009256196321550059,
    "bootstrap__max_features__min_samples_leaf": 0.008131038375094213,
    "bootstrap__max_features__min_samples_split": 0.000572275723828502,
    "bootstrap__max_features__strategy": 0.00017290918751369056,
    "bootstrap__min_samples_leaf": 0.005534523497347066,
    "bootstrap__min_samples_leaf__min_samples_split": 0.0012914357296872586,
    "bootstrap__min_samples_leaf__strategy": 0.00036743441536157096,
    "bootstrap__min_samples_split": 0.00024069859287546022,
    "bootstrap__min_samples_split__strategy": 2.023937928016448e-05,
    "bootstrap__strategy": 0.00013441766277156475,
    "criterion__max_features": 0.0006585460668249721,
    "criterion__max_features__min_samples_leaf": 0.0025462407549932675,
    "criterion__max_features__min_samples_split": 0.0002181511948622446,
    "criterion__max_features__strategy": 0.00010628936922635394,
    "criterion__min_samples_leaf": 0.0008850920647424099,
    "criterion__min_samples_leaf__min_samples_split": 0.00036812037657760937,
    "criterion__min_samples_leaf__strategy": 0.00018989062907209846,
    "criterion__min_samples_split": 8.29030581034544e-05,
    "criterion__min_samples_split__strategy": 1.4481948349930648e-05,
    "criterion__strategy": 2.9650116565360055e-05,
    "max_features__min_samples_leaf": 0.030456454702389557,
    "max_features__min_samples_leaf__min_samples_split": 0.010554122880494333,
    "max_features__min_samples_leaf__strategy": 0.0037133799460794953,
    "max_features__min_samples_split": 0.002577581300414479,
    "max_features__min_samples_split__strategy": 0.0004375866747588176,
    "max_features__strategy": 0.0010139247457255504,
    "min_samples_leaf__min_samples_split": 0.009553647505261482,
    "min_samples_leaf__min_samples_split__strategy": 0.0006076471036877656,
    "min_samples_leaf__strategy": 0.0010842780403739068,
    "min_samples_split__strategy": 0.0001454758712031748
}