{
    "C": 0.31486666103927174,
    "gamma": 0.25182763071340347,
    "shrinking": 0.0009870168563952482,
    "strategy": 2.1021380847871344e-05,
    "tol": 0.006443070435405157
}