{
    "algorithm": 0.024635130964249734,
    "learning_rate": 0.04680719093531584,
    "max_depth": 0.7679526800472021,
    "n_estimators": 0.01298772996823009,
    "strategy": 0.0003878355442633468
}