{
    "C__coef0": 0.001083988841849415,
    "C__coef0__gamma": 0.002157439838893979,
    "C__coef0__shrinking": 7.156033867211197e-06,
    "C__coef0__strategy": 1.633365451499542e-05,
    "C__coef0__tol": 0.0005465890877204829,
    "C__gamma": 0.031502646828571956,
    "C__gamma__shrinking": 0.00014463563275194361,
    "C__gamma__strategy": 0.00040823310150537185,
    "C__gamma__tol": 0.002391311278938473,
    "C__shrinking": 4.601033607794835e-05,
    "C__shrinking__strategy": 1.3769590724832233e-06,
    "C__shrinking__tol": 1.0778512048499438e-05,
    "C__strategy": 5.7095614944291324e-05,
    "C__strategy__tol": 1.1303899505518949e-05,
    "C__tol": 0.002414680727851188,
    "coef0__gamma": 0.004813365189984098,
    "coef0__gamma__shrinking": 3.946552679869275e-05,
    "coef0__gamma__strategy": 0.00015661923455909932,
    "coef0__gamma__tol": 0.0015357413524613034,
    "coef0__shrinking": 7.502413151156374e-06,
    "coef0__shrinking__strategy": 3.2081333896277265e-07,
    "coef0__shrinking__tol": 1.5196526771256262e-06,
    "coef0__strategy": 8.345502016095851e-05,
    "coef0__strategy__tol": 7.5365368172406605e-06,
    "coef0__tol": 0.0029686214520408677,
    "gamma__shrinking": 0.00017001385456901887,
    "gamma__shrinking__strategy": 1.9034752213078956e-05,
    "gamma__shrinking__tol": 4.449665448109236e-05,
    "gamma__strategy": 0.0007061065889193709,
    "gamma__strategy__tol": 0.00016628139432683584,
    "gamma__tol": 0.01333161568591077,
    "shrinking__strategy": 1.6109951467476195e-06,
    "shrinking__strategy__tol": 3.983222142421637e-07,
    "shrinking__tol": 1.0937713175112641e-05,
    "strategy__tol": 2.8161789480064293e-05
}