{
    "C": 0.017722897879531428,
    "coef0": 0.0021823920182426756,
    "gamma": 0.9091596925717762,
    "shrinking": 2.4318766176399922e-05,
    "strategy": 9.446861794323725e-05,
    "tol": 0.0051289555031079
}