{
    "C__coef0": 0.04788419915415472,
    "C__coef0__gamma": 0.052360352943363386,
    "C__coef0__shrinking": 0.0005296523199802873,
    "C__coef0__strategy": 0.007604508179931961,
    "C__coef0__tol": 0.0067938146688307395,
    "C__gamma": 0.11871639354356156,
    "C__gamma__shrinking": 0.001243604136020992,
    "C__gamma__strategy": 0.010286438030997581,
    "C__gamma__tol": 0.006811582575486436,
    "C__shrinking": 0.0016099759384290268,
    "C__shrinking__strategy": 0.0005340249602966557,
    "C__shrinking__tol": 0.00019599122320474761,
    "C__strategy": 0.009968029285753601,
    "C__strategy__tol": 0.0008706501779280479,
    "C__tol": 0.00647792953208314,
    "coef0__gamma": 0.1046362150681926,
    "coef0__gamma__shrinking": 0.0009190296237155844,
    "coef0__gamma__strategy": 0.015056480804114196,
    "coef0__gamma__tol": 0.01005061543886174,
    "coef0__shrinking": 0.0007198950379041554,
    "coef0__shrinking__strategy": 0.0012070401499385194,
    "coef0__shrinking__tol": 0.0005327333684335845,
    "coef0__strategy": 0.009592673365338821,
    "coef0__strategy__tol": 0.0020643338337360817,
    "coef0__tol": 0.00916108157755816,
    "gamma__shrinking": 0.001201342265695229,
    "gamma__shrinking__strategy": 0.0009969166664013478,
    "gamma__shrinking__tol": 0.00040051821458295285,
    "gamma__strategy": 0.014847545350063437,
    "gamma__strategy__tol": 0.0026821851132135185,
    "gamma__tol": 0.007763624749232386,
    "shrinking__strategy": 0.001239611127780588,
    "shrinking__strategy__tol": 0.00019300930441879145,
    "shrinking__tol": 0.00047027660502954594,
    "strategy__tol": 0.002604326957567722
}