{
    "C": 0.05856594277492885,
    "coef0": 0.12427431450001152,
    "gamma": 0.312198127440515,
    "shrinking": 0.0013030677495585816,
    "strategy": 0.014060442054247117,
    "tol": 0.007584023643086227
}