{
    "C__coef0": 0.0020517828977516302,
    "C__coef0__gamma": 0.005820540475065111,
    "C__coef0__shrinking": 1.1522163671596596e-05,
    "C__coef0__strategy": 0.00011255540701258148,
    "C__coef0__tol": 0.0006693854173095998,
    "C__gamma": 0.055461668682073584,
    "C__gamma__shrinking": 0.0024784000767811443,
    "C__gamma__strategy": 0.004426840374411267,
    "C__gamma__tol": 0.014397045902536128,
    "C__shrinking": 0.0005945129537584376,
    "C__shrinking__strategy": 3.6221543265634645e-06,
    "C__shrinking__tol": 0.00026531257449110245,
    "C__strategy": 0.0008956791298935821,
    "C__strategy__tol": 0.00036453504065699603,
    "C__tol": 0.007716017804373884,
    "coef0__gamma": 0.018546212394039197,
    "coef0__gamma__shrinking": 0.0005667606385556803,
    "coef0__gamma__strategy": 0.0005881123463377916,
    "coef0__gamma__tol": 0.004368941749480784,
    "coef0__shrinking": 0.00020529835890978408,
    "coef0__shrinking__strategy": 1.8615070827011828e-05,
    "coef0__shrinking__tol": 0.0002007567625725822,
    "coef0__strategy": 0.00017238347691930973,
    "coef0__strategy__tol": 7.019763926284159e-05,
    "coef0__tol": 0.00347472688352278,
    "gamma__shrinking": 0.00263863394290157,
    "gamma__shrinking__strategy": 8.881787121221146e-05,
    "gamma__shrinking__tol": 0.0019617882955725134,
    "gamma__strategy": 0.004502655428776547,
    "gamma__strategy__tol": 0.0042351530561940895,
    "gamma__tol": 0.02528146422158945,
    "shrinking__strategy": 2.8294947412820393e-05,
    "shrinking__strategy__tol": 4.033015098968721e-05,
    "shrinking__tol": 0.000578733157077644,
    "strategy__tol": 0.0022418428197002616
}