{
    "C": 0.017653081639309814,
    "coef0": 0.012853419733068827,
    "gamma": 0.7906246583469065,
    "shrinking": 0.0005903263427350033,
    "strategy": 0.0005096353854970208,
    "tol": 0.008357082572307656
}