{
    "C": 0.06149410888550927,
    "gamma": 0.7489798908880784,
    "shrinking": 0.0009901234662693487,
    "strategy": 0.001321483356849891,
    "tol": 0.008488726594598393
}