{
    "C": 0.010758327818788924,
    "gamma": 0.9326674027355717,
    "shrinking": 0.00015665498613290764,
    "strategy": 0.00010392593014962562,
    "tol": 0.0038187486805529524
}