{
    "algorithm": 0.0011128805886789158,
    "learning_rate": 0.05285072426196323,
    "max_depth": 0.789711672401762,
    "n_estimators": 0.006846405148763221,
    "strategy": 0.00037240998663819473
}