{
    "algorithm__learning_rate": 0.004968468750962053,
    "algorithm__learning_rate__max_depth": 0.005789855897797763,
    "algorithm__learning_rate__n_estimators": 0.008229647667156208,
    "algorithm__learning_rate__strategy": 0.00018791132405543897,
    "algorithm__max_depth": 0.00435362297822095,
    "algorithm__max_depth__n_estimators": 0.002061190159387205,
    "algorithm__max_depth__strategy": 0.00019664095580345406,
    "algorithm__n_estimators": 0.002400594900460973,
    "algorithm__n_estimators__strategy": 1.905035104452879e-05,
    "algorithm__strategy": 4.0246614349045886e-05,
    "learning_rate__max_depth": 0.06753814594899143,
    "learning_rate__max_depth__n_estimators": 0.013233427054643816,
    "learning_rate__max_depth__strategy": 0.00588427172585406,
    "learning_rate__n_estimators": 0.01114009005070692,
    "learning_rate__n_estimators__strategy": 0.00043013460674646425,
    "learning_rate__strategy": 0.00343337195452918,
    "max_depth__n_estimators": 0.01100197681116644,
    "max_depth__n_estimators__strategy": 0.0007832330832133127,
    "max_depth__strategy": 0.0016258534933621227,
    "n_estimators__strategy": 0.00012122504422169031
}