{
    "bootstrap__criterion": 0.0005715553603538662,
    "bootstrap__criterion__max_features": 0.0008514642603107067,
    "bootstrap__criterion__min_samples_leaf": 0.0019281197739678332,
    "bootstrap__criterion__min_samples_split": 0.00015091378072082254,
    "bootstrap__criterion__strategy": 2.8383492765246673e-05,
    "bootstrap__max_features": 0.02983148281223988,
    "bootstrap__max_features__min_samples_leaf": 0.014618219729074206,
    "bootstrap__max_features__min_samples_split": 0.0009999661159156232,
    "bootstrap__max_features__strategy": 0.0005421630454595786,
    "bootstrap__min_samples_leaf": 0.0076269153458118355,
    "bootstrap__min_samples_leaf__min_samples_split": 0.00402298531095948,
    "bootstrap__min_samples_leaf__strategy": 0.0014022684189186445,
    "bootstrap__min_samples_split": 0.0007614672148371425,
    "bootstrap__min_samples_split__strategy": 0.00010366878253279086,
    "bootstrap__strategy": 0.00039859088326523265,
    "criterion__max_features": 0.0013588933286809712,
    "criterion__max_features__min_samples_leaf": 0.003547174887446075,
    "criterion__max_features__min_samples_split": 0.00017264841961844727,
    "criterion__max_features__strategy": 3.0912396698162944e-05,
    "criterion__min_samples_leaf": 0.002865761006897838,
    "criterion__min_samples_leaf__min_samples_split": 0.0007476567463822179,
    "criterion__min_samples_leaf__strategy": 0.00019875846876087923,
    "criterion__min_samples_split": 0.00013199769422156523,
    "criterion__min_samples_split__strategy": 1.4954342345806725e-05,
    "criterion__strategy": 2.508139521445994e-05,
    "max_features__min_samples_leaf": 0.025888183207149584,
    "max_features__min_samples_leaf__min_samples_split": 0.006640048161608826,
    "max_features__min_samples_leaf__strategy": 0.002697292353942088,
    "max_features__min_samples_split": 0.0020028058318419454,
    "max_features__min_samples_split__strategy": 0.00013196957041489263,
    "max_features__strategy": 0.0008300924888851349,
    "min_samples_leaf__min_samples_split": 0.014133905786312677,
    "min_samples_leaf__min_samples_split__strategy": 0.0007025965964565796,
    "min_samples_leaf__strategy": 0.0020010332028616608,
    "min_samples_split__strategy": 0.00017127621523524309
}