{
    "bootstrap": 0.04810334226187174,
    "criterion": 0.007248657035230161,
    "max_features": 0.13330080673881506,
    "min_samples_leaf": 0.6692498207862665,
    "min_samples_split": 0.0036962567093002142,
    "strategy": 0.0002742264205539036
}