{
    "bootstrap": 0.0014043800850583755,
    "criterion": 0.002228185115042698,
    "max_features": 0.10926024922703229,
    "min_samples_leaf": 0.6434637806056709,
    "min_samples_split": 0.004258280864011709,
    "strategy": 0.0002626884069469263
}