{
    "bootstrap__criterion": 0.0007775276531677127,
    "bootstrap__criterion__max_features": 0.004510761463114327,
    "bootstrap__criterion__min_samples_leaf": 0.0006559273057442933,
    "bootstrap__criterion__min_samples_split": 0.00018284195231517593,
    "bootstrap__criterion__strategy": 2.3622938828706452e-05,
    "bootstrap__max_features": 0.03688852053821437,
    "bootstrap__max_features__min_samples_leaf": 0.01936108590396654,
    "bootstrap__max_features__min_samples_split": 0.0014778260631184929,
    "bootstrap__max_features__strategy": 0.0004420302141927813,
    "bootstrap__min_samples_leaf": 0.007119990134836995,
    "bootstrap__min_samples_leaf__min_samples_split": 0.00244290815766157,
    "bootstrap__min_samples_leaf__strategy": 0.0006701168220337955,
    "bootstrap__min_samples_split": 0.0005537742342414127,
    "bootstrap__min_samples_split__strategy": 5.147556638229766e-05,
    "bootstrap__strategy": 0.0001276903100726251,
    "criterion__max_features": 0.008570351631561224,
    "criterion__max_features__min_samples_leaf": 0.008897415797012698,
    "criterion__max_features__min_samples_split": 0.0015472576515904186,
    "criterion__max_features__strategy": 0.00032957882464699573,
    "criterion__min_samples_leaf": 0.0022809062266304636,
    "criterion__min_samples_leaf__min_samples_split": 0.0014063470016161279,
    "criterion__min_samples_leaf__strategy": 0.0005104689808395992,
    "criterion__min_samples_split": 0.0004458315204181034,
    "criterion__min_samples_split__strategy": 2.5934061730212548e-05,
    "criterion__strategy": 9.355896146813958e-05,
    "max_features__min_samples_leaf": 0.06594890707958845,
    "max_features__min_samples_leaf__min_samples_split": 0.020191044914303354,
    "max_features__min_samples_leaf__strategy": 0.004270729084928971,
    "max_features__min_samples_split": 0.00636650245740299,
    "max_features__min_samples_split__strategy": 0.0005582583220933614,
    "max_features__strategy": 0.0011669153262676753,
    "min_samples_leaf__min_samples_split": 0.01777876434723268,
    "min_samples_leaf__min_samples_split__strategy": 0.002534475267586241,
    "min_samples_leaf__strategy": 0.002869309932579117,
    "min_samples_split__strategy": 0.0004909742175692421
}