{
    "C": 0.12181913665240886,
    "gamma": 0.6221910422992063,
    "shrinking": 0.00036381208344808604,
    "strategy": 0.0005046285613555358,
    "tol": 0.024629824692719668
}