{
    "C": 0.00931903976859233,
    "coef0": 0.018507371622430994,
    "gamma": 0.8824784400229025,
    "shrinking": 8.632362462694172e-05,
    "strategy": 0.0002822714534533795,
    "tol": 0.0043956389050718615
}