{
    "C__coef0": 0.0045243820275376635,
    "C__coef0__gamma": 0.009153269654416901,
    "C__coef0__shrinking": 3.3555429684149264e-05,
    "C__coef0__strategy": 0.00023966147358836835,
    "C__coef0__tol": 0.0005225379601204033,
    "C__gamma": 0.01791731488891568,
    "C__gamma__shrinking": 0.00042991947265080523,
    "C__gamma__strategy": 0.0003158833335500758,
    "C__gamma__tol": 0.0022797538304963234,
    "C__shrinking": 0.00019129687628449834,
    "C__shrinking__strategy": 5.94909177333903e-06,
    "C__shrinking__tol": 6.512064341542717e-05,
    "C__strategy": 0.00014801582352315737,
    "C__strategy__tol": 3.467608460504864e-05,
    "C__tol": 0.001086261265308152,
    "coef0__gamma": 0.030387720866405066,
    "coef0__gamma__shrinking": 0.0001390435759451551,
    "coef0__gamma__strategy": 0.0008761586024625955,
    "coef0__gamma__tol": 0.0019196233471165287,
    "coef0__shrinking": 4.2807212928515435e-05,
    "coef0__shrinking__strategy": 7.860728353440544e-06,
    "coef0__shrinking__tol": 1.851379204292577e-05,
    "coef0__strategy": 0.0006372755396873987,
    "coef0__strategy__tol": 8.95117384807656e-05,
    "coef0__tol": 0.0007335655923731005,
    "gamma__shrinking": 0.00022148384643102197,
    "gamma__shrinking__strategy": 6.23120768305542e-06,
    "gamma__shrinking__tol": 8.771541718638476e-05,
    "gamma__strategy": 0.0026775786591403186,
    "gamma__strategy__tol": 0.00016681584997150015,
    "gamma__tol": 0.00801954984453537,
    "shrinking__strategy": 4.822707459167287e-06,
    "shrinking__strategy__tol": 1.2890956114646216e-07,
    "shrinking__tol": 3.499553383506937e-05,
    "strategy__tol": 0.00014117706944491177
}