{
    "C": 0.018871361454566752,
    "gamma": 0.8928027700164367,
    "shrinking": 0.0009785505399620058,
    "strategy": 0.0070162734282967765,
    "tol": 0.001998586810152518
}