{
    "C": 0.026979456244519636,
    "coef0": 0.05576849418650848,
    "gamma": 0.4367948409243751,
    "shrinking": 0.0006657185576612903,
    "strategy": 0.0030958245145040445,
    "tol": 0.02519995183247429
}