{
    "C__coef0": 0.0004311036124181322,
    "C__coef0__gamma": 0.0073749998132627,
    "C__coef0__shrinking": 1.9804753968877568e-05,
    "C__coef0__strategy": 8.83604139450822e-05,
    "C__coef0__tol": 0.00022269698780368746,
    "C__gamma": 0.11784438385678048,
    "C__gamma__shrinking": 0.0024678152679822683,
    "C__gamma__strategy": 0.02399145567801122,
    "C__gamma__tol": 0.02861310090547379,
    "C__shrinking": 0.00013361428787752553,
    "C__shrinking__strategy": 0.00010521089236027216,
    "C__shrinking__tol": 4.7099278207216044e-06,
    "C__strategy": 0.0045084306635966645,
    "C__strategy__tol": 9.173154740404685e-05,
    "C__tol": 0.013374675062634588,
    "coef0__gamma": 0.06866292045410388,
    "coef0__gamma__shrinking": 0.006296259205998694,
    "coef0__gamma__strategy": 0.012403293371005406,
    "coef0__gamma__tol": 0.014002764684571005,
    "coef0__shrinking": 0.0005066333870595827,
    "coef0__shrinking__strategy": 9.966429677493163e-07,
    "coef0__shrinking__tol": 0.0008156182056192514,
    "coef0__strategy": 0.0007186014834416848,
    "coef0__strategy__tol": 6.09526072151631e-05,
    "coef0__tol": 0.01597297730357628,
    "gamma__shrinking": 0.005237282721698264,
    "gamma__shrinking__strategy": 0.0027061033422853473,
    "gamma__shrinking__tol": 0.0008227470364695899,
    "gamma__strategy": 0.04329798543514127,
    "gamma__strategy__tol": 0.005612161573183616,
    "gamma__tol": 0.06288073948993647,
    "shrinking__strategy": 0.0001586891111986879,
    "shrinking__strategy__tol": 5.629621398229364e-06,
    "shrinking__tol": 0.0027228022346605096,
    "strategy__tol": 0.000320649976160544
}