{
    "algorithm": 0.1888227493943853,
    "learning_rate": 0.10448866099714196,
    "max_depth": 0.44465951990985597,
    "n_estimators": 0.007118139888547648,
    "strategy": 0.0005953830724026794
}