{
    "C__coef0": 0.013048288790816844,
    "C__coef0__gamma": 0.011890327638569592,
    "C__coef0__shrinking": 0.00019805753859322532,
    "C__coef0__strategy": 0.00042887326105451565,
    "C__coef0__tol": 0.001663082827714307,
    "C__gamma": 0.07532048042781125,
    "C__gamma__shrinking": 0.00047280795376810833,
    "C__gamma__strategy": 0.0006365900169325668,
    "C__gamma__tol": 0.003311243615103918,
    "C__shrinking": 0.00020975489497524098,
    "C__shrinking__strategy": 1.6896766054571742e-05,
    "C__shrinking__tol": 0.0001243716657338234,
    "C__strategy": 0.0004291202681193056,
    "C__strategy__tol": 0.0001810236840906333,
    "C__tol": 0.0033557946664120176,
    "coef0__gamma": 0.025171733950742237,
    "coef0__gamma__shrinking": 0.0003845431127609267,
    "coef0__gamma__strategy": 0.0010893202086382303,
    "coef0__gamma__tol": 0.002289191688340961,
    "coef0__shrinking": 0.0001513111953455066,
    "coef0__shrinking__strategy": 6.129889495022243e-06,
    "coef0__shrinking__tol": 6.974145260080526e-05,
    "coef0__strategy": 0.0006576344206579635,
    "coef0__strategy__tol": 0.001015699348752046,
    "coef0__tol": 0.0011669443653252762,
    "gamma__shrinking": 0.0004173953932358771,
    "gamma__shrinking__strategy": 1.8481003990741536e-05,
    "gamma__shrinking__tol": 6.951891889158193e-05,
    "gamma__strategy": 0.0008102835807199908,
    "gamma__strategy__tol": 0.0003354411582427992,
    "gamma__tol": 0.0036889521079456196,
    "shrinking__strategy": 1.0383447668430414e-05,
    "shrinking__strategy__tol": 6.449332442036307e-06,
    "shrinking__tol": 5.2167545667208565e-05,
    "strategy__tol": 0.00047391056741341586
}