{
    "C": 0.05570187417408859,
    "coef0": 0.022209326999074578,
    "gamma": 0.7671143996458765,
    "shrinking": 8.907508748262452e-05,
    "strategy": 0.0002894391946676218,
    "tol": 0.0015510694763761772
}