{
    "C": 0.030264208984098845,
    "gamma": 0.6472468253714092,
    "shrinking": 0.0006256441962431865,
    "strategy": 0.001229756387754391,
    "tol": 0.02466358774281238
}