{
    "C__coef0": 0.0031018045180381294,
    "C__coef0__gamma": 0.004385604357419498,
    "C__coef0__shrinking": 0.00035764892990174406,
    "C__coef0__strategy": 0.004231244556910962,
    "C__coef0__tol": 0.00471947290085508,
    "C__gamma": 0.03687016466853832,
    "C__gamma__shrinking": 0.0011978358998835945,
    "C__gamma__strategy": 0.0026143172891267322,
    "C__gamma__tol": 0.013614052116647051,
    "C__shrinking": 0.0003752407557333088,
    "C__shrinking__strategy": 3.0402643339747914e-06,
    "C__shrinking__tol": 0.00027725120399172895,
    "C__strategy": 0.0011417331225327663,
    "C__strategy__tol": 0.00023929956764671967,
    "C__tol": 0.015851285122564136,
    "coef0__gamma": 0.03862780155021861,
    "coef0__gamma__shrinking": 0.001390356613893933,
    "coef0__gamma__strategy": 0.005381874302893502,
    "coef0__gamma__tol": 0.014562266219440439,
    "coef0__shrinking": 0.0003783050218283824,
    "coef0__shrinking__strategy": 3.7468664310126576e-06,
    "coef0__shrinking__tol": 0.0004799620187259275,
    "coef0__strategy": 0.005317021861162783,
    "coef0__strategy__tol": 0.0004300798491337181,
    "coef0__tol": 0.023381976999904647,
    "gamma__shrinking": 0.0055547416822164285,
    "gamma__shrinking__strategy": 4.584809188532338e-05,
    "gamma__shrinking__tol": 0.0015544706510621092,
    "gamma__strategy": 0.022989825880694353,
    "gamma__strategy__tol": 0.004857131458208916,
    "gamma__tol": 0.03842537310822702,
    "shrinking__strategy": 1.9967480601428955e-05,
    "shrinking__strategy__tol": 1.8350485272437995e-06,
    "shrinking__tol": 0.0005581906944358041,
    "strategy__tol": 0.0009542377614448344
}