{
    "C": 0.00929762950260038,
    "coef0": 0.031090896483043164,
    "gamma": 0.6659311384259543,
    "shrinking": 0.0005673840824332269,
    "strategy": 0.002731923071395322,
    "tol": 0.026795929051450004
}