{
    "C": 0.24399224434921965,
    "gamma": 0.5605222229476361,
    "shrinking": 0.00044773048550744883,
    "strategy": 0.0009605253071545858,
    "tol": 0.004811144692576092
}