{
    "C__coef0": 0.004635811529385768,
    "C__coef0__gamma": 0.011190015893341204,
    "C__coef0__shrinking": 0.00015610095266060378,
    "C__coef0__strategy": 0.0005128200641378519,
    "C__coef0__tol": 0.0020640473204306484,
    "C__gamma": 0.12391890997118771,
    "C__gamma__shrinking": 0.0009527348563568715,
    "C__gamma__strategy": 0.003912726530439767,
    "C__gamma__tol": 0.005405983224393812,
    "C__shrinking": 0.0003008171896159079,
    "C__shrinking__strategy": 2.7505928624166863e-05,
    "C__shrinking__tol": 4.518699782508819e-05,
    "C__strategy": 0.00306894607601689,
    "C__strategy__tol": 0.0009287474446701,
    "C__tol": 0.00437037958526728,
    "coef0__gamma": 0.014442716228260877,
    "coef0__gamma__shrinking": 0.0007993515409412898,
    "coef0__gamma__strategy": 0.0017086005895110624,
    "coef0__gamma__tol": 0.0027381791768721023,
    "coef0__shrinking": 0.00017522079224258666,
    "coef0__shrinking__strategy": 4.357325506403422e-05,
    "coef0__shrinking__tol": 2.5849544644511446e-05,
    "coef0__strategy": 0.0009318395546161695,
    "coef0__strategy__tol": 0.0007651596558721531,
    "coef0__tol": 0.0040409594661823586,
    "gamma__shrinking": 0.0011434011642358006,
    "gamma__shrinking__strategy": 0.0003220905575805682,
    "gamma__shrinking__tol": 0.000215755105619205,
    "gamma__strategy": 0.0036427221365466778,
    "gamma__strategy__tol": 0.0003405175897252255,
    "gamma__tol": 0.005994109937339322,
    "shrinking__strategy": 0.0001310611491827313,
    "shrinking__strategy__tol": 6.528293000612057e-07,
    "shrinking__tol": 8.223728048507937e-05,
    "strategy__tol": 0.0003655888317295186
}