{
    "C": 0.1187895906433664,
    "coef0": 0.0030970241566701737,
    "gamma": 0.6688634638055984,
    "shrinking": 0.00012831570393948715,
    "strategy": 0.0010686459180797856,
    "tol": 0.004106879232844994
}