{
    "C__coef0": 0.04004128967681167,
    "C__coef0__gamma": 0.005096577317243681,
    "C__coef0__shrinking": 0.0011001505482004246,
    "C__coef0__strategy": 1.9328003208829783e-06,
    "C__coef0__tol": 0.0003264290032839179,
    "C__gamma": 0.07761238755495724,
    "C__gamma__shrinking": 0.0013579381503247157,
    "C__gamma__strategy": 0.013272294910616093,
    "C__gamma__tol": 0.022025151338360374,
    "C__shrinking": 0.0001910941977591096,
    "C__shrinking__strategy": 8.888161814185613e-09,
    "C__shrinking__tol": 5.4191408277448616e-08,
    "C__strategy": 0.0013646040528381585,
    "C__strategy__tol": 0.0005169320646553482,
    "C__tol": 0.0658438780736238,
    "coef0__gamma": 0.16745681098932375,
    "coef0__gamma__shrinking": 0.0002141539934144565,
    "coef0__gamma__strategy": 0.0005439429033622448,
    "coef0__gamma__tol": 0.008802677283641744,
    "coef0__shrinking": 0.03697086750529315,
    "coef0__shrinking__strategy": 0.01862086851164081,
    "coef0__shrinking__tol": 8.558282076076562e-09,
    "coef0__strategy": 0.01859500411898062,
    "coef0__strategy__tol": 9.426305702303628e-06,
    "coef0__tol": 0.024653314093187745,
    "gamma__shrinking": 0.00017490370193712964,
    "gamma__shrinking__strategy": 3.0791877641999504e-05,
    "gamma__shrinking__tol": 1.2695755208583237e-06,
    "gamma__strategy": 0.0030982930287329095,
    "gamma__strategy__tol": 0.006312842003868821,
    "gamma__tol": 0.05026645782550647,
    "shrinking__strategy": 0.0013784950623293747,
    "shrinking__strategy__tol": 1.6375409604696411e-09,
    "shrinking__tol": 9.628181429910398e-08,
    "strategy__tol": 0.008654258323851693
}