{
    "C": 0.1465567579926019,
    "coef0": 0.09265192966918057,
    "gamma": 0.12201120493197924,
    "shrinking": 0.0020849594950631068,
    "strategy": 0.0020928862780172754,
    "tol": 0.05852646278711146
}