{
    "algorithm": 0.003408121563758847,
    "learning_rate": 0.16689350326117613,
    "max_depth": 0.2705375902077129,
    "n_estimators": 0.014195747019280742,
    "strategy": 0.0009017374401046206
}