{
    "algorithm": 0.14136662308965686,
    "learning_rate": 0.109435398736381,
    "max_depth": 0.10280998250279748,
    "n_estimators": 0.018606199106855292,
    "strategy": 0.0037888731525847676
}