{
    "C": 0.12494413629803175,
    "gamma": 0.7116317043731747,
    "shrinking": 0.00013803600186736866,
    "strategy": 0.0004350022105069221,
    "tol": 0.008720322410109074
}