{
    "algorithm": 0.07351443270759975,
    "learning_rate": 0.18749583114466295,
    "max_depth": 0.1147929647462242,
    "n_estimators": 0.019861993571104006,
    "strategy": 0.0020258830547014374
}