{
    "bootstrap__criterion": 0.0037027552312269216,
    "bootstrap__criterion__max_features": 0.008756208374767066,
    "bootstrap__criterion__min_samples_leaf": 0.004760045702164824,
    "bootstrap__criterion__min_samples_split": 0.0004934397082398366,
    "bootstrap__criterion__strategy": 0.00015965142251724105,
    "bootstrap__max_features": 0.06351783077211358,
    "bootstrap__max_features__min_samples_leaf": 0.029425338230167367,
    "bootstrap__max_features__min_samples_split": 0.001958523761408421,
    "bootstrap__max_features__strategy": 0.0020072596074256917,
    "bootstrap__min_samples_leaf": 0.01396314825885936,
    "bootstrap__min_samples_leaf__min_samples_split": 0.003856710049391244,
    "bootstrap__min_samples_leaf__strategy": 0.0020192262610076394,
    "bootstrap__min_samples_split": 0.001219573906829429,
    "bootstrap__min_samples_split__strategy": 0.0002446113839548931,
    "bootstrap__strategy": 0.0004287493424387557,
    "criterion__max_features": 0.009763789803729453,
    "criterion__max_features__min_samples_leaf": 0.032115451457984875,
    "criterion__max_features__min_samples_split": 0.003384096319758601,
    "criterion__max_features__strategy": 0.0011840721380905052,
    "criterion__min_samples_leaf": 0.016690014251191487,
    "criterion__min_samples_leaf__min_samples_split": 0.010756713761986994,
    "criterion__min_samples_leaf__strategy": 0.0028626908733553886,
    "criterion__min_samples_split": 0.0022069398428177876,
    "criterion__min_samples_split__strategy": 0.0004362035348970811,
    "criterion__strategy": 0.0006013526038715082,
    "max_features__min_samples_leaf": 0.06545108276960943,
    "max_features__min_samples_leaf__min_samples_split": 0.018124621556321774,
    "max_features__min_samples_leaf__strategy": 0.007575087484809007,
    "max_features__min_samples_split": 0.00766487282621304,
    "max_features__min_samples_split__strategy": 0.0007953553535248459,
    "max_features__strategy": 0.0044023184209638425,
    "min_samples_leaf__min_samples_split": 0.01824152334199553,
    "min_samples_leaf__min_samples_split__strategy": 0.004058948311472826,
    "min_samples_leaf__strategy": 0.004672559368555061,
    "min_samples_split__strategy": 0.0010005216769767007
}