{
    "bootstrap": 0.009957767497741883,
    "criterion": 0.027087818272704976,
    "max_features": 0.09387084277417189,
    "min_samples_leaf": 0.4678807425247883,
    "min_samples_split": 0.005466173295346368,
    "strategy": 0.0008231698545653541
}