{
    "C": 0.032697989327809915,
    "coef0": 0.017444304549912124,
    "gamma": 0.6026359234535579,
    "shrinking": 0.00047130673438728417,
    "strategy": 0.003219934436758335,
    "tol": 0.014375235554882716
}