{
    "C__coef0": 0.0072911900778070415,
    "C__coef0__gamma": 0.01644538828757841,
    "C__coef0__shrinking": 0.0002077142832505375,
    "C__coef0__strategy": 0.0007888152911892134,
    "C__coef0__tol": 0.0020238121550706575,
    "C__gamma": 0.08768542819858793,
    "C__gamma__shrinking": 0.001588333480860375,
    "C__gamma__strategy": 0.0068032015969323595,
    "C__gamma__tol": 0.01881352601035774,
    "C__shrinking": 0.0005400738531396241,
    "C__shrinking__strategy": 9.194146544600022e-05,
    "C__shrinking__tol": 0.00016490125670155092,
    "C__strategy": 0.002076295002336543,
    "C__strategy__tol": 0.001099991572975221,
    "C__tol": 0.009274232323949146,
    "coef0__gamma": 0.047976097927989625,
    "coef0__gamma__shrinking": 0.0007788924590698602,
    "coef0__gamma__strategy": 0.008027563994832038,
    "coef0__gamma__tol": 0.012200994293084633,
    "coef0__shrinking": 0.00025129515317263355,
    "coef0__shrinking__strategy": 1.6392122031559826e-05,
    "coef0__shrinking__tol": 2.1950759226715966e-05,
    "coef0__strategy": 0.0028189760832002843,
    "coef0__strategy__tol": 0.0015108904542420927,
    "coef0__tol": 0.008164741273860916,
    "gamma__shrinking": 0.004184942685262754,
    "gamma__shrinking__strategy": 0.0008377425473763481,
    "gamma__shrinking__tol": 0.0004741373213142108,
    "gamma__strategy": 0.025773134944351236,
    "gamma__strategy__tol": 0.005329852864578287,
    "gamma__tol": 0.04220295442919666,
    "shrinking__strategy": 0.0002545445928271361,
    "shrinking__strategy__tol": 2.1793568995843483e-05,
    "shrinking__tol": 0.00018751298951055761,
    "strategy__tol": 0.003679904551600433
}