{
    "C": 0.5261983323087736,
    "gamma": 0.19194624623481038,
    "shrinking": 0.00030556646854240605,
    "strategy": 0.002009372294466657,
    "tol": 0.026805912200144576
}