{
    "C": 0.27112160822952935,
    "gamma": 0.07129348276706039,
    "shrinking": 0.0028419359708276946,
    "strategy": 0.0008802793300030947,
    "tol": 0.0030575936180567745
}