{
    "bootstrap__criterion": 0.0002707384538321835,
    "bootstrap__criterion__max_features": 0.0012769656421013909,
    "bootstrap__criterion__min_samples_leaf": 0.0008443627287420957,
    "bootstrap__criterion__min_samples_split": 0.00010213443125103644,
    "bootstrap__criterion__strategy": 0.0001024429720435315,
    "bootstrap__max_features": 0.21474078797578294,
    "bootstrap__max_features__min_samples_leaf": 0.07795947735495218,
    "bootstrap__max_features__min_samples_split": 0.004157094658321949,
    "bootstrap__max_features__strategy": 0.003244846008914679,
    "bootstrap__min_samples_leaf": 0.06249353836097807,
    "bootstrap__min_samples_leaf__min_samples_split": 0.003954038222679781,
    "bootstrap__min_samples_leaf__strategy": 0.0023836467309979407,
    "bootstrap__min_samples_split": 0.0012262484899816383,
    "bootstrap__min_samples_split__strategy": 0.000273081196306005,
    "bootstrap__strategy": 0.0005039644380089765,
    "criterion__max_features": 0.0020865286957286178,
    "criterion__max_features__min_samples_leaf": 0.0030892579743312804,
    "criterion__max_features__min_samples_split": 0.0003416737664980753,
    "criterion__max_features__strategy": 0.0003992576285657181,
    "criterion__min_samples_leaf": 0.0016842694046904777,
    "criterion__min_samples_leaf__min_samples_split": 0.0005003997145471297,
    "criterion__min_samples_leaf__strategy": 0.0005450737502378974,
    "criterion__min_samples_split": 0.00016969325300958274,
    "criterion__min_samples_split__strategy": 6.004419806573079e-05,
    "criterion__strategy": 0.00015733943881454193,
    "max_features__min_samples_leaf": 0.1469863203573479,
    "max_features__min_samples_leaf__min_samples_split": 0.014877573841629112,
    "max_features__min_samples_leaf__strategy": 0.009664785542439838,
    "max_features__min_samples_split": 0.008589459974973391,
    "max_features__min_samples_split__strategy": 0.0011019447627565754,
    "max_features__strategy": 0.0037257658492291243,
    "min_samples_leaf__min_samples_split": 0.006059911976920938,
    "min_samples_leaf__min_samples_split__strategy": 0.0011563947431133554,
    "min_samples_leaf__strategy": 0.003103873749166473,
    "min_samples_split__strategy": 0.00044949722708656427
}