{
    "bootstrap": 0.029916791092519702,
    "criterion": 0.0005707024485745931,
    "max_features": 0.2587396979440787,
    "min_samples_leaf": 0.10401366160676753,
    "min_samples_split": 0.0019327080844293676,
    "strategy": 0.0006527115686965057
}