{
    "bootstrap": 0.18167870875651204,
    "criterion": 0.0001835283310316189,
    "max_features": 0.3976334522084134,
    "min_samples_leaf": 0.051341845612215234,
    "min_samples_split": 0.0046481145344926785,
    "strategy": 0.0007398803390163094
}