{
    "bootstrap__criterion": 0.00029555966147156104,
    "bootstrap__criterion__max_features": 0.0010726836603958956,
    "bootstrap__criterion__min_samples_leaf": 0.0007906440599571123,
    "bootstrap__criterion__min_samples_split": 0.00020220557158940472,
    "bootstrap__criterion__strategy": 7.252194369752212e-05,
    "bootstrap__max_features": 0.1419305315535706,
    "bootstrap__max_features__min_samples_leaf": 0.02887678366631649,
    "bootstrap__max_features__min_samples_split": 0.009141695283727345,
    "bootstrap__max_features__strategy": 0.004602716930606647,
    "bootstrap__min_samples_leaf": 0.022120599084111056,
    "bootstrap__min_samples_leaf__min_samples_split": 0.004880690318176181,
    "bootstrap__min_samples_leaf__strategy": 0.001584829446225118,
    "bootstrap__min_samples_split": 0.00412990003424438,
    "bootstrap__min_samples_split__strategy": 0.000848532372327346,
    "bootstrap__strategy": 0.0006788854485774748,
    "criterion__max_features": 0.0008297984613693243,
    "criterion__max_features__min_samples_leaf": 0.0014313024829705895,
    "criterion__max_features__min_samples_split": 0.0006685504919400976,
    "criterion__max_features__strategy": 0.00031697053339523767,
    "criterion__min_samples_leaf": 0.0009179175944154377,
    "criterion__min_samples_leaf__min_samples_split": 0.00018179539326061093,
    "criterion__min_samples_leaf__strategy": 0.00014079744562387636,
    "criterion__min_samples_split": 0.00018287778086128244,
    "criterion__min_samples_split__strategy": 4.575624420634383e-05,
    "criterion__strategy": 9.808819114909945e-05,
    "max_features__min_samples_leaf": 0.048442618787622335,
    "max_features__min_samples_leaf__min_samples_split": 0.01946442245174258,
    "max_features__min_samples_leaf__strategy": 0.0056041963759979885,
    "max_features__min_samples_split": 0.013161102273123924,
    "max_features__min_samples_split__strategy": 0.0032146179122790296,
    "max_features__strategy": 0.005557597619864105,
    "min_samples_leaf__min_samples_split": 0.013399445541820088,
    "min_samples_leaf__min_samples_split__strategy": 0.0007945001137267781,
    "min_samples_leaf__strategy": 0.0020969352092845878,
    "min_samples_split__strategy": 0.001130988013096332
}