{
    "C": 0.0180339319606526,
    "gamma": 0.8872051345477094,
    "shrinking": 0.00016275064915824365,
    "strategy": 0.0002483994857907301,
    "tol": 0.010071646143096835
}