{
    "C": 0.113877875248979,
    "gamma": 0.5856270174024397,
    "shrinking": 0.0022012037757229985,
    "strategy": 0.0008500684547432262,
    "tol": 0.028220195665156753
}