{
    "C": 0.15365261107566658,
    "coef0": 0.06565057311472242,
    "gamma": 0.07303474802923718,
    "shrinking": 0.0006696222532464515,
    "strategy": 0.0002762696168168016,
    "tol": 0.05050525413328687
}