{
    "C__coef0": 0.06544151370422283,
    "C__coef0__gamma": 0.008636238433910648,
    "C__coef0__shrinking": 1.1401423269906397e-06,
    "C__coef0__strategy": 0.00044894532913571095,
    "C__coef0__tol": 0.0068018857795428544,
    "C__gamma": 0.21125852423476046,
    "C__gamma__shrinking": 0.000382488582845366,
    "C__gamma__strategy": 0.0008107844252396856,
    "C__gamma__tol": 0.08540609238121231,
    "C__shrinking": 0.0005397058128640084,
    "C__shrinking__strategy": 0.00012272798739070608,
    "C__shrinking__tol": 0.00053499349451748,
    "C__strategy": 0.004958807571868409,
    "C__strategy__tol": 0.0014660890819452738,
    "C__tol": 0.09920872601152143,
    "coef0__gamma": 0.020579715892149353,
    "coef0__gamma__shrinking": 8.363225040584205e-06,
    "coef0__gamma__strategy": 0.0002750820119504921,
    "coef0__gamma__tol": 0.024478362317061825,
    "coef0__shrinking": 1.6981058285712308e-06,
    "coef0__shrinking__strategy": 3.557529156613011e-08,
    "coef0__shrinking__tol": 9.643278067166666e-07,
    "coef0__strategy": 0.0006302392063467915,
    "coef0__strategy__tol": 0.000332225594719647,
    "coef0__tol": 0.009655009281687374,
    "gamma__shrinking": 0.0020722804282857447,
    "gamma__shrinking__strategy": 3.0966441655973405e-07,
    "gamma__shrinking__tol": 0.013236247149586364,
    "gamma__strategy": 0.00043137686533940844,
    "gamma__strategy__tol": 0.00029801221805360323,
    "gamma__tol": 0.08997009776624008,
    "shrinking__strategy": 8.180126648223802e-06,
    "shrinking__strategy__tol": 8.419844658671093e-06,
    "shrinking__tol": 0.004134142240471962,
    "strategy__tol": 0.0007271437645820569
}