{
    "C": 0.03738061076700082,
    "gamma": 0.892089343780065,
    "shrinking": 0.0002850285281349931,
    "strategy": 0.00019955310198328463,
    "tol": 0.005709938365152237
}