{
    "C": 0.001695078536008049,
    "coef0": 0.0016104251425535215,
    "gamma": 0.9375913493213203,
    "shrinking": 3.289160279557967e-05,
    "strategy": 0.00014615737240154453,
    "tol": 0.011251824583764568
}