{
    "C__coef0": 0.001720006460406257,
    "C__coef0__gamma": 0.0021585699445124742,
    "C__coef0__shrinking": 3.152556050487284e-06,
    "C__coef0__strategy": 1.0831963340913488e-05,
    "C__coef0__tol": 0.0003341267235487033,
    "C__gamma": 0.007424778552145295,
    "C__gamma__shrinking": 4.779816553529568e-05,
    "C__gamma__strategy": 0.0004275968250723181,
    "C__gamma__tol": 0.0015076518776072651,
    "C__shrinking": 8.770333364605207e-06,
    "C__shrinking__strategy": 7.969618341542714e-07,
    "C__shrinking__tol": 2.0908903963568534e-06,
    "C__strategy": 0.00015727200813076017,
    "C__strategy__tol": 4.1193680343821126e-05,
    "C__tol": 0.0009443043172258064,
    "coef0__gamma": 0.007136724646486958,
    "coef0__gamma__shrinking": 0.00030306724981147117,
    "coef0__gamma__strategy": 0.0003513514313678583,
    "coef0__gamma__tol": 0.0019333977962612391,
    "coef0__shrinking": 5.8321743156310876e-05,
    "coef0__shrinking__strategy": 1.2157886997067347e-06,
    "coef0__shrinking__tol": 7.008744921018287e-06,
    "coef0__strategy": 8.056904952705128e-05,
    "coef0__strategy__tol": 3.6340128592046456e-05,
    "coef0__tol": 0.0004882145898113966,
    "gamma__shrinking": 0.0008212369794333061,
    "gamma__shrinking__strategy": 1.3401611859878101e-05,
    "gamma__shrinking__tol": 7.646398468243165e-05,
    "gamma__strategy": 0.0008343046655060367,
    "gamma__strategy__tol": 0.0005763320913846313,
    "gamma__tol": 0.01923184246879255,
    "shrinking__strategy": 1.3495615358991226e-06,
    "shrinking__strategy__tol": 2.0168148345098996e-07,
    "shrinking__tol": 1.3022672338259406e-05,
    "strategy__tol": 0.00021403293243738887
}