{
    "algorithm": 0.05779158603623467,
    "learning_rate": 0.023863661518281728,
    "max_depth": 0.5681127907631109,
    "n_estimators": 0.018038285750074625,
    "strategy": 0.00045925908080982574
}