{
    "algorithm": 0.0704461889561061,
    "learning_rate": 0.0794341023110535,
    "max_depth": 0.5281414230389914,
    "n_estimators": 0.032247200073743806,
    "strategy": 0.0005024181976503929
}