{
    "algorithm": 0.04928064019296037,
    "learning_rate": 0.3840715327554039,
    "max_depth": 0.014703247016290857,
    "n_estimators": 0.012582385254068247,
    "strategy": 0.0005729307132802295
}