{
    "algorithm": 0.026388841316058176,
    "learning_rate": 0.12336649316737655,
    "max_depth": 0.3987264061771181,
    "n_estimators": 0.04656660995427821,
    "strategy": 0.0005751797420440394
}