{
    "C": 0.08096728478246173,
    "gamma": 0.5974484371837221,
    "shrinking": 0.000851731149852575,
    "strategy": 0.003110317318979915,
    "tol": 0.011669521475338859
}