{
    "C__coef0": 0.001811968969559239,
    "C__coef0__gamma": 0.0030188687117068957,
    "C__coef0__shrinking": 5.942967686835206e-05,
    "C__coef0__strategy": 4.488024705571526e-05,
    "C__coef0__tol": 0.00012876089489392145,
    "C__gamma": 0.00795260923850205,
    "C__gamma__shrinking": 0.0007142922111762278,
    "C__gamma__strategy": 0.00034708071620995055,
    "C__gamma__tol": 0.0022440605986684507,
    "C__shrinking": 0.00025483506579417823,
    "C__shrinking__strategy": 1.0545390889882896e-05,
    "C__shrinking__tol": 0.00012401692733158003,
    "C__strategy": 8.793375472857141e-05,
    "C__strategy__tol": 3.0139488798744743e-05,
    "C__tol": 0.0007822284632986627,
    "coef0__gamma": 0.02746554487558317,
    "coef0__gamma__shrinking": 0.0012806820176035228,
    "coef0__gamma__strategy": 0.000418621519785813,
    "coef0__gamma__tol": 0.0035649080782252165,
    "coef0__shrinking": 0.0005734607995238469,
    "coef0__shrinking__strategy": 2.3054708356245296e-06,
    "coef0__shrinking__tol": 0.0002122175792890063,
    "coef0__strategy": 0.000206414078353166,
    "coef0__strategy__tol": 0.00039751569839855186,
    "coef0__tol": 0.008899349597865168,
    "gamma__shrinking": 0.0009842771660008914,
    "gamma__shrinking__strategy": 8.107127620367955e-05,
    "gamma__shrinking__tol": 0.0015526669320562667,
    "gamma__strategy": 0.0006412949131941908,
    "gamma__strategy__tol": 0.0005140633377629551,
    "gamma__tol": 0.018232969409481437,
    "shrinking__strategy": 2.4474211789562094e-05,
    "shrinking__strategy__tol": 7.558456071611857e-06,
    "shrinking__tol": 0.0010054652437152325,
    "strategy__tol": 0.0007265464275466385
}