{
    "C": 0.0010021556136193403,
    "coef0": 0.019042927170735795,
    "gamma": 0.8800151606474163,
    "shrinking": 0.0002795325404308041,
    "strategy": 0.00018898946634738852,
    "tol": 0.01362487405370022
}