{
    "algorithm": 0.0006011692005705856,
    "learning_rate": 0.041040363948366534,
    "max_depth": 0.8760321891926268,
    "n_estimators": 0.005121231846528485,
    "strategy": 0.00021385121874403957
}