{
    "C": 0.35346085296696905,
    "gamma": 0.3252436817407117,
    "shrinking": 0.0005408552070669947,
    "strategy": 0.0017582801828449355,
    "tol": 0.02955898362838367
}