{
    "C": 0.14539114148520046,
    "gamma": 0.5614578231078213,
    "shrinking": 0.0008770808444623433,
    "strategy": 0.0009146303613019614,
    "tol": 0.006023289141681071
}