{
    "algorithm": 0.006190081034077191,
    "learning_rate": 0.0309655726168079,
    "max_depth": 0.3032414542772798,
    "n_estimators": 0.008853813002606454,
    "strategy": 0.0009709830195775418
}