{
    "bootstrap__criterion": 0.0006755700835212493,
    "bootstrap__criterion__max_features": 0.002579621997909745,
    "bootstrap__criterion__min_samples_leaf": 0.0015802185281879703,
    "bootstrap__criterion__min_samples_split": 0.00011376340324503265,
    "bootstrap__criterion__strategy": 0.00010593106563421711,
    "bootstrap__max_features": 0.02823657657621259,
    "bootstrap__max_features__min_samples_leaf": 0.022485938404324668,
    "bootstrap__max_features__min_samples_split": 0.0014307804369553712,
    "bootstrap__max_features__strategy": 0.0015696911876927138,
    "bootstrap__min_samples_leaf": 0.008011997108165914,
    "bootstrap__min_samples_leaf__min_samples_split": 0.0009237379854133308,
    "bootstrap__min_samples_leaf__strategy": 0.0005504909955647394,
    "bootstrap__min_samples_split": 0.00033035953647704347,
    "bootstrap__min_samples_split__strategy": 5.3348145465253495e-05,
    "bootstrap__strategy": 0.0003219984739320674,
    "criterion__max_features": 0.010378437301012622,
    "criterion__max_features__min_samples_leaf": 0.008429202120273122,
    "criterion__max_features__min_samples_split": 0.0016492620971440349,
    "criterion__max_features__strategy": 0.000419699221138631,
    "criterion__min_samples_leaf": 0.005239468592442814,
    "criterion__min_samples_leaf__min_samples_split": 0.0012687704594919564,
    "criterion__min_samples_leaf__strategy": 0.00047929670957544456,
    "criterion__min_samples_split": 0.0004574215856379591,
    "criterion__min_samples_split__strategy": 9.422911439863849e-05,
    "criterion__strategy": 0.00027984515666920596,
    "max_features__min_samples_leaf": 0.05310967652705795,
    "max_features__min_samples_leaf__min_samples_split": 0.010293849382332429,
    "max_features__min_samples_leaf__strategy": 0.0055236808036395815,
    "max_features__min_samples_split": 0.0069533517184647686,
    "max_features__min_samples_split__strategy": 0.0005050010170737787,
    "max_features__strategy": 0.0030423126090432483,
    "min_samples_leaf__min_samples_split": 0.002961439250137072,
    "min_samples_leaf__min_samples_split__strategy": 0.0005342436587534181,
    "min_samples_leaf__strategy": 0.0009772673631646652,
    "min_samples_split__strategy": 0.00018398180130403587
}