{
    "bootstrap": 0.03158650252511734,
    "criterion": 0.0178714711998688,
    "max_features": 0.5255553278712037,
    "min_samples_leaf": 0.22410027142441108,
    "min_samples_split": 0.0011737953527985062,
    "strategy": 0.00039226108544649176
}