{
    "algorithm": 0.0038942111746347,
    "learning_rate": 0.13828398308719217,
    "max_depth": 0.21224304196135474,
    "n_estimators": 0.0158396012603003,
    "strategy": 0.0015587947670713783
}