{
    "bootstrap": 0.09092562231667012,
    "criterion": 0.00014254385980641478,
    "max_features": 0.004705427926701654,
    "min_samples_leaf": 0.8083238910028152,
    "min_samples_split": 0.008790121848161568,
    "strategy": 0.00025838105787605445
}