{
    "bootstrap__criterion": 2.8614392928866955e-05,
    "bootstrap__criterion__max_features": 2.526523238449729e-05,
    "bootstrap__criterion__min_samples_leaf": 0.0002741008765241573,
    "bootstrap__criterion__min_samples_split": 3.751180734588616e-05,
    "bootstrap__criterion__strategy": 3.8804274359125076e-06,
    "bootstrap__max_features": 0.0011895926996649724,
    "bootstrap__max_features__min_samples_leaf": 0.004354734949090371,
    "bootstrap__max_features__min_samples_split": 0.0005773353333152183,
    "bootstrap__max_features__strategy": 9.272014652849042e-05,
    "bootstrap__min_samples_leaf": 0.00643314103394943,
    "bootstrap__min_samples_leaf__min_samples_split": 0.00710039970470862,
    "bootstrap__min_samples_leaf__strategy": 0.0009736258093069753,
    "bootstrap__min_samples_split": 0.0010040133523363925,
    "bootstrap__min_samples_split__strategy": 9.830988493886956e-05,
    "bootstrap__strategy": 0.00012640949542814953,
    "criterion__max_features": 2.746529748338944e-05,
    "criterion__max_features__min_samples_leaf": 0.00020899430221747728,
    "criterion__max_features__min_samples_split": 1.6486963350008724e-05,
    "criterion__max_features__strategy": 2.5284476573849703e-06,
    "criterion__min_samples_leaf": 0.00029170021333202456,
    "criterion__min_samples_leaf__min_samples_split": 0.00029153254155945933,
    "criterion__min_samples_leaf__strategy": 5.124277266125606e-05,
    "criterion__min_samples_split": 4.013536363488453e-05,
    "criterion__min_samples_split__strategy": 2.958965592209388e-06,
    "criterion__strategy": 5.221389242823489e-06,
    "max_features__min_samples_leaf": 0.005945878660411297,
    "max_features__min_samples_leaf__min_samples_split": 0.0042669630085509485,
    "max_features__min_samples_leaf__strategy": 0.0005714754002166828,
    "max_features__min_samples_split": 0.0007074980546438198,
    "max_features__min_samples_split__strategy": 7.635097851391897e-05,
    "max_features__strategy": 0.0001238898663031263,
    "min_samples_leaf__min_samples_split": 0.04295617011722237,
    "min_samples_leaf__min_samples_split__strategy": 0.0021643674628158355,
    "min_samples_leaf__strategy": 0.0016815806651335322,
    "min_samples_split__strategy": 0.000404968662314716
}