{
    "C": 0.02157926648394901,
    "coef0": 0.0058120579063621865,
    "gamma": 0.7843872383035236,
    "shrinking": 0.00010158516750662861,
    "strategy": 0.001552466532443486,
    "tol": 0.016271195505474238
}