{
    "C__coef0": 0.006057503845588299,
    "C__coef0__gamma": 0.0120941510432349,
    "C__coef0__shrinking": 0.00011871213561538238,
    "C__coef0__strategy": 0.0001766430425405171,
    "C__coef0__tol": 0.0010108209335662303,
    "C__gamma": 0.06256364489078403,
    "C__gamma__shrinking": 0.00038379466235173034,
    "C__gamma__strategy": 0.0010304380529212907,
    "C__gamma__tol": 0.006468763285179476,
    "C__shrinking": 0.0001468715152151821,
    "C__shrinking__strategy": 1.1094164025262894e-06,
    "C__shrinking__tol": 6.125864158955472e-05,
    "C__strategy": 0.0003999952557684637,
    "C__strategy__tol": 0.00016099784672470897,
    "C__tol": 0.005958582691171173,
    "coef0__gamma": 0.024819310965424446,
    "coef0__gamma__shrinking": 0.00025169823847541787,
    "coef0__gamma__strategy": 0.007921456956273321,
    "coef0__gamma__tol": 0.00332612914731243,
    "coef0__shrinking": 0.0001571455094182109,
    "coef0__shrinking__strategy": 3.984061767150701e-06,
    "coef0__shrinking__tol": 0.00012254459461378988,
    "coef0__strategy": 0.002545197893871539,
    "coef0__strategy__tol": 4.4847863902640166e-05,
    "coef0__tol": 0.0014271009672649736,
    "gamma__shrinking": 0.0007051229566781898,
    "gamma__shrinking__strategy": 1.0892107360611913e-05,
    "gamma__shrinking__tol": 0.00037529000663159146,
    "gamma__strategy": 0.007951701629895303,
    "gamma__strategy__tol": 0.00031476987848789995,
    "gamma__tol": 0.01794173426730666,
    "shrinking__strategy": 1.2662969626137718e-06,
    "shrinking__strategy__tol": 3.553138297397729e-06,
    "shrinking__tol": 0.0002154242152917693,
    "strategy__tol": 0.0023945702163242592
}