{
    "C__coef0": 0.01806297329882134,
    "C__coef0__gamma": 0.00934019558683985,
    "C__coef0__shrinking": 1.0417794092612608e-05,
    "C__coef0__strategy": 0.0001245099780179653,
    "C__coef0__tol": 0.0013680271576786245,
    "C__gamma": 0.03442764501432316,
    "C__gamma__shrinking": 9.951903021735505e-05,
    "C__gamma__strategy": 0.0005175414093763434,
    "C__gamma__tol": 0.005717863285888999,
    "C__shrinking": 0.0006727035517154109,
    "C__shrinking__strategy": 3.894814987862841e-06,
    "C__shrinking__tol": 4.659932538918655e-06,
    "C__strategy": 0.0001697873314321103,
    "C__strategy__tol": 0.0002536295623165258,
    "C__tol": 0.003105679280857106,
    "coef0__gamma": 0.034525392239704966,
    "coef0__gamma__shrinking": 0.0003399079721089365,
    "coef0__gamma__strategy": 0.009756551715620572,
    "coef0__gamma__tol": 0.005799029461551462,
    "coef0__shrinking": 7.39493395648204e-05,
    "coef0__shrinking__strategy": 5.37094005594041e-06,
    "coef0__shrinking__tol": 0.0001194282342431496,
    "coef0__strategy": 0.007233129730314692,
    "coef0__strategy__tol": 0.0015669534245886033,
    "coef0__tol": 0.00454740205730459,
    "gamma__shrinking": 0.00046292767676649486,
    "gamma__shrinking__strategy": 2.2148352474804164e-05,
    "gamma__shrinking__tol": 2.175859774164457e-05,
    "gamma__strategy": 0.015002528778664318,
    "gamma__strategy__tol": 0.002298278006386035,
    "gamma__tol": 0.02009863065427065,
    "shrinking__strategy": 1.3215976038116663e-05,
    "shrinking__strategy__tol": 3.649158752588736e-05,
    "shrinking__tol": 7.642128541110633e-05,
    "strategy__tol": 0.0013062955888453265
}