{
    "C": 0.013496661586620976,
    "coef0": 0.05576403632740094,
    "gamma": 0.7425506544586116,
    "shrinking": 8.381968919133882e-05,
    "strategy": 0.00344733614931075,
    "tol": 0.006045028630838439
}