{
    "algorithm": 0.10826733975954259,
    "learning_rate": 0.26845917839133443,
    "max_depth": 0.07713846455023593,
    "n_estimators": 0.0260179500556217,
    "strategy": 0.0010878290592537178
}