{
    "C": 0.0112062926266727,
    "gamma": 0.9281539709077569,
    "shrinking": 5.39174915350125e-05,
    "strategy": 0.0008979175507154065,
    "tol": 0.009894566719145452
}