{
    "bootstrap": 0.056547581689197254,
    "criterion": 0.00012786658134781445,
    "max_features": 0.04149253962650709,
    "min_samples_leaf": 0.8035886386092411,
    "min_samples_split": 0.0035220981600059143,
    "strategy": 9.768175046187236e-05
}