{
    "bootstrap__criterion": 8.386226504146496e-05,
    "bootstrap__criterion__max_features": 0.00021996708805130383,
    "bootstrap__criterion__min_samples_leaf": 0.0003993879414747187,
    "bootstrap__criterion__min_samples_split": 0.00046981904804040565,
    "bootstrap__criterion__strategy": 7.4253780052285225e-06,
    "bootstrap__max_features": 0.008619807223804635,
    "bootstrap__max_features__min_samples_leaf": 0.016910610893022135,
    "bootstrap__max_features__min_samples_split": 0.0007656635918530195,
    "bootstrap__max_features__strategy": 0.00015143736601975772,
    "bootstrap__min_samples_leaf": 0.02195663386277391,
    "bootstrap__min_samples_leaf__min_samples_split": 0.002717782224509694,
    "bootstrap__min_samples_leaf__strategy": 0.00042682688494219146,
    "bootstrap__min_samples_split": 0.003578564530849147,
    "bootstrap__min_samples_split__strategy": 0.00030285301386256773,
    "bootstrap__strategy": 7.330062477820284e-05,
    "criterion__max_features": 0.0001673084704279168,
    "criterion__max_features__min_samples_leaf": 0.0005671019139893221,
    "criterion__max_features__min_samples_split": 8.168624533882052e-05,
    "criterion__max_features__strategy": 1.6569070499848753e-05,
    "criterion__min_samples_leaf": 0.0004762846604964288,
    "criterion__min_samples_leaf__min_samples_split": 0.00020781106021878788,
    "criterion__min_samples_leaf__strategy": 8.709133098329953e-05,
    "criterion__min_samples_split": 0.0007654428965813585,
    "criterion__min_samples_split__strategy": 9.414719894752915e-06,
    "criterion__strategy": 1.498521907137544e-05,
    "max_features__min_samples_leaf": 0.019997491892746133,
    "max_features__min_samples_leaf__min_samples_split": 0.0027084823920991118,
    "max_features__min_samples_leaf__strategy": 0.0011506325811170533,
    "max_features__min_samples_split": 0.0011064272485228118,
    "max_features__min_samples_split__strategy": 5.7877495963883584e-05,
    "max_features__strategy": 0.00029291683079566176,
    "min_samples_leaf__min_samples_split": 0.004622628053403089,
    "min_samples_leaf__min_samples_split__strategy": 0.00023795600115740327,
    "min_samples_leaf__strategy": 0.0005834503461050774,
    "min_samples_split__strategy": 0.00029985436167277946
}