{
    "algorithm": 0.05317684407840388,
    "learning_rate": 0.1487330827250941,
    "max_depth": 0.39554284482441104,
    "n_estimators": 0.008239297222115733,
    "strategy": 0.001175630666654506
}