{
    "C": 0.06637277194340568,
    "gamma": 0.8258757668873389,
    "shrinking": 9.400929166652837e-05,
    "strategy": 0.0003069091823383137,
    "tol": 0.0017238720193583947
}