{
    "bootstrap": 0.0598154905652829,
    "criterion": 0.0011820815635420726,
    "max_features": 0.11331669953482162,
    "min_samples_leaf": 0.45427033817757806,
    "min_samples_split": 0.005903216367962898,
    "strategy": 0.0005234928404073661
}