{
    "bootstrap__criterion": 0.0026928216634137417,
    "bootstrap__criterion__max_features": 0.0058795011678237745,
    "bootstrap__criterion__min_samples_leaf": 0.002074870024055025,
    "bootstrap__criterion__min_samples_split": 0.0006086647959054892,
    "bootstrap__criterion__strategy": 0.0002309196465553054,
    "bootstrap__max_features": 0.013839625456106897,
    "bootstrap__max_features__min_samples_leaf": 0.04012148571296181,
    "bootstrap__max_features__min_samples_split": 0.00593431165483775,
    "bootstrap__max_features__strategy": 0.0018818194110891808,
    "bootstrap__min_samples_leaf": 0.022302027911429823,
    "bootstrap__min_samples_leaf__min_samples_split": 0.008351887986830606,
    "bootstrap__min_samples_leaf__strategy": 0.0031659276423090634,
    "bootstrap__min_samples_split": 0.003840352149327834,
    "bootstrap__min_samples_split__strategy": 0.000495623129044805,
    "bootstrap__strategy": 0.0005537827833150158,
    "criterion__max_features": 0.0053673488806913194,
    "criterion__max_features__min_samples_leaf": 0.008724453934709636,
    "criterion__max_features__min_samples_split": 0.0024771885493639493,
    "criterion__max_features__strategy": 0.0009105194463304711,
    "criterion__min_samples_leaf": 0.0034839446358888027,
    "criterion__min_samples_leaf__min_samples_split": 0.002115213945424175,
    "criterion__min_samples_leaf__strategy": 0.0006906977886045607,
    "criterion__min_samples_split": 0.0011741108873593161,
    "criterion__min_samples_split__strategy": 0.0001552058333563612,
    "criterion__strategy": 0.0002912596797445548,
    "max_features__min_samples_leaf": 0.12081910185951555,
    "max_features__min_samples_leaf__min_samples_split": 0.020133830227672733,
    "max_features__min_samples_leaf__strategy": 0.006318326703419162,
    "max_features__min_samples_split": 0.009173367371487773,
    "max_features__min_samples_split__strategy": 0.0016274119820493004,
    "max_features__strategy": 0.0028128606685630417,
    "min_samples_leaf__min_samples_split": 0.021894257219221697,
    "min_samples_leaf__min_samples_split__strategy": 0.0016192162738711846,
    "min_samples_leaf__strategy": 0.003671425336542081,
    "min_samples_split__strategy": 0.0006502265126940277
}