{
    "bootstrap__criterion": 0.007571335555141213,
    "bootstrap__criterion__max_features": 0.00986495290138209,
    "bootstrap__criterion__min_samples_leaf": 0.0032008543814298733,
    "bootstrap__criterion__min_samples_split": 0.0006425786346252443,
    "bootstrap__criterion__strategy": 0.0003014828010493454,
    "bootstrap__max_features": 0.17423749564448107,
    "bootstrap__max_features__min_samples_leaf": 0.04639225592341273,
    "bootstrap__max_features__min_samples_split": 0.009546126015197321,
    "bootstrap__max_features__strategy": 0.004356205758300074,
    "bootstrap__min_samples_leaf": 0.017088105824233063,
    "bootstrap__min_samples_leaf__min_samples_split": 0.0037374489084576017,
    "bootstrap__min_samples_leaf__strategy": 0.001869187524940561,
    "bootstrap__min_samples_split": 0.002421006263160155,
    "bootstrap__min_samples_split__strategy": 0.0002055647348927648,
    "bootstrap__strategy": 0.0011207384619674136,
    "criterion__max_features": 0.01506683275262563,
    "criterion__max_features__min_samples_leaf": 0.021768974094455662,
    "criterion__max_features__min_samples_split": 0.0018144086279048843,
    "criterion__max_features__strategy": 0.0009483415029147568,
    "criterion__min_samples_leaf": 0.009553398581001848,
    "criterion__min_samples_leaf__min_samples_split": 0.004687603007885205,
    "criterion__min_samples_leaf__strategy": 0.0011504428323967659,
    "criterion__min_samples_split": 0.0013117194176710274,
    "criterion__min_samples_split__strategy": 0.0002829403933242453,
    "criterion__strategy": 0.0006817132985660872,
    "max_features__min_samples_leaf": 0.10331168379607375,
    "max_features__min_samples_leaf__min_samples_split": 0.012457182268210647,
    "max_features__min_samples_leaf__strategy": 0.009877209747280636,
    "max_features__min_samples_split": 0.011530509323192486,
    "max_features__min_samples_split__strategy": 0.001826173474359984,
    "max_features__strategy": 0.009502352146774052,
    "min_samples_leaf__min_samples_split": 0.008735844730716582,
    "min_samples_leaf__min_samples_split__strategy": 0.0015299111967029839,
    "min_samples_leaf__strategy": 0.0029897086422776224,
    "min_samples_split__strategy": 0.0005584275885411587
}