{
    "bootstrap": 0.07242538349869775,
    "criterion": 0.020683486749278345,
    "max_features": 0.24461698597319534,
    "min_samples_leaf": 0.11842664335355915,
    "min_samples_split": 0.0038916038782455895,
    "strategy": 0.0010446111655979026
}