{
    "bootstrap": 0.07627591829336272,
    "criterion": 0.006851910504460251,
    "max_features": 0.08355431324450849,
    "min_samples_leaf": 0.34933868726658396,
    "min_samples_split": 0.01042764862711762,
    "strategy": 0.0017107028417835948
}