{
    "bootstrap__criterion": 0.0037880747531575144,
    "bootstrap__criterion__max_features": 0.003035133241504673,
    "bootstrap__criterion__min_samples_leaf": 0.006879343760406942,
    "bootstrap__criterion__min_samples_split": 0.0018542154003742956,
    "bootstrap__criterion__strategy": 0.0009134287584038085,
    "bootstrap__max_features": 0.07061252347495359,
    "bootstrap__max_features__min_samples_leaf": 0.04031170966941269,
    "bootstrap__max_features__min_samples_split": 0.006708434151016046,
    "bootstrap__max_features__strategy": 0.003518140605219362,
    "bootstrap__min_samples_leaf": 0.055651177117288286,
    "bootstrap__min_samples_leaf__min_samples_split": 0.011633667762303124,
    "bootstrap__min_samples_leaf__strategy": 0.004581311700038058,
    "bootstrap__min_samples_split": 0.004315579955437132,
    "bootstrap__min_samples_split__strategy": 0.0017724156334745726,
    "bootstrap__strategy": 0.0015724585803048594,
    "criterion__max_features": 0.005117940900289275,
    "criterion__max_features__min_samples_leaf": 0.01310268852707136,
    "criterion__max_features__min_samples_split": 0.002651835023922841,
    "criterion__max_features__strategy": 0.0007802000626721695,
    "criterion__min_samples_leaf": 0.03057398401194117,
    "criterion__min_samples_leaf__min_samples_split": 0.009685164500177257,
    "criterion__min_samples_leaf__strategy": 0.003106289205052697,
    "criterion__min_samples_split": 0.002471717732574874,
    "criterion__min_samples_split__strategy": 0.0008237681708001985,
    "criterion__strategy": 0.0013434076992131895,
    "max_features__min_samples_leaf": 0.04058356811102254,
    "max_features__min_samples_leaf__min_samples_split": 0.01677857919075787,
    "max_features__min_samples_leaf__strategy": 0.009037256677292868,
    "max_features__min_samples_split": 0.010439571603636344,
    "max_features__min_samples_split__strategy": 0.0015208143873616051,
    "max_features__strategy": 0.003826555871225338,
    "min_samples_leaf__min_samples_split": 0.028433569138693188,
    "min_samples_leaf__min_samples_split__strategy": 0.004855738752728568,
    "min_samples_leaf__strategy": 0.00608020790101288,
    "min_samples_split__strategy": 0.0015819589209663852
}