{
    "algorithm": 0.013283742011678468,
    "learning_rate": 0.03402225361933438,
    "max_depth": 0.7286788904438921,
    "n_estimators": 0.047798664404350724,
    "strategy": 0.001985878297635648
}