{
    "bootstrap": 0.10234325820990922,
    "criterion": 0.0006359061575935878,
    "max_features": 0.014112799091061353,
    "min_samples_leaf": 0.595882079577199,
    "min_samples_split": 0.0038077829032492167,
    "strategy": 0.0005375950389619722
}