{
    "bootstrap__criterion": 0.005734137116468122,
    "bootstrap__criterion__max_features": 0.0021368980953707407,
    "bootstrap__criterion__min_samples_leaf": 0.00374561350208355,
    "bootstrap__criterion__min_samples_split": 0.000555531701599301,
    "bootstrap__criterion__strategy": 9.304236616612584e-05,
    "bootstrap__max_features": 0.01051580521482746,
    "bootstrap__max_features__min_samples_leaf": 0.02689424168449603,
    "bootstrap__max_features__min_samples_split": 0.0017161454498703845,
    "bootstrap__max_features__strategy": 0.0005166589328631154,
    "bootstrap__min_samples_leaf": 0.12084270372100359,
    "bootstrap__min_samples_leaf__min_samples_split": 0.005760600892361598,
    "bootstrap__min_samples_leaf__strategy": 0.001909209854701356,
    "bootstrap__min_samples_split": 0.0019559050443018105,
    "bootstrap__min_samples_split__strategy": 0.0003147007103983597,
    "bootstrap__strategy": 0.0004399932511230686,
    "criterion__max_features": 0.0037377168743067905,
    "criterion__max_features__min_samples_leaf": 0.0055896318201940146,
    "criterion__max_features__min_samples_split": 0.00043210418714627417,
    "criterion__max_features__strategy": 0.00020596913696238704,
    "criterion__min_samples_leaf": 0.006010211030142543,
    "criterion__min_samples_leaf__min_samples_split": 0.002168810345549356,
    "criterion__min_samples_leaf__strategy": 0.0006076508657012888,
    "criterion__min_samples_split": 0.0004646811627441504,
    "criterion__min_samples_split__strategy": 0.00013476606413670737,
    "criterion__strategy": 0.00010415748896093523,
    "max_features__min_samples_leaf": 0.026496644278353076,
    "max_features__min_samples_leaf__min_samples_split": 0.007877334995860765,
    "max_features__min_samples_leaf__strategy": 0.003969690863589772,
    "max_features__min_samples_split": 0.002442180362794289,
    "max_features__min_samples_split__strategy": 0.0002481650259631525,
    "max_features__strategy": 0.0008759437302294855,
    "min_samples_leaf__min_samples_split": 0.009616863469085319,
    "min_samples_leaf__min_samples_split__strategy": 0.0020080385664610827,
    "min_samples_leaf__strategy": 0.002671524971432445,
    "min_samples_split__strategy": 0.00038181429247114524
}