{
    "C": 0.7192791552987698,
    "gamma": 0.12312252953363126,
    "shrinking": 0.0009259379513746728,
    "strategy": 0.0007978841939616756,
    "tol": 0.010767594616672392
}