{
    "C__gamma": 0.04789205915302286,
    "C__gamma__shrinking": 0.0011331174229791104,
    "C__gamma__strategy": 0.004755890527290731,
    "C__gamma__tol": 0.0050323654347523145,
    "C__shrinking": 0.0012358299096077489,
    "C__shrinking__strategy": 6.377683856217953e-05,
    "C__shrinking__tol": 2.9350023026397665e-05,
    "C__strategy": 0.003440677427822638,
    "C__strategy__tol": 0.0025784204651560887,
    "C__tol": 0.01128530252785006,
    "gamma__shrinking": 0.0022312979853507434,
    "gamma__shrinking__strategy": 0.00022666922340267015,
    "gamma__shrinking__tol": 4.6355041537774616e-05,
    "gamma__strategy": 0.008512494646328413,
    "gamma__strategy__tol": 0.0012628042694760692,
    "gamma__tol": 0.01494612835953462,
    "shrinking__strategy": 5.720981101739486e-05,
    "shrinking__strategy__tol": 2.38667305049213e-06,
    "shrinking__tol": 7.1331860416728315e-06,
    "strategy__tol": 0.0028990246321667842
}