{
    "C": 0.08194710611939146,
    "gamma": 0.7921806521713372,
    "shrinking": 0.0001280627969949218,
    "strategy": 0.001272184878584718,
    "tol": 0.015549634271175124
}