{
    "C__coef0": 0.004359075242779735,
    "C__coef0__gamma": 0.004452749880672402,
    "C__coef0__shrinking": 4.805918481799601e-06,
    "C__coef0__strategy": 5.289527573879883e-06,
    "C__coef0__tol": 0.0002893575409111948,
    "C__gamma": 0.13466536677826535,
    "C__gamma__shrinking": 0.0007302372991507069,
    "C__gamma__strategy": 0.0016690684604279043,
    "C__gamma__tol": 0.006979186506824303,
    "C__shrinking": 0.00018771668008329566,
    "C__shrinking__strategy": 8.08778257271707e-07,
    "C__shrinking__tol": 0.0002084000437028409,
    "C__strategy": 0.0014772008394405962,
    "C__strategy__tol": 0.00036569085499377034,
    "C__tol": 0.012820511054216867,
    "coef0__gamma": 0.009558623441985103,
    "coef0__gamma__shrinking": 6.804015106162623e-05,
    "coef0__gamma__strategy": 0.00037438517918764365,
    "coef0__gamma__tol": 0.0015734012309494248,
    "coef0__shrinking": 8.187293043888724e-06,
    "coef0__shrinking__strategy": 6.157871670393758e-10,
    "coef0__shrinking__tol": 1.41880932295771e-06,
    "coef0__strategy": 2.241735910080004e-05,
    "coef0__strategy__tol": 8.742402957681605e-06,
    "coef0__tol": 0.0003863248847088864,
    "gamma__shrinking": 0.0008713583420444053,
    "gamma__shrinking__strategy": 4.132353992325694e-05,
    "gamma__shrinking__tol": 0.0004939418304244422,
    "gamma__strategy": 0.0027377108851824017,
    "gamma__strategy__tol": 0.0006456429473802455,
    "gamma__tol": 0.025084559141692934,
    "shrinking__strategy": 4.701496386536118e-06,
    "shrinking__strategy__tol": 1.4692900841508554e-06,
    "shrinking__tol": 0.0003895763708249879,
    "strategy__tol": 0.00023247654230939066
}