{
    "C": 0.05368380101104964,
    "coef0": 0.0036774662107549134,
    "gamma": 0.7124517264948852,
    "shrinking": 9.685873358225974e-05,
    "strategy": 0.0005646812042130212,
    "tol": 0.017636329216320752
}