{
    "C__coef0": 0.017919719739480568,
    "C__coef0__gamma": 0.06943023140100302,
    "C__coef0__shrinking": 0.0009749713324378045,
    "C__coef0__strategy": 0.001171869954069307,
    "C__coef0__tol": 0.002086822221985432,
    "C__gamma": 0.36598818031873026,
    "C__gamma__shrinking": 0.010489116878879545,
    "C__gamma__strategy": 0.03326854207517663,
    "C__gamma__tol": 0.022696078714928306,
    "C__shrinking": 0.0026394963524033884,
    "C__shrinking__strategy": 0.00046870173107723973,
    "C__shrinking__tol": 0.0003648018186342,
    "C__strategy": 0.006192895136637669,
    "C__strategy__tol": 0.0014214548250571016,
    "C__tol": 0.011596156521720637,
    "coef0__gamma": 0.052142168034552294,
    "coef0__gamma__shrinking": 0.0010301732448305947,
    "coef0__gamma__strategy": 0.0036109444328858405,
    "coef0__gamma__tol": 0.00427504567244011,
    "coef0__shrinking": 0.0005339779280165999,
    "coef0__shrinking__strategy": 0.00015691850853886188,
    "coef0__shrinking__tol": 0.00018408887451152895,
    "coef0__strategy": 0.0013899099684032091,
    "coef0__strategy__tol": 0.0001815641554455431,
    "coef0__tol": 0.0015603074949888645,
    "gamma__shrinking": 0.012768690176073252,
    "gamma__shrinking__strategy": 0.008134624575101678,
    "gamma__shrinking__tol": 0.0028270501511875046,
    "gamma__strategy": 0.02211309065931253,
    "gamma__strategy__tol": 0.005450386028488102,
    "gamma__tol": 0.0236523026990718,
    "shrinking__strategy": 0.0018267891502738894,
    "shrinking__strategy__tol": 0.0003150290438555369,
    "shrinking__tol": 0.001431779884589866,
    "strategy__tol": 0.002359006865027066
}