{
    "C": 0.07192592325546175,
    "coef0": 0.008569243836725617,
    "gamma": 0.1917011420636943,
    "shrinking": 0.003180085551814497,
    "strategy": 0.005193581359376192,
    "tol": 0.010658566789361957
}