{
    "algorithm": 0.031244774890217993,
    "learning_rate": 0.02259790464069777,
    "max_depth": 0.6325090059141761,
    "n_estimators": 0.035137357631915764,
    "strategy": 0.0009468305456245598
}