{
    "bootstrap": 0.0035002705996801152,
    "criterion": 0.0028518519435774582,
    "max_features": 0.24989801091102326,
    "min_samples_leaf": 0.21951223418888055,
    "min_samples_split": 0.006241943765796555,
    "strategy": 0.0010840222941106447
}