{
    "bootstrap__criterion": 0.001164633825110165,
    "bootstrap__criterion__max_features": 0.0024125111625454415,
    "bootstrap__criterion__min_samples_leaf": 0.002537799488665435,
    "bootstrap__criterion__min_samples_split": 0.00037465895364005054,
    "bootstrap__criterion__strategy": 0.00020484987936645596,
    "bootstrap__max_features": 0.07740279010123091,
    "bootstrap__max_features__min_samples_leaf": 0.05505992481916655,
    "bootstrap__max_features__min_samples_split": 0.007486630374881524,
    "bootstrap__max_features__strategy": 0.0022705030297808337,
    "bootstrap__min_samples_leaf": 0.093953964886411,
    "bootstrap__min_samples_leaf__min_samples_split": 0.007240997703152411,
    "bootstrap__min_samples_leaf__strategy": 0.0022167694831396016,
    "bootstrap__min_samples_split": 0.0024444312070722616,
    "bootstrap__min_samples_split__strategy": 0.0007139199667805362,
    "bootstrap__strategy": 0.0007737511403996173,
    "criterion__max_features": 0.002310755697903788,
    "criterion__max_features__min_samples_leaf": 0.004955333129460587,
    "criterion__max_features__min_samples_split": 0.0008140776902023266,
    "criterion__max_features__strategy": 0.000471155193702106,
    "criterion__min_samples_leaf": 0.0027076403678920336,
    "criterion__min_samples_leaf__min_samples_split": 0.0015768971058613872,
    "criterion__min_samples_leaf__strategy": 0.0006880565718536914,
    "criterion__min_samples_split": 0.0007211788887810195,
    "criterion__min_samples_split__strategy": 7.982882663542168e-05,
    "criterion__strategy": 0.0002010943389279033,
    "max_features__min_samples_leaf": 0.12960270258478324,
    "max_features__min_samples_leaf__min_samples_split": 0.024205543338826272,
    "max_features__min_samples_leaf__strategy": 0.008920134719595189,
    "max_features__min_samples_split": 0.0175281617487948,
    "max_features__min_samples_split__strategy": 0.0022804196942083858,
    "max_features__strategy": 0.004180415717852213,
    "min_samples_leaf__min_samples_split": 0.01245428515205672,
    "min_samples_leaf__min_samples_split__strategy": 0.002359003413763184,
    "min_samples_leaf__strategy": 0.0035792109245683635,
    "min_samples_split__strategy": 0.0010742607232797114
}