{
    "C": 0.008306090355222253,
    "gamma": 0.9432216978955865,
    "shrinking": 8.47599891348546e-05,
    "strategy": 0.0006260870122838079,
    "tol": 0.005652905080777005
}