{
    "C__coef0": 0.002965078078174494,
    "C__coef0__gamma": 0.003799554666063614,
    "C__coef0__shrinking": 0.00012128925652484131,
    "C__coef0__strategy": 0.0002635476277490969,
    "C__coef0__tol": 0.0005114822182461284,
    "C__gamma": 0.01576503898774162,
    "C__gamma__shrinking": 0.00012365253334852726,
    "C__gamma__strategy": 0.0003244524850978172,
    "C__gamma__tol": 0.003817196640118944,
    "C__shrinking": 6.673304464613886e-05,
    "C__shrinking__strategy": 8.43586736956961e-06,
    "C__shrinking__tol": 2.0850645410488283e-05,
    "C__strategy": 0.0002503006211984696,
    "C__strategy__tol": 0.000131472691535078,
    "C__tol": 0.0024094127223885722,
    "coef0__gamma": 0.01125414934211888,
    "coef0__gamma__shrinking": 0.00011951748566402882,
    "coef0__gamma__strategy": 0.0008943050325710359,
    "coef0__gamma__tol": 0.0013479021836768218,
    "coef0__shrinking": 8.109994539678397e-05,
    "coef0__shrinking__strategy": 2.9089816976097388e-05,
    "coef0__shrinking__tol": 4.411314682530314e-05,
    "coef0__strategy": 0.0007435795575429002,
    "coef0__strategy__tol": 7.465990310571644e-05,
    "coef0__tol": 0.0008538639099825839,
    "gamma__shrinking": 0.0003159428663060138,
    "gamma__shrinking__strategy": 4.313573285959216e-05,
    "gamma__shrinking__tol": 0.0001042457210582836,
    "gamma__strategy": 0.0008112336253802786,
    "gamma__strategy__tol": 0.00030587804188001756,
    "gamma__tol": 0.009257802139596977,
    "shrinking__strategy": 2.5723231510330015e-05,
    "shrinking__strategy__tol": 1.5076685623392088e-06,
    "shrinking__tol": 4.992292850302055e-05,
    "strategy__tol": 0.00017708279230462497
}