{
    "C": 0.005460679153120415,
    "coef0": 0.005876596789544089,
    "gamma": 0.9260494961797564,
    "shrinking": 5.9768013263321574e-05,
    "strategy": 0.00021532672607104363,
    "tol": 0.0037120643800123195
}