{
    "bootstrap": 0.04054124904727754,
    "criterion": 0.00804873323636921,
    "max_features": 0.4739440605490605,
    "min_samples_leaf": 0.14281083059999655,
    "min_samples_split": 0.009049126667103426,
    "strategy": 0.001283037255471586
}