{
    "bootstrap__criterion": 0.004980510273398216,
    "bootstrap__criterion__max_features": 0.004271193649489274,
    "bootstrap__criterion__min_samples_leaf": 0.006159936194428284,
    "bootstrap__criterion__min_samples_split": 0.0006880695259918086,
    "bootstrap__criterion__strategy": 0.000177445947495118,
    "bootstrap__max_features": 0.037498946180830106,
    "bootstrap__max_features__min_samples_leaf": 0.02031075440007113,
    "bootstrap__max_features__min_samples_split": 0.0031734394275538674,
    "bootstrap__max_features__strategy": 0.001576766018735493,
    "bootstrap__min_samples_leaf": 0.012608671353120326,
    "bootstrap__min_samples_leaf__min_samples_split": 0.00761549514739894,
    "bootstrap__min_samples_leaf__strategy": 0.0023464648289064677,
    "bootstrap__min_samples_split": 0.001962673951093799,
    "bootstrap__min_samples_split__strategy": 0.00045147408823618647,
    "bootstrap__strategy": 0.000614843047963966,
    "criterion__max_features": 0.007356907184337735,
    "criterion__max_features__min_samples_leaf": 0.007160427525886415,
    "criterion__max_features__min_samples_split": 0.0018749663767214358,
    "criterion__max_features__strategy": 0.0008072032299423098,
    "criterion__min_samples_leaf": 0.00686869881588853,
    "criterion__min_samples_leaf__min_samples_split": 0.001833030684268348,
    "criterion__min_samples_leaf__strategy": 0.000754577673309042,
    "criterion__min_samples_split": 0.000904376658832003,
    "criterion__min_samples_split__strategy": 0.0001355501638322606,
    "criterion__strategy": 0.0003365496489263881,
    "max_features__min_samples_leaf": 0.06311045021072886,
    "max_features__min_samples_leaf__min_samples_split": 0.019666719686142545,
    "max_features__min_samples_leaf__strategy": 0.009887481604795668,
    "max_features__min_samples_split": 0.017648932094469015,
    "max_features__min_samples_split__strategy": 0.003407298094610881,
    "max_features__strategy": 0.009436182759906143,
    "min_samples_leaf__min_samples_split": 0.028100394997391413,
    "min_samples_leaf__min_samples_split__strategy": 0.002370874507881371,
    "min_samples_leaf__strategy": 0.006883460433079209,
    "min_samples_split__strategy": 0.0007352948945979448
}