{
    "algorithm": 0.05465084813302112,
    "learning_rate": 0.10303303240006473,
    "max_depth": 0.45263969036818913,
    "n_estimators": 0.005528384339203442,
    "strategy": 0.0007699949154311225
}