{
    "bootstrap__criterion": 0.000248991562194585,
    "bootstrap__criterion__max_features": 0.0006899984875196469,
    "bootstrap__criterion__min_samples_leaf": 0.001723584721011433,
    "bootstrap__criterion__min_samples_split": 9.495367306683626e-05,
    "bootstrap__criterion__strategy": 5.3278142762604825e-05,
    "bootstrap__max_features": 0.03909551965132871,
    "bootstrap__max_features__min_samples_leaf": 0.02072810908876002,
    "bootstrap__max_features__min_samples_split": 0.001690076340236728,
    "bootstrap__max_features__strategy": 0.0006405090095904214,
    "bootstrap__min_samples_leaf": 0.01084685870161306,
    "bootstrap__min_samples_leaf__min_samples_split": 0.004023635008432268,
    "bootstrap__min_samples_leaf__strategy": 0.003045121378877717,
    "bootstrap__min_samples_split": 0.000998966816851867,
    "bootstrap__min_samples_split__strategy": 7.070709259230485e-05,
    "bootstrap__strategy": 0.0003520132366800774,
    "criterion__max_features": 0.0012151120396040327,
    "criterion__max_features__min_samples_leaf": 0.002489262813019283,
    "criterion__max_features__min_samples_split": 0.00010044513767124333,
    "criterion__max_features__strategy": 7.785049425927042e-05,
    "criterion__min_samples_leaf": 0.0016047387158513171,
    "criterion__min_samples_leaf__min_samples_split": 0.000740138150985895,
    "criterion__min_samples_leaf__strategy": 0.0003093803896798773,
    "criterion__min_samples_split": 0.0001351273213556182,
    "criterion__min_samples_split__strategy": 1.8144011988627858e-05,
    "criterion__strategy": 4.94388960006122e-05,
    "max_features__min_samples_leaf": 0.041765901236371694,
    "max_features__min_samples_leaf__min_samples_split": 0.005514769154155304,
    "max_features__min_samples_leaf__strategy": 0.0037455058472740787,
    "max_features__min_samples_split": 0.002153115969350055,
    "max_features__min_samples_split__strategy": 0.00024068017865651998,
    "max_features__strategy": 0.001307728397406547,
    "min_samples_leaf__min_samples_split": 0.004020525590649803,
    "min_samples_leaf__min_samples_split__strategy": 0.0003646922697790539,
    "min_samples_leaf__strategy": 0.002984381432776393,
    "min_samples_split__strategy": 8.825898289891603e-05
}