{
    "bootstrap": 0.07045031525650447,
    "criterion": 0.0018125506447726912,
    "max_features": 0.15050662619399133,
    "min_samples_leaf": 0.6101332014319832,
    "min_samples_split": 0.0009264178845399549,
    "strategy": 0.0005144087291710361
}