{
    "C": 0.03619529123765845,
    "coef0": 0.029988259395857968,
    "gamma": 0.27794340298937675,
    "shrinking": 0.004641430429770062,
    "strategy": 0.002169692575214212,
    "tol": 0.05920608059224076
}