{
    "C__coef0": 0.013383799666179357,
    "C__coef0__gamma": 0.016636893072048964,
    "C__coef0__shrinking": 0.000591914097271079,
    "C__coef0__strategy": 0.001844473481970612,
    "C__coef0__tol": 0.00879213150129527,
    "C__gamma": 0.09082019052881518,
    "C__gamma__shrinking": 0.008948088019559541,
    "C__gamma__strategy": 0.0035988858980645945,
    "C__gamma__tol": 0.07242156083940182,
    "C__shrinking": 0.0018552339590176617,
    "C__shrinking__strategy": 0.00024331912529480457,
    "C__shrinking__tol": 0.0007570091559990916,
    "C__strategy": 0.00155128550637376,
    "C__strategy__tol": 0.0004865136591944638,
    "C__tol": 0.033513129328857034,
    "coef0__gamma": 0.06121031890179096,
    "coef0__gamma__shrinking": 0.0031070396441710488,
    "coef0__gamma__strategy": 0.0025105044397045716,
    "coef0__gamma__tol": 0.02211658386849403,
    "coef0__shrinking": 0.0017044986980206261,
    "coef0__shrinking__strategy": 0.00040799447525587465,
    "coef0__shrinking__tol": 0.0009512927011685254,
    "coef0__strategy": 0.0028803307005762,
    "coef0__strategy__tol": 0.0016654535652653873,
    "coef0__tol": 0.013720185974619763,
    "gamma__shrinking": 0.01538593876484317,
    "gamma__shrinking__strategy": 0.00047640372333973384,
    "gamma__shrinking__tol": 0.017161661333158246,
    "gamma__strategy": 0.013771815149991483,
    "gamma__strategy__tol": 0.008416916865659985,
    "gamma__tol": 0.1408657016835521,
    "shrinking__strategy": 0.000258050221422116,
    "shrinking__strategy__tol": 0.0004469084480677628,
    "shrinking__tol": 0.005438747279510624,
    "strategy__tol": 0.003732605815494068
}