{
    "C__coef0": 0.001927703293139575,
    "C__coef0__gamma": 0.002946728451977243,
    "C__coef0__shrinking": 8.850148681967263e-06,
    "C__coef0__strategy": 0.0006319204239761034,
    "C__coef0__tol": 0.00012473365809467047,
    "C__gamma": 0.07960020313661076,
    "C__gamma__shrinking": 0.0005808471303504509,
    "C__gamma__strategy": 0.002388172433880469,
    "C__gamma__tol": 0.002063352016556116,
    "C__shrinking": 0.00018404775234758528,
    "C__shrinking__strategy": 0.00011540611519465067,
    "C__shrinking__tol": 2.1824377616534545e-05,
    "C__strategy": 0.0014430878708114735,
    "C__strategy__tol": 7.881714075708775e-05,
    "C__tol": 0.0009377099388658233,
    "coef0__gamma": 0.00320266369394151,
    "coef0__gamma__shrinking": 0.00011426496202076404,
    "coef0__gamma__strategy": 0.00045808330862528155,
    "coef0__gamma__tol": 0.00027695327813391556,
    "coef0__shrinking": 3.517502390954646e-05,
    "coef0__shrinking__strategy": 3.620202106014835e-07,
    "coef0__shrinking__tol": 6.754956984813209e-06,
    "coef0__strategy": 0.0008854690735403765,
    "coef0__strategy__tol": 2.6725005151265928e-05,
    "coef0__tol": 0.00012282083769722674,
    "gamma__shrinking": 0.0006162303933260532,
    "gamma__shrinking__strategy": 3.590226412223535e-05,
    "gamma__shrinking__tol": 0.00020618748052420944,
    "gamma__strategy": 0.0023656429440281753,
    "gamma__strategy__tol": 0.0004157768966655479,
    "gamma__tol": 0.0030126126979371465,
    "shrinking__strategy": 3.343687159270602e-05,
    "shrinking__strategy__tol": 5.196473039952921e-06,
    "shrinking__tol": 4.70243592724422e-05,
    "strategy__tol": 0.00019537719924307044
}