{
    "C": 0.04538232105768471,
    "coef0": 0.0013921761903340313,
    "gamma": 0.8444768349270046,
    "shrinking": 0.00010766663859516359,
    "strategy": 0.00027650378416900555,
    "tol": 0.002351589264832175
}