{
    "algorithm": 0.0005299576892003867,
    "learning_rate": 0.3282973705691177,
    "max_depth": 0.05665991203031563,
    "n_estimators": 0.06801045423610315,
    "strategy": 0.0020581799950095256
}