{
    "C": 0.2922218383326817,
    "gamma": 0.2838923415977831,
    "shrinking": 0.0009436287689742061,
    "strategy": 0.0004531331841380915,
    "tol": 0.0391550592484797
}