{
    "algorithm": 0.045490519091779015,
    "learning_rate": 0.02082769796257679,
    "max_depth": 0.6810150453253608,
    "n_estimators": 0.0015208748813953846,
    "strategy": 0.0007633241612802996
}