{
    "C": 0.05946045897178699,
    "coef0": 0.02848996992656623,
    "gamma": 0.2479026360392994,
    "shrinking": 0.0009375437702264177,
    "strategy": 0.0030613053088743613,
    "tol": 0.07261165409456918
}