{
    "C__coef0": 0.008938931238995598,
    "C__coef0__gamma": 0.02017407550360034,
    "C__coef0__shrinking": 0.0008633479330182403,
    "C__coef0__strategy": 0.0007186894776678287,
    "C__coef0__tol": 0.006676194540703215,
    "C__gamma": 0.13978534544493393,
    "C__gamma__shrinking": 0.008429971915313712,
    "C__gamma__strategy": 0.017740993958868266,
    "C__gamma__tol": 0.02267790209304725,
    "C__shrinking": 0.0023749094043382436,
    "C__shrinking__strategy": 0.00011990092422018133,
    "C__shrinking__tol": 0.000721101090712821,
    "C__strategy": 0.003989241198983177,
    "C__strategy__tol": 0.0004998696225211492,
    "C__tol": 0.01904543569359622,
    "coef0__gamma": 0.06363658932442018,
    "coef0__gamma__shrinking": 0.0018746511947959096,
    "coef0__gamma__strategy": 0.0038264358968671816,
    "coef0__gamma__tol": 0.04290955585642335,
    "coef0__shrinking": 0.0012172091304228278,
    "coef0__shrinking__strategy": 5.439833367501187e-05,
    "coef0__shrinking__tol": 0.0007140940245203078,
    "coef0__strategy": 0.0011522593303353338,
    "coef0__strategy__tol": 0.0008386631568333552,
    "coef0__tol": 0.047502491453177795,
    "gamma__shrinking": 0.004758616857806047,
    "gamma__shrinking__strategy": 0.0005667888487523656,
    "gamma__shrinking__tol": 0.0017831148582071465,
    "gamma__strategy": 0.01578469686145181,
    "gamma__strategy__tol": 0.015304291803034803,
    "gamma__tol": 0.10724912792967192,
    "shrinking__strategy": 0.00016195506446195105,
    "shrinking__strategy__tol": 0.00018224317315524222,
    "shrinking__tol": 0.0005484542341004928,
    "strategy__tol": 0.00335846597200698
}