{
    "algorithm": 0.04957427236169541,
    "learning_rate": 0.024640001627826966,
    "max_depth": 0.3020718474648927,
    "n_estimators": 0.03329455468323547,
    "strategy": 0.00980353491269548
}