{
    "C__coef0": 0.0022923795706717744,
    "C__coef0__gamma": 0.002163527215538221,
    "C__coef0__shrinking": 2.6131331758928907e-06,
    "C__coef0__strategy": 6.861273471414547e-05,
    "C__coef0__tol": 0.000371841808075187,
    "C__gamma": 0.010117594607958469,
    "C__gamma__shrinking": 0.0006096997663665687,
    "C__gamma__strategy": 0.00041724561507733206,
    "C__gamma__tol": 0.000990035092617656,
    "C__shrinking": 0.0012891663684344889,
    "C__shrinking__strategy": 1.2395204228882943e-05,
    "C__shrinking__tol": 0.0004832412335659816,
    "C__strategy": 0.0002122734803758361,
    "C__strategy__tol": 2.1604953771441754e-05,
    "C__tol": 0.0011713932173968789,
    "coef0__gamma": 0.01714274839291019,
    "coef0__gamma__shrinking": 6.748661876254187e-05,
    "coef0__gamma__strategy": 0.0002587446571891243,
    "coef0__gamma__tol": 0.0034306062336633926,
    "coef0__shrinking": 1.1511426482373199e-05,
    "coef0__shrinking__strategy": 3.2661340097910085e-06,
    "coef0__shrinking__tol": 2.21937367529592e-06,
    "coef0__strategy": 0.0001263931846072659,
    "coef0__strategy__tol": 2.0771679997898425e-05,
    "coef0__tol": 0.0028330445958814387,
    "gamma__shrinking": 0.0012750497017851622,
    "gamma__shrinking__strategy": 1.3678482760674793e-05,
    "gamma__shrinking__tol": 0.00016698387778060764,
    "gamma__strategy": 0.0011693886920203095,
    "gamma__strategy__tol": 0.0003188203988514146,
    "gamma__tol": 0.012741685958920161,
    "shrinking__strategy": 4.217476431540992e-06,
    "shrinking__strategy__tol": 9.064104494851987e-07,
    "shrinking__tol": 4.537764468923178e-05,
    "strategy__tol": 5.697272645836023e-05
}