{
    "C": 0.0028298207546198504,
    "coef0": 0.00797206114599493,
    "gamma": 0.9211913743367997,
    "shrinking": 0.00021677417321718933,
    "strategy": 0.0002168301423811775,
    "tol": 0.006799159173039255
}