{
    "C": 0.019414639243410456,
    "gamma": 0.9256602958925717,
    "shrinking": 1.9298146870188754e-05,
    "strategy": 8.149613851889887e-05,
    "tol": 0.0023647204086803594
}