{
    "C": 0.005392255278226549,
    "coef0": 0.004979700181695717,
    "gamma": 0.960742156604037,
    "shrinking": 2.9243874791318212e-05,
    "strategy": 7.585841188042272e-05,
    "tol": 0.0005930317223421474
}