{
    "C__coef0": 0.001124835138494035,
    "C__coef0__gamma": 0.0006772954787556199,
    "C__coef0__shrinking": 8.235945526379026e-06,
    "C__coef0__strategy": 0.00030049215368907717,
    "C__coef0__tol": 4.2425074111152126e-05,
    "C__gamma": 0.014083706159472964,
    "C__gamma__shrinking": 0.0001397015941664995,
    "C__gamma__strategy": 0.00017024448006311486,
    "C__gamma__tol": 0.00025478266819687137,
    "C__shrinking": 0.00010905822790578768,
    "C__shrinking__strategy": 2.318680158365407e-06,
    "C__shrinking__tol": 9.701246181737384e-06,
    "C__strategy": 0.00012291814887541175,
    "C__strategy__tol": 3.2234453962624128e-06,
    "C__tol": 0.00019453400649007769,
    "coef0__gamma": 0.007939925858826635,
    "coef0__gamma__shrinking": 8.874489479641298e-06,
    "coef0__gamma__strategy": 4.508100982984135e-05,
    "coef0__gamma__tol": 0.000695180760731719,
    "coef0__shrinking": 3.52679935830821e-06,
    "coef0__shrinking__strategy": 6.386687020965741e-08,
    "coef0__shrinking__tol": 4.032115071421255e-07,
    "coef0__strategy": 4.982213022172038e-05,
    "coef0__strategy__tol": 9.476062749245269e-07,
    "coef0__tol": 0.00018942349832950936,
    "gamma__shrinking": 6.778180807908148e-05,
    "gamma__shrinking__strategy": 5.632726273459656e-06,
    "gamma__shrinking__tol": 1.3886772529038416e-05,
    "gamma__strategy": 0.00035691304032867924,
    "gamma__strategy__tol": 2.898427963514156e-05,
    "gamma__tol": 0.0013902471228225458,
    "shrinking__strategy": 1.059375993876392e-06,
    "shrinking__strategy__tol": 1.7040520548569486e-07,
    "shrinking__tol": 3.1633577653663062e-06,
    "strategy__tol": 2.0760567122984843e-05
}