{
    "C": 0.1784222518891953,
    "gamma": 0.44041006915458014,
    "shrinking": 0.0003831332575071117,
    "strategy": 0.00251368971559459,
    "tol": 0.015091027360056136
}