{
    "C__coef0": 0.008294874458551194,
    "C__coef0__gamma": 0.005187036552884619,
    "C__coef0__shrinking": 4.061399948238195e-05,
    "C__coef0__strategy": 0.0003829135705461864,
    "C__coef0__tol": 0.0006261396301389379,
    "C__gamma": 0.016305798652291537,
    "C__gamma__shrinking": 0.00025506923458209216,
    "C__gamma__strategy": 0.00029744558185155535,
    "C__gamma__tol": 0.0011565465510848597,
    "C__shrinking": 0.0003659647025863004,
    "C__shrinking__strategy": 1.8610442415378705e-08,
    "C__shrinking__tol": 3.6970042120655806e-07,
    "C__strategy": 0.00046656907722793575,
    "C__strategy__tol": 6.023315166504839e-06,
    "C__tol": 0.0014387546133020268,
    "coef0__gamma": 0.015110695516699857,
    "coef0__gamma__shrinking": 9.154499939973428e-06,
    "coef0__gamma__strategy": 8.745685125856956e-05,
    "coef0__gamma__tol": 0.0010704931934947823,
    "coef0__shrinking": 1.2752434060002526e-06,
    "coef0__shrinking__strategy": 1.7275899738138133e-09,
    "coef0__shrinking__tol": 2.2846753710962543e-07,
    "coef0__strategy": 3.300526966885314e-05,
    "coef0__strategy__tol": 7.363562201458161e-07,
    "coef0__tol": 0.0008162919996931844,
    "gamma__shrinking": 3.567937134957529e-05,
    "gamma__shrinking__strategy": 8.077116050365007e-06,
    "gamma__shrinking__tol": 1.1340615856520603e-05,
    "gamma__strategy": 0.0003447925319775713,
    "gamma__strategy__tol": 8.01095526690998e-05,
    "gamma__tol": 0.005838487584060891,
    "shrinking__strategy": 8.7650954127618e-08,
    "shrinking__strategy__tol": 1.2688639218720718e-08,
    "shrinking__tol": 1.8731583182147668e-06,
    "strategy__tol": 1.6898079015753575e-05
}