{
    "C": 0.008830903393400997,
    "coef0": 0.005851766757056647,
    "gamma": 0.9238961594305908,
    "shrinking": 8.762597259845778e-06,
    "strategy": 5.821874936444263e-05,
    "tol": 0.002662977598232109
}