{
    "C": 0.022821403252757732,
    "gamma": 0.9008403437970937,
    "shrinking": 0.0001845765172823109,
    "strategy": 0.0005450896438731625,
    "tol": 0.00781457832432249
}