{
    "C": 0.02841011446596392,
    "gamma": 0.803790969482389,
    "shrinking": 0.0006286521606927503,
    "strategy": 0.0029191968204645095,
    "tol": 0.01073115805965735
}