{
    "C": 0.14853307261876358,
    "coef0": 0.01812055011794002,
    "gamma": 0.1427232678864827,
    "shrinking": 0.00027512039388743965,
    "strategy": 0.006575183642208873,
    "tol": 0.023978936960392418
}