{
    "C__coef0": 0.021331492981688332,
    "C__coef0__gamma": 0.048014340602436756,
    "C__coef0__shrinking": 0.00010385925303387162,
    "C__coef0__strategy": 0.0006340253988308849,
    "C__coef0__tol": 0.0006893335679767423,
    "C__gamma": 0.3821242728777511,
    "C__gamma__shrinking": 0.0019383025403469356,
    "C__gamma__strategy": 0.016410082007187923,
    "C__gamma__tol": 0.023952956616659152,
    "C__shrinking": 0.0010397115176484513,
    "C__shrinking__strategy": 0.0013821179563992796,
    "C__shrinking__tol": 8.062493564380338e-05,
    "C__strategy": 0.007871959119187153,
    "C__strategy__tol": 0.00028994877072244067,
    "C__tol": 0.009298565226566434,
    "coef0__gamma": 0.05184747201732903,
    "coef0__gamma__shrinking": 0.00016790500787818263,
    "coef0__gamma__strategy": 0.0028031844994283964,
    "coef0__gamma__tol": 0.007726747255528698,
    "coef0__shrinking": 4.132808858726679e-05,
    "coef0__shrinking__strategy": 2.052069984167116e-06,
    "coef0__shrinking__tol": 5.196333649772587e-06,
    "coef0__strategy": 0.003202700517565561,
    "coef0__strategy__tol": 0.0005454824908456193,
    "coef0__tol": 0.004497911640926718,
    "gamma__shrinking": 0.0025110314385061454,
    "gamma__shrinking__strategy": 0.0007994492826985632,
    "gamma__shrinking__tol": 0.000409736532203598,
    "gamma__strategy": 0.030132319542408283,
    "gamma__strategy__tol": 0.004807479482932565,
    "gamma__tol": 0.025335302178706463,
    "shrinking__strategy": 0.00015409087604576193,
    "shrinking__strategy__tol": 6.293651757569886e-06,
    "shrinking__tol": 0.00011310598540452063,
    "strategy__tol": 0.001338766599771224
}