{
    "algorithm": 0.0014598571946974098,
    "learning_rate": 0.03260569537144965,
    "max_depth": 0.7554029345143121,
    "n_estimators": 0.010050512921457783,
    "strategy": 0.00016685794333224296
}