{
    "algorithm": 0.018600332544571795,
    "learning_rate": 0.10499972585984052,
    "max_depth": 0.4797825247423853,
    "n_estimators": 0.016858171493498903,
    "strategy": 0.0014469953170716807
}