{
    "C__coef0": 0.014602394037905447,
    "C__coef0__gamma": 0.0107661703746815,
    "C__coef0__shrinking": 8.202616768981496e-06,
    "C__coef0__strategy": 8.18426864310144e-05,
    "C__coef0__tol": 0.0005011132292516568,
    "C__gamma": 0.04759270118144565,
    "C__gamma__shrinking": 0.00032024536185146137,
    "C__gamma__strategy": 0.001500991362140897,
    "C__gamma__tol": 0.01105076010082262,
    "C__shrinking": 4.6627999111176644e-05,
    "C__shrinking__strategy": 8.542601387808964e-06,
    "C__shrinking__tol": 2.0888269935244452e-05,
    "C__strategy": 0.0007463710831355586,
    "C__strategy__tol": 0.0002813533603707591,
    "C__tol": 0.04019638472152719,
    "coef0__gamma": 0.05123768814190366,
    "coef0__gamma__shrinking": 7.495855072611746e-05,
    "coef0__gamma__strategy": 0.0006955708440415822,
    "coef0__gamma__tol": 0.020913989184641157,
    "coef0__shrinking": 0.02241591033265347,
    "coef0__shrinking__strategy": 2.7623162976814176e-06,
    "coef0__shrinking__tol": 0.00010277184033419956,
    "coef0__strategy": 0.0002882872893265143,
    "coef0__strategy__tol": 0.00022294627991823954,
    "coef0__tol": 0.023708712939597962,
    "gamma__shrinking": 0.0007189780718435683,
    "gamma__shrinking__strategy": 7.969068979064289e-05,
    "gamma__shrinking__tol": 0.0005040436133163309,
    "gamma__strategy": 0.0015241899164156003,
    "gamma__strategy__tol": 0.0006342925114938697,
    "gamma__tol": 0.04764030501576279,
    "shrinking__strategy": 1.3426591164869908e-05,
    "shrinking__strategy__tol": 2.869940844130273e-05,
    "shrinking__tol": 6.941914346238892e-05,
    "strategy__tol": 0.00022921817702078323
}