{
    "C": 0.07707655593766552,
    "coef0": 0.07389961911406112,
    "gamma": 0.5003676851253871,
    "shrinking": 0.0012102426583792676,
    "strategy": 0.00020994041623053288,
    "tol": 0.046046600436672844
}