{
    "C__coef0": 0.000962024166084914,
    "C__coef0__gamma": 0.002098505337542425,
    "C__coef0__shrinking": 1.019257908068908e-05,
    "C__coef0__strategy": 2.582117593387227e-05,
    "C__coef0__tol": 0.00015070442320568923,
    "C__gamma": 0.01371275239077896,
    "C__gamma__shrinking": 0.0001297362359074198,
    "C__gamma__strategy": 0.00015688062416048927,
    "C__gamma__tol": 0.0007821631224110637,
    "C__shrinking": 4.693419391430439e-05,
    "C__shrinking__strategy": 2.2302072434013517e-06,
    "C__shrinking__tol": 9.73990436781895e-06,
    "C__strategy": 7.173585399448582e-05,
    "C__strategy__tol": 2.0600162576600144e-05,
    "C__tol": 0.0005064074154417426,
    "coef0__gamma": 0.00589790073686236,
    "coef0__gamma__shrinking": 8.851672488292483e-05,
    "coef0__gamma__strategy": 0.0002858526340739148,
    "coef0__gamma__tol": 0.0005674457027728293,
    "coef0__shrinking": 4.282728812570225e-05,
    "coef0__shrinking__strategy": 7.049067209197808e-06,
    "coef0__shrinking__tol": 8.289779163276679e-06,
    "coef0__strategy": 0.00028378532577274374,
    "coef0__strategy__tol": 2.006694154840636e-05,
    "coef0__tol": 0.00023322870676474204,
    "gamma__shrinking": 0.0006603695053602506,
    "gamma__shrinking__strategy": 7.6001265892887155e-06,
    "gamma__shrinking__tol": 0.00028677854698764974,
    "gamma__strategy": 0.0008724077497266958,
    "gamma__strategy__tol": 5.7645225640228556e-05,
    "gamma__tol": 0.003138840759337285,
    "shrinking__strategy": 2.066050955653654e-06,
    "shrinking__strategy__tol": 2.605277777983266e-07,
    "shrinking__tol": 0.00015473918772103542,
    "strategy__tol": 1.5414947098774676e-05
}