{
    "C": 0.0060074242408606066,
    "coef0": 0.001700548043430644,
    "gamma": 0.9584569918399252,
    "shrinking": 2.0392765113727444e-05,
    "strategy": 0.00010238265977218663,
    "tol": 0.0018823897021313439
}