{
    "algorithm": 0.06823144558626357,
    "learning_rate": 0.14091182685701947,
    "max_depth": 0.37711045535172194,
    "n_estimators": 0.04267182445101824,
    "strategy": 0.0010249406227258138
}