{
    "bootstrap__criterion": 0.0001175326504640542,
    "bootstrap__criterion__max_features": 0.0003129378421165563,
    "bootstrap__criterion__min_samples_leaf": 0.00021757849694366976,
    "bootstrap__criterion__min_samples_split": 5.196756396828048e-05,
    "bootstrap__criterion__strategy": 2.9681167053909052e-06,
    "bootstrap__max_features": 0.08111507246041738,
    "bootstrap__max_features__min_samples_leaf": 0.014822747364915123,
    "bootstrap__max_features__min_samples_split": 0.0018419641905614422,
    "bootstrap__max_features__strategy": 0.00203385768548622,
    "bootstrap__min_samples_leaf": 0.0046931154550843845,
    "bootstrap__min_samples_leaf__min_samples_split": 0.000964535367950538,
    "bootstrap__min_samples_leaf__strategy": 0.0006369298569872668,
    "bootstrap__min_samples_split": 0.0003867745868284902,
    "bootstrap__min_samples_split__strategy": 8.06834462650694e-05,
    "bootstrap__strategy": 0.00031224498875118156,
    "criterion__max_features": 0.0011712931158632811,
    "criterion__max_features__min_samples_leaf": 0.0029158235747083205,
    "criterion__max_features__min_samples_split": 0.0002932135642381758,
    "criterion__max_features__strategy": 0.00012589689433828433,
    "criterion__min_samples_leaf": 0.00045463669506473625,
    "criterion__min_samples_leaf__min_samples_split": 0.001015609053790589,
    "criterion__min_samples_leaf__strategy": 8.733422275292169e-05,
    "criterion__min_samples_split": 0.00046675891271574224,
    "criterion__min_samples_split__strategy": 5.597308924979545e-06,
    "criterion__strategy": 2.3880579049784245e-05,
    "max_features__min_samples_leaf": 0.025435307377108196,
    "max_features__min_samples_leaf__min_samples_split": 0.00736622225733238,
    "max_features__min_samples_leaf__strategy": 0.002677536454927104,
    "max_features__min_samples_split": 0.003423644648379054,
    "max_features__min_samples_split__strategy": 0.00035527475214474583,
    "max_features__strategy": 0.0026595554706180004,
    "min_samples_leaf__min_samples_split": 0.003236733345318965,
    "min_samples_leaf__min_samples_split__strategy": 0.0010282302316330586,
    "min_samples_leaf__strategy": 0.000909825844105903,
    "min_samples_split__strategy": 0.0002758480186251856
}