{
    "bootstrap": 0.015452257420811796,
    "criterion": 0.0003039191299713355,
    "max_features": 0.6252549383365424,
    "min_samples_leaf": 0.18781656090000232,
    "min_samples_split": 0.0012150786002691704,
    "strategy": 0.00037519189120529726
}