{
    "C": 0.0772887528073466,
    "gamma": 0.7864008091180544,
    "shrinking": 0.0003107979700734545,
    "strategy": 0.00153868635380787,
    "tol": 0.0032252325023856446
}