{
    "algorithm": 0.03509197371829188,
    "learning_rate": 0.4713761331757399,
    "max_depth": 0.009709295326065917,
    "n_estimators": 0.018612580155169707,
    "strategy": 0.0007184886302513039
}