{
    "algorithm": 0.0009447706273132586,
    "learning_rate": 0.10952477047588349,
    "max_depth": 0.6132184902688016,
    "n_estimators": 0.01472085409601828,
    "strategy": 0.004475740025597896
}