{
    "C": 0.3057337220946763,
    "gamma": 0.4960934451770246,
    "shrinking": 0.00040860361361511727,
    "strategy": 0.0012570155309306775,
    "tol": 0.00546470919081961
}