{
    "C": 0.21407188126111382,
    "gamma": 0.14862537449735247,
    "shrinking": 0.000904656126998942,
    "strategy": 0.003499665918959515,
    "tol": 0.0603146563656877
}