{
    "C": 0.23179989114360694,
    "gamma": 0.6711012536428083,
    "shrinking": 4.822614770066919e-05,
    "strategy": 0.0003796778840134459,
    "tol": 0.003215909962869682
}