{
    "bootstrap": 0.14025267341174338,
    "criterion": 0.002925869062181753,
    "max_features": 0.05075506522696641,
    "min_samples_leaf": 0.6511670204945608,
    "min_samples_split": 0.00544577378026342,
    "strategy": 0.00027544639785384036
}