{
    "bootstrap__criterion": 0.00016429017671066182,
    "bootstrap__criterion__max_features": 0.0005131963529352301,
    "bootstrap__criterion__min_samples_leaf": 0.0018409892306756014,
    "bootstrap__criterion__min_samples_split": 0.0002746425395595293,
    "bootstrap__criterion__strategy": 6.269290593622132e-05,
    "bootstrap__max_features": 0.044551728237688014,
    "bootstrap__max_features__min_samples_leaf": 0.016130164110790303,
    "bootstrap__max_features__min_samples_split": 0.0017558909319522458,
    "bootstrap__max_features__strategy": 0.00048087286699244645,
    "bootstrap__min_samples_leaf": 0.006435206676902228,
    "bootstrap__min_samples_leaf__min_samples_split": 0.0050849672435028205,
    "bootstrap__min_samples_leaf__strategy": 0.0008640524848860186,
    "bootstrap__min_samples_split": 0.0011059554859602682,
    "bootstrap__min_samples_split__strategy": 0.0002833239456239187,
    "bootstrap__strategy": 0.00016448599391922207,
    "criterion__max_features": 0.0008778386398825486,
    "criterion__max_features__min_samples_leaf": 0.0018334835188017554,
    "criterion__max_features__min_samples_split": 0.00016878673460259987,
    "criterion__max_features__strategy": 5.7134624519439607e-05,
    "criterion__min_samples_leaf": 0.0019037588711082742,
    "criterion__min_samples_leaf__min_samples_split": 0.0010457403735343335,
    "criterion__min_samples_leaf__strategy": 0.00031955307173148515,
    "criterion__min_samples_split": 0.0003301633846010104,
    "criterion__min_samples_split__strategy": 8.483995645420974e-05,
    "criterion__strategy": 6.682927236844829e-05,
    "max_features__min_samples_leaf": 0.02242298129271081,
    "max_features__min_samples_leaf__min_samples_split": 0.006744013103097939,
    "max_features__min_samples_leaf__strategy": 0.0014113611082108323,
    "max_features__min_samples_split": 0.0017681974008183264,
    "max_features__min_samples_split__strategy": 0.0003549006997663096,
    "max_features__strategy": 0.0012465452271881435,
    "min_samples_leaf__min_samples_split": 0.013748996466801753,
    "min_samples_leaf__min_samples_split__strategy": 0.00069795154262437,
    "min_samples_leaf__strategy": 0.0009823965509145659,
    "min_samples_split__strategy": 0.00023532025220079493
}