{
    "bootstrap__criterion": 0.00017744376667164859,
    "bootstrap__criterion__max_features": 0.0015432730032216221,
    "bootstrap__criterion__min_samples_leaf": 0.0007755872949719231,
    "bootstrap__criterion__min_samples_split": 0.0001654390943707281,
    "bootstrap__criterion__strategy": 0.00012168458504562853,
    "bootstrap__max_features": 0.05218551570075905,
    "bootstrap__max_features__min_samples_leaf": 0.04652115635188189,
    "bootstrap__max_features__min_samples_split": 0.0026325503965770897,
    "bootstrap__max_features__strategy": 0.0010984653622734602,
    "bootstrap__min_samples_leaf": 0.060241780459585725,
    "bootstrap__min_samples_leaf__min_samples_split": 0.0042719094912027165,
    "bootstrap__min_samples_leaf__strategy": 0.001457899285282594,
    "bootstrap__min_samples_split": 0.0010980922595032986,
    "bootstrap__min_samples_split__strategy": 0.0003213835296342303,
    "bootstrap__strategy": 0.0004643931512249536,
    "criterion__max_features": 0.0012677251288219504,
    "criterion__max_features__min_samples_leaf": 0.0034697599108980404,
    "criterion__max_features__min_samples_split": 0.0005525255792020783,
    "criterion__max_features__strategy": 0.00022685769563889915,
    "criterion__min_samples_leaf": 0.0007293074532404575,
    "criterion__min_samples_leaf__min_samples_split": 0.0005536049999912468,
    "criterion__min_samples_leaf__strategy": 0.0005557047906499192,
    "criterion__min_samples_split": 0.00017642413577517225,
    "criterion__min_samples_split__strategy": 6.614872689234431e-05,
    "criterion__strategy": 0.00012643652660482827,
    "max_features__min_samples_leaf": 0.09425608335698077,
    "max_features__min_samples_leaf__min_samples_split": 0.008476389306918193,
    "max_features__min_samples_leaf__strategy": 0.004028590980657547,
    "max_features__min_samples_split": 0.004025880476679729,
    "max_features__min_samples_split__strategy": 0.0007700339379057256,
    "max_features__strategy": 0.001512205457992921,
    "min_samples_leaf__min_samples_split": 0.003995153232328487,
    "min_samples_leaf__min_samples_split__strategy": 0.0007789599492674906,
    "min_samples_leaf__strategy": 0.0019138074859908591,
    "min_samples_split__strategy": 0.0003407731857823814
}