{
    "bootstrap": 0.07994280337117418,
    "criterion": 0.00015509270799259815,
    "max_features": 0.20495976312200934,
    "min_samples_leaf": 0.3915957172524288,
    "min_samples_split": 0.0013618051508995407,
    "strategy": 0.0005884383444890065
}