{
    "C__coef0": 0.0015964542731510215,
    "C__coef0__gamma": 0.00269264511627388,
    "C__coef0__shrinking": 6.119385141674805e-06,
    "C__coef0__strategy": 0.000291145371484558,
    "C__coef0__tol": 0.0005418023520169912,
    "C__gamma": 0.024171752267780566,
    "C__gamma__shrinking": 0.0006585850703815866,
    "C__gamma__strategy": 0.0010353054524008263,
    "C__gamma__tol": 0.0021613307853343873,
    "C__shrinking": 0.00048079956623497304,
    "C__shrinking__strategy": 3.2344152782210617e-07,
    "C__shrinking__tol": 8.544048778310036e-05,
    "C__strategy": 0.0005984637615036297,
    "C__strategy__tol": 0.00044456559537907597,
    "C__tol": 0.0012114906300834498,
    "coef0__gamma": 0.010236607204806014,
    "coef0__gamma__shrinking": 2.397056916192148e-05,
    "coef0__gamma__strategy": 0.0005743686086817695,
    "coef0__gamma__tol": 0.004506227962008065,
    "coef0__shrinking": 1.5803765000768025e-05,
    "coef0__shrinking__strategy": 3.0861616207109727e-07,
    "coef0__shrinking__tol": 3.8844633913965275e-05,
    "coef0__strategy": 0.0006841674989301813,
    "coef0__strategy__tol": 0.0005647432207679243,
    "coef0__tol": 0.0019140176197921452,
    "gamma__shrinking": 0.0004926118557568465,
    "gamma__shrinking__strategy": 2.6626138296534027e-06,
    "gamma__shrinking__tol": 0.00018775612689526065,
    "gamma__strategy": 0.0020653951899748087,
    "gamma__strategy__tol": 0.00330880590319633,
    "gamma__tol": 0.008774699707614235,
    "shrinking__strategy": 4.883192554630891e-07,
    "shrinking__strategy__tol": 6.052410559810421e-07,
    "shrinking__tol": 5.8415637748217546e-05,
    "strategy__tol": 0.0016606555514931311
}