{
    "C": 0.006265772721938105,
    "coef0": 0.005819180399188794,
    "gamma": 0.9114533722022609,
    "shrinking": 0.0001794024416899415,
    "strategy": 0.0008686203188500745,
    "tol": 0.002200167500100109
}