{
    "algorithm": 0.015166645262356917,
    "learning_rate": 0.09224571825053421,
    "max_depth": 0.4838966581514613,
    "n_estimators": 0.02390748561425283,
    "strategy": 0.0010271736767088467
}