{
    "C": 0.2419460198575949,
    "gamma": 0.30522540854274094,
    "shrinking": 0.0003969643274466941,
    "strategy": 0.0019750238354607997,
    "tol": 0.02913710892215175
}