{
    "C": 0.29901156698096387,
    "gamma": 0.21967699485342176,
    "shrinking": 0.0019081794194240678,
    "strategy": 0.0022851946236700244,
    "tol": 0.011650476625560076
}