{
    "C__coef0": 0.00452428593339365,
    "C__coef0__gamma": 0.009838841429756717,
    "C__coef0__shrinking": 6.842055718832773e-06,
    "C__coef0__strategy": 0.00017010684961663112,
    "C__coef0__tol": 0.0008749592613909452,
    "C__gamma": 0.17566252575988028,
    "C__gamma__shrinking": 7.400373021016277e-05,
    "C__gamma__strategy": 0.003403733887930834,
    "C__gamma__tol": 0.005551618786811005,
    "C__shrinking": 1.557308542775128e-05,
    "C__shrinking__strategy": 8.459442316440142e-07,
    "C__shrinking__tol": 4.602956988350795e-06,
    "C__strategy": 0.0006600562471616716,
    "C__strategy__tol": 2.0738041552443957e-05,
    "C__tol": 0.0018847785091374667,
    "coef0__gamma": 0.009159782301166097,
    "coef0__gamma__shrinking": 0.00013070057378358803,
    "coef0__gamma__strategy": 0.0007326932943878489,
    "coef0__gamma__tol": 0.005489026958313605,
    "coef0__shrinking": 2.4012304458614447e-05,
    "coef0__shrinking__strategy": 1.0008528059596636e-06,
    "coef0__shrinking__tol": 2.750718433945122e-05,
    "coef0__strategy": 0.0002663780450341605,
    "coef0__strategy__tol": 2.1311715920159513e-05,
    "coef0__tol": 0.010585840830286406,
    "gamma__shrinking": 0.0003563096476768123,
    "gamma__shrinking__strategy": 3.856144921259106e-05,
    "gamma__shrinking__tol": 0.00023874561455947824,
    "gamma__strategy": 0.00450253231546066,
    "gamma__strategy__tol": 0.0006265779868611654,
    "gamma__tol": 0.018037395233039655,
    "shrinking__strategy": 5.132248518571313e-06,
    "shrinking__strategy__tol": 1.856620680412745e-05,
    "shrinking__tol": 0.00012733134291600078,
    "strategy__tol": 0.0001340185434928181
}