{
    "C": 0.05154695255295868,
    "coef0": 0.0031856765315562354,
    "gamma": 0.6821911443459135,
    "shrinking": 5.778081444478454e-05,
    "strategy": 0.0004635561105308945,
    "tol": 0.007709858745614305
}