{
    "algorithm": 0.0010749410738678613,
    "learning_rate": 0.2559053319620244,
    "max_depth": 0.3434207070486003,
    "n_estimators": 0.03556334025738811,
    "strategy": 0.0008659392315873713
}