{
    "algorithm": 0.20575342162253338,
    "learning_rate": 0.05516155685524092,
    "max_depth": 0.553568843801492,
    "n_estimators": 0.006513646648559097,
    "strategy": 0.00032143577038673944
}