{
    "C": 0.10316688445295633,
    "gamma": 0.7907057903286829,
    "shrinking": 0.0006146800186015097,
    "strategy": 0.00042874574060245275,
    "tol": 0.005043611758882692
}