{
    "bootstrap__criterion": 0.0009064395043584996,
    "bootstrap__criterion__max_features": 0.0013106885350784876,
    "bootstrap__criterion__min_samples_leaf": 0.005163896858026137,
    "bootstrap__criterion__min_samples_split": 0.0002618359783712709,
    "bootstrap__criterion__strategy": 0.00012577180186063366,
    "bootstrap__max_features": 0.011407334537778277,
    "bootstrap__max_features__min_samples_leaf": 0.01695415034508034,
    "bootstrap__max_features__min_samples_split": 0.0012027687962169907,
    "bootstrap__max_features__strategy": 0.0004056074539820192,
    "bootstrap__min_samples_leaf": 0.06377668245713453,
    "bootstrap__min_samples_leaf__min_samples_split": 0.004739428863585641,
    "bootstrap__min_samples_leaf__strategy": 0.00218496731541957,
    "bootstrap__min_samples_split": 0.0012378388136630703,
    "bootstrap__min_samples_split__strategy": 0.00017009509678034794,
    "bootstrap__strategy": 0.0004028040516074636,
    "criterion__max_features": 0.001383534267951611,
    "criterion__max_features__min_samples_leaf": 0.004824974984766375,
    "criterion__max_features__min_samples_split": 0.00026497266312426387,
    "criterion__max_features__strategy": 0.000158387362512483,
    "criterion__min_samples_leaf": 0.008734922246700583,
    "criterion__min_samples_leaf__min_samples_split": 0.0015295171239395693,
    "criterion__min_samples_leaf__strategy": 0.0007736533547268208,
    "criterion__min_samples_split": 0.00035913862622770744,
    "criterion__min_samples_split__strategy": 0.00010859114388648075,
    "criterion__strategy": 8.856927982578075e-05,
    "max_features__min_samples_leaf": 0.021029262346139332,
    "max_features__min_samples_leaf__min_samples_split": 0.004158570613721048,
    "max_features__min_samples_leaf__strategy": 0.0018148945310677567,
    "max_features__min_samples_split": 0.001265936976811099,
    "max_features__min_samples_split__strategy": 9.034065694192225e-05,
    "max_features__strategy": 0.00045248390725649654,
    "min_samples_leaf__min_samples_split": 0.00523889854494426,
    "min_samples_leaf__min_samples_split__strategy": 0.0007275834317690176,
    "min_samples_leaf__strategy": 0.0022422713865584446,
    "min_samples_split__strategy": 0.00019723425204223356
}