{
    "bootstrap": 0.0803282627809693,
    "criterion": 0.0035766750695091724,
    "max_features": 0.011255391202600837,
    "min_samples_leaf": 0.7212694737968977,
    "min_samples_split": 0.0010582814556588265,
    "strategy": 0.0005667056285716095
}