{
    "C": 0.058261402835299694,
    "gamma": 0.8596748636998044,
    "shrinking": 0.00011304779863508218,
    "strategy": 0.00016926715298538344,
    "tol": 0.011062032211620899
}