{
    "algorithm": 0.029789375931631473,
    "learning_rate": 0.28193382358126456,
    "max_depth": 0.22653691835172735,
    "n_estimators": 0.014803341267234042,
    "strategy": 0.0019488612145152563
}