{
    "algorithm": 0.0978488253486439,
    "learning_rate": 0.09355566646454518,
    "max_depth": 0.574206212850297,
    "n_estimators": 0.023040926947658448,
    "strategy": 0.0005834508462546716
}