{
    "C__coef0": 0.019031537210030987,
    "C__coef0__gamma": 0.027311174745950184,
    "C__coef0__shrinking": 0.0005886856601869219,
    "C__coef0__strategy": 0.00043330892978362236,
    "C__coef0__tol": 0.0015442092292240334,
    "C__gamma": 0.09164531382563057,
    "C__gamma__shrinking": 0.0007465498335966639,
    "C__gamma__strategy": 0.0024731881206497483,
    "C__gamma__tol": 0.016254731958439114,
    "C__shrinking": 0.0003597756990921861,
    "C__shrinking__strategy": 6.926596816960199e-06,
    "C__shrinking__tol": 0.00010284181034926967,
    "C__strategy": 0.0009259909730509432,
    "C__strategy__tol": 0.0007298154214785135,
    "C__tol": 0.010417953924506694,
    "coef0__gamma": 0.03393203715553317,
    "coef0__gamma__shrinking": 0.0007771948652681273,
    "coef0__gamma__strategy": 0.001976730811124733,
    "coef0__gamma__tol": 0.01207927957098879,
    "coef0__shrinking": 0.0008257048258812241,
    "coef0__shrinking__strategy": 4.504365153200655e-06,
    "coef0__shrinking__tol": 0.00031606761831942665,
    "coef0__strategy": 0.0008062203295368905,
    "coef0__strategy__tol": 0.0003320906835908785,
    "coef0__tol": 0.004968832560525466,
    "gamma__shrinking": 0.0004584991795918767,
    "gamma__shrinking__strategy": 8.965437605422052e-06,
    "gamma__shrinking__tol": 0.0003607336479184639,
    "gamma__strategy": 0.008874174731273884,
    "gamma__strategy__tol": 0.001905748579988216,
    "gamma__tol": 0.043664195638138,
    "shrinking__strategy": 1.9124528435343364e-06,
    "shrinking__strategy__tol": 4.904202933561251e-06,
    "shrinking__tol": 0.00020668574150116067,
    "strategy__tol": 0.001220325445471071
}