{
    "C": 0.04563525877927796,
    "coef0": 0.020883935678224823,
    "gamma": 0.6226102330141222,
    "shrinking": 0.00016720479842410228,
    "strategy": 0.001951145567678673,
    "tol": 0.017604548915961034
}