{
    "C": 0.010802816236530635,
    "gamma": 0.9631628291508866,
    "shrinking": 0.00010448538280489403,
    "strategy": 0.00023183986595486894,
    "tol": 0.0023261347917627605
}