{
    "bootstrap__criterion": 9.005216849447914e-05,
    "bootstrap__criterion__max_features": 0.0007477240085903211,
    "bootstrap__criterion__min_samples_leaf": 0.00016014332006466722,
    "bootstrap__criterion__min_samples_split": 2.064928397341355e-05,
    "bootstrap__criterion__strategy": 1.338083453288107e-05,
    "bootstrap__max_features": 0.03165556965788596,
    "bootstrap__max_features__min_samples_leaf": 0.01380964898794651,
    "bootstrap__max_features__min_samples_split": 0.0017240162948455877,
    "bootstrap__max_features__strategy": 0.0005611348592908301,
    "bootstrap__min_samples_leaf": 0.005501723885684762,
    "bootstrap__min_samples_leaf__min_samples_split": 0.000503464756531177,
    "bootstrap__min_samples_leaf__strategy": 0.00022162651607721904,
    "bootstrap__min_samples_split": 0.0005249405636350043,
    "bootstrap__min_samples_split__strategy": 3.785050671470272e-05,
    "bootstrap__strategy": 0.00011402289487432473,
    "criterion__max_features": 0.0006977503327624257,
    "criterion__max_features__min_samples_leaf": 0.0016920472435442147,
    "criterion__max_features__min_samples_split": 0.0002280190213763216,
    "criterion__max_features__strategy": 0.00010023041755939004,
    "criterion__min_samples_leaf": 0.00024082081518661536,
    "criterion__min_samples_leaf__min_samples_split": 0.00012152731557974741,
    "criterion__min_samples_leaf__strategy": 7.15957770593763e-05,
    "criterion__min_samples_split": 6.252328793970039e-05,
    "criterion__min_samples_split__strategy": 6.309670443325121e-06,
    "criterion__strategy": 4.0192722189878304e-05,
    "max_features__min_samples_leaf": 0.04205583207516694,
    "max_features__min_samples_leaf__min_samples_split": 0.005906431209186845,
    "max_features__min_samples_leaf__strategy": 0.007647991636608575,
    "max_features__min_samples_split": 0.003417642570446782,
    "max_features__min_samples_split__strategy": 0.00035737120132391196,
    "max_features__strategy": 0.005545082394799049,
    "min_samples_leaf__min_samples_split": 0.0015311610526404333,
    "min_samples_leaf__min_samples_split__strategy": 0.00016799480905561968,
    "min_samples_leaf__strategy": 0.0005486711743649556,
    "min_samples_split__strategy": 9.216134757065948e-05
}