{
    "bootstrap": 0.0018675601819856495,
    "criterion": 0.00021541451438365674,
    "max_features": 0.5985516573275573,
    "min_samples_leaf": 0.2658065922988777,
    "min_samples_split": 0.000995585465952093,
    "strategy": 0.0001671724869383836
}