{
    "algorithm": 0.000779789864648511,
    "learning_rate": 0.04017434958148067,
    "max_depth": 0.7299375072904517,
    "n_estimators": 0.006126018801500354,
    "strategy": 0.0005634155948830906
}