{
    "algorithm": 0.023909751763989108,
    "learning_rate": 0.032568061392153284,
    "max_depth": 0.5563088523505091,
    "n_estimators": 0.030096998852376038,
    "strategy": 0.0018505040984271443
}