{
    "C": 0.010389789381360624,
    "gamma": 0.9134249780798871,
    "shrinking": 0.00022317336033793198,
    "strategy": 0.00013057754083114714,
    "tol": 0.012983381903291194
}