{
    "bootstrap": 0.01956171473631429,
    "criterion": 0.001096454403986725,
    "max_features": 0.2288855944583073,
    "min_samples_leaf": 0.4156783679631146,
    "min_samples_split": 0.003990024011971168,
    "strategy": 0.0013403821671591906
}