{
    "bootstrap__criterion": 0.00040785462007061684,
    "bootstrap__criterion__max_features": 0.0008767683048608865,
    "bootstrap__criterion__min_samples_leaf": 0.0019498633163777292,
    "bootstrap__criterion__min_samples_split": 0.00019305498411473178,
    "bootstrap__criterion__strategy": 0.00012231377291198266,
    "bootstrap__max_features": 0.028167907512414547,
    "bootstrap__max_features__min_samples_leaf": 0.033689131071203915,
    "bootstrap__max_features__min_samples_split": 0.0027833231118246987,
    "bootstrap__max_features__strategy": 0.0013518735410647418,
    "bootstrap__min_samples_leaf": 0.01266324703731192,
    "bootstrap__min_samples_leaf__min_samples_split": 0.007580385228919718,
    "bootstrap__min_samples_leaf__strategy": 0.0029327193895487443,
    "bootstrap__min_samples_split": 0.0016416014303593735,
    "bootstrap__min_samples_split__strategy": 0.00043846584659599846,
    "bootstrap__strategy": 0.0007937016510586416,
    "criterion__max_features": 0.00248632385506084,
    "criterion__max_features__min_samples_leaf": 0.005713771257599004,
    "criterion__max_features__min_samples_split": 0.0005933302205861106,
    "criterion__max_features__strategy": 0.0005128494381238032,
    "criterion__min_samples_leaf": 0.0026471741924191106,
    "criterion__min_samples_leaf__min_samples_split": 0.0016033318016777124,
    "criterion__min_samples_leaf__strategy": 0.0011231552379781858,
    "criterion__min_samples_split": 0.00030338745743268853,
    "criterion__min_samples_split__strategy": 0.00015879251686997395,
    "criterion__strategy": 0.00014858237097186626,
    "max_features__min_samples_leaf": 0.09591798200328233,
    "max_features__min_samples_leaf__min_samples_split": 0.02374581968515077,
    "max_features__min_samples_leaf__strategy": 0.016455173329718603,
    "max_features__min_samples_split": 0.010433443512226928,
    "max_features__min_samples_split__strategy": 0.002313916461595682,
    "max_features__strategy": 0.005195771767553051,
    "min_samples_leaf__min_samples_split": 0.015186579021002636,
    "min_samples_leaf__min_samples_split__strategy": 0.0051391012334846605,
    "min_samples_leaf__strategy": 0.00898558558900199,
    "min_samples_split__strategy": 0.0013488700789708273
}