{
    "bootstrap": 0.02731727564719736,
    "criterion": 0.0107613790000083,
    "max_features": 0.7767697692624644,
    "min_samples_leaf": 0.12006194233487749,
    "min_samples_split": 0.00038366944569746234,
    "strategy": 7.892273347929427e-05
}