{
    "bootstrap__criterion": 0.0008032403003689556,
    "bootstrap__criterion__max_features": 0.0007515770983229433,
    "bootstrap__criterion__min_samples_leaf": 0.0009519858145544333,
    "bootstrap__criterion__min_samples_split": 0.0001450703585230619,
    "bootstrap__criterion__strategy": 3.105298848740418e-05,
    "bootstrap__max_features": 0.00505395775088191,
    "bootstrap__max_features__min_samples_leaf": 0.009760137180480494,
    "bootstrap__max_features__min_samples_split": 0.0006041687875424583,
    "bootstrap__max_features__strategy": 0.0002643722323925669,
    "bootstrap__min_samples_leaf": 0.004781797904472446,
    "bootstrap__min_samples_leaf__min_samples_split": 0.0006741294772323685,
    "bootstrap__min_samples_leaf__strategy": 0.00024268476291292485,
    "bootstrap__min_samples_split": 0.00018930910880519155,
    "bootstrap__min_samples_split__strategy": 1.9582255457214386e-05,
    "bootstrap__strategy": 8.569074835201417e-05,
    "criterion__max_features": 0.001549252117337696,
    "criterion__max_features__min_samples_leaf": 0.0026520769012881723,
    "criterion__max_features__min_samples_split": 0.00025721150572041674,
    "criterion__max_features__strategy": 0.00011943581444161353,
    "criterion__min_samples_leaf": 0.0025156356887870296,
    "criterion__min_samples_leaf__min_samples_split": 0.00027442683540022895,
    "criterion__min_samples_leaf__strategy": 0.00014225975721753156,
    "criterion__min_samples_split": 0.00012544616133217177,
    "criterion__min_samples_split__strategy": 1.989808024375453e-05,
    "criterion__strategy": 3.6586598095146995e-05,
    "max_features__min_samples_leaf": 0.01648441294054709,
    "max_features__min_samples_leaf__min_samples_split": 0.00302465596868603,
    "max_features__min_samples_leaf__strategy": 0.0010411662621871796,
    "max_features__min_samples_split": 0.0012846251286794317,
    "max_features__min_samples_split__strategy": 0.00013284127540031797,
    "max_features__strategy": 0.0003395043128081786,
    "min_samples_leaf__min_samples_split": 0.0016290514061359288,
    "min_samples_leaf__min_samples_split__strategy": 0.00015109873369575542,
    "min_samples_leaf__strategy": 0.00034994526539646506,
    "min_samples_split__strategy": 5.873657445425585e-05
}