{
    "C": 0.36152308638177943,
    "gamma": 0.17264570987723338,
    "shrinking": 0.0014958554389814783,
    "strategy": 0.0022261924209591552,
    "tol": 0.010111274925636784
}