{
    "C__coef0": 0.0027117753597622196,
    "C__coef0__gamma": 0.005670957429975115,
    "C__coef0__shrinking": 1.5631348350490404e-07,
    "C__coef0__strategy": 2.0819210315220146e-06,
    "C__coef0__tol": 8.362229834449255e-06,
    "C__gamma": 0.04369572644940811,
    "C__gamma__shrinking": 9.612083210892263e-07,
    "C__gamma__strategy": 0.01823086471669261,
    "C__gamma__tol": 0.007244612102207952,
    "C__shrinking": 4.369699589521407e-07,
    "C__shrinking__strategy": 9.318483192152435e-08,
    "C__shrinking__tol": 1.5950904124839918e-07,
    "C__strategy": 0.003808762473493315,
    "C__strategy__tol": 0.00010331830539167942,
    "C__tol": 0.0003904491817517872,
    "coef0__gamma": 0.1425736925366745,
    "coef0__gamma__shrinking": 1.0848361388242887e-05,
    "coef0__gamma__strategy": 1.6219945204671302e-05,
    "coef0__gamma__tol": 0.0047366447346617515,
    "coef0__shrinking": 2.3200759489920687e-06,
    "coef0__shrinking__strategy": 1.043817558253271e-06,
    "coef0__shrinking__tol": 9.69116791516803e-08,
    "coef0__strategy": 3.887954763528599e-06,
    "coef0__strategy__tol": 6.586680593389203e-07,
    "coef0__tol": 0.00018014579314693468,
    "gamma__shrinking": 7.390893784287462e-06,
    "gamma__shrinking__strategy": 2.991027199282688e-06,
    "gamma__shrinking__tol": 8.015088362976763e-07,
    "gamma__strategy": 0.007628346956918222,
    "gamma__strategy__tol": 0.00022600185851969629,
    "gamma__tol": 0.018994616607888513,
    "shrinking__strategy": 6.341400110260013e-07,
    "shrinking__strategy__tol": 5.19009276788579e-09,
    "shrinking__tol": 3.170962222819908e-07,
    "strategy__tol": 4.441143316272775e-05
}