{
    "C": 0.004019043031532927,
    "coef0": 0.2095255242466743,
    "gamma": 0.5274566461637284,
    "shrinking": 1.3535789511793948e-06,
    "strategy": 0.0015744824450059623,
    "tol": 0.000569581516792062
}