{
    "algorithm": 0.16628389162766774,
    "learning_rate": 0.13724612541358572,
    "max_depth": 0.10672468914373914,
    "n_estimators": 0.03279899016464584,
    "strategy": 0.0020927873076169844
}