{
    "bootstrap": 0.23478172876292489,
    "criterion": 0.010395026202988664,
    "max_features": 0.18807544575990795,
    "min_samples_leaf": 0.020401455802092225,
    "min_samples_split": 0.004159323930477547,
    "strategy": 0.0007535730134246259
}