{
    "bootstrap__criterion": 0.030650414970720817,
    "bootstrap__criterion__max_features": 0.0440727608474889,
    "bootstrap__criterion__min_samples_leaf": 0.009196450667101279,
    "bootstrap__criterion__min_samples_split": 0.0021829205497117792,
    "bootstrap__criterion__strategy": 0.000586485982605506,
    "bootstrap__max_features": 0.15443106218420335,
    "bootstrap__max_features__min_samples_leaf": 0.035304605831805974,
    "bootstrap__max_features__min_samples_split": 0.013102590941393792,
    "bootstrap__max_features__strategy": 0.0051801512563394905,
    "bootstrap__min_samples_leaf": 0.01764693531874438,
    "bootstrap__min_samples_leaf__min_samples_split": 0.00482839030579944,
    "bootstrap__min_samples_leaf__strategy": 0.002555142483038456,
    "bootstrap__min_samples_split": 0.0036092186691737433,
    "bootstrap__min_samples_split__strategy": 0.0008634463210261574,
    "bootstrap__strategy": 0.0016036363188028408,
    "criterion__max_features": 0.0278090799399745,
    "criterion__max_features__min_samples_leaf": 0.022290968835517455,
    "criterion__max_features__min_samples_split": 0.005574023573316265,
    "criterion__max_features__strategy": 0.002864237388000107,
    "criterion__min_samples_leaf": 0.006781212472790704,
    "criterion__min_samples_leaf__min_samples_split": 0.0020321496396111995,
    "criterion__min_samples_leaf__strategy": 0.0007245113383375364,
    "criterion__min_samples_split": 0.001914554135104718,
    "criterion__min_samples_split__strategy": 0.0004926336749110515,
    "criterion__strategy": 0.0005841444732153008,
    "max_features__min_samples_leaf": 0.03277527168442208,
    "max_features__min_samples_leaf__min_samples_split": 0.009784447899880156,
    "max_features__min_samples_leaf__strategy": 0.0045622629171523715,
    "max_features__min_samples_split": 0.013077669476637578,
    "max_features__min_samples_split__strategy": 0.0024860708458462203,
    "max_features__strategy": 0.005042591299264825,
    "min_samples_leaf__min_samples_split": 0.00524365101373646,
    "min_samples_leaf__min_samples_split__strategy": 0.0009564212180542429,
    "min_samples_leaf__strategy": 0.002182534001135741,
    "min_samples_split__strategy": 0.0011889336057541275
}