{
    "bootstrap": 0.08741658663316285,
    "criterion": 0.0007709384164295268,
    "max_features": 0.045904972214751885,
    "min_samples_leaf": 0.6973601031820489,
    "min_samples_split": 0.0042699346867109515,
    "strategy": 0.00023364834608981903
}