{
    "bootstrap": 0.004049958067588904,
    "criterion": 0.006413825122003219,
    "max_features": 0.23584914734363682,
    "min_samples_leaf": 0.44726054668839854,
    "min_samples_split": 0.003139570844300294,
    "strategy": 0.0005292304584052493
}