{
    "bootstrap__criterion": 0.0003860386766371031,
    "bootstrap__criterion__max_features": 0.0025081322799164543,
    "bootstrap__criterion__min_samples_leaf": 0.0023675164901180816,
    "bootstrap__criterion__min_samples_split": 0.0002811890135439579,
    "bootstrap__criterion__strategy": 0.0001540065018176683,
    "bootstrap__max_features": 0.042744998037006154,
    "bootstrap__max_features__min_samples_leaf": 0.024685594656665977,
    "bootstrap__max_features__min_samples_split": 0.0025668999191458836,
    "bootstrap__max_features__strategy": 0.001686304295826565,
    "bootstrap__min_samples_leaf": 0.006471624122457609,
    "bootstrap__min_samples_leaf__min_samples_split": 0.0029395046775110827,
    "bootstrap__min_samples_leaf__strategy": 0.000876699754104434,
    "bootstrap__min_samples_split": 0.0008547119597274184,
    "bootstrap__min_samples_split__strategy": 0.0002317683319167567,
    "bootstrap__strategy": 0.00033910167874061945,
    "criterion__max_features": 0.004844158199467957,
    "criterion__max_features__min_samples_leaf": 0.013725100524383665,
    "criterion__max_features__min_samples_split": 0.0015302297442993254,
    "criterion__max_features__strategy": 0.0007396699026161198,
    "criterion__min_samples_leaf": 0.02170289737812281,
    "criterion__min_samples_leaf__min_samples_split": 0.003115582224210563,
    "criterion__min_samples_leaf__strategy": 0.0012081270156109056,
    "criterion__min_samples_split": 0.0011199550552094392,
    "criterion__min_samples_split__strategy": 8.04803037530099e-05,
    "criterion__strategy": 0.00021289930181117459,
    "max_features__min_samples_leaf": 0.06134589946875568,
    "max_features__min_samples_leaf__min_samples_split": 0.023492354544774628,
    "max_features__min_samples_leaf__strategy": 0.009229824535798625,
    "max_features__min_samples_split": 0.006598509997181905,
    "max_features__min_samples_split__strategy": 0.0015152765889040964,
    "max_features__strategy": 0.003535713258823903,
    "min_samples_leaf__min_samples_split": 0.02007136581411471,
    "min_samples_leaf__min_samples_split__strategy": 0.0020659400655776926,
    "min_samples_leaf__strategy": 0.0032535485625139198,
    "min_samples_split__strategy": 0.000614678051044431
}