{
    "C": 0.0021083152355123517,
    "gamma": 0.9607008803105624,
    "shrinking": 3.704083323084763e-05,
    "strategy": 7.164629139742618e-05,
    "tol": 0.01358688475936684
}