{
    "C": 0.12381740985433073,
    "coef0": 0.011527987335709644,
    "gamma": 0.5768266146356409,
    "shrinking": 0.0004804473970268305,
    "strategy": 0.0033628487480779914,
    "tol": 0.00852872799867096
}