{
    "C__coef0": 0.011623762493685325,
    "C__coef0__gamma": 0.01172052989921371,
    "C__coef0__shrinking": 0.0004688117379132797,
    "C__coef0__strategy": 0.0005091820136366764,
    "C__coef0__tol": 0.001951948384555837,
    "C__gamma": 0.17275882069197146,
    "C__gamma__shrinking": 0.00010075966495834529,
    "C__gamma__strategy": 0.003463722490545776,
    "C__gamma__tol": 0.008974954608927459,
    "C__shrinking": 9.82385008296069e-05,
    "C__shrinking__strategy": 7.55340187677412e-05,
    "C__shrinking__tol": 4.914876774420214e-05,
    "C__strategy": 0.0014394641155512354,
    "C__strategy__tol": 0.0007320714503598561,
    "C__tol": 0.00907137369763148,
    "coef0__gamma": 0.013753043000146459,
    "coef0__gamma__shrinking": 2.8962507607693507e-05,
    "coef0__gamma__strategy": 0.002080938298028474,
    "coef0__gamma__tol": 0.0024179553353538795,
    "coef0__shrinking": 0.0005703428065455049,
    "coef0__shrinking__strategy": 3.758692188864793e-07,
    "coef0__shrinking__tol": 4.893360797707464e-05,
    "coef0__strategy": 0.0006380617772051519,
    "coef0__strategy__tol": 7.18998541260024e-05,
    "coef0__tol": 0.00201216591566406,
    "gamma__shrinking": 0.00047111845694666006,
    "gamma__shrinking__strategy": 0.0008663278458430641,
    "gamma__shrinking__tol": 6.752766549177232e-05,
    "gamma__strategy": 0.0074450054958663785,
    "gamma__strategy__tol": 0.001998324015570702,
    "gamma__tol": 0.014466637872894516,
    "shrinking__strategy": 0.0008191761859005476,
    "shrinking__strategy__tol": 0.00010708441293039552,
    "shrinking__tol": 5.9239397996581e-05,
    "strategy__tol": 0.0007660938913761142
}