{
    "bootstrap__criterion": 0.0010558353600175624,
    "bootstrap__criterion__max_features": 0.0027624534784048277,
    "bootstrap__criterion__min_samples_leaf": 0.004505721188406822,
    "bootstrap__criterion__min_samples_split": 0.0004124934359419117,
    "bootstrap__criterion__strategy": 0.0001813932206298928,
    "bootstrap__max_features": 0.01576827761167071,
    "bootstrap__max_features__min_samples_leaf": 0.007956685443966383,
    "bootstrap__max_features__min_samples_split": 0.0006970041733435956,
    "bootstrap__max_features__strategy": 0.00032245622327607996,
    "bootstrap__min_samples_leaf": 0.008608203210168197,
    "bootstrap__min_samples_leaf__min_samples_split": 0.0022404791763797668,
    "bootstrap__min_samples_leaf__strategy": 0.0008102167877083329,
    "bootstrap__min_samples_split": 0.0005952890295468041,
    "bootstrap__min_samples_split__strategy": 8.661722092759305e-05,
    "bootstrap__strategy": 0.00010568742853154915,
    "criterion__max_features": 0.0049757789279884085,
    "criterion__max_features__min_samples_leaf": 0.01214711309983739,
    "criterion__max_features__min_samples_split": 0.0007872130466552205,
    "criterion__max_features__strategy": 0.00032003073830477865,
    "criterion__min_samples_leaf": 0.007368095605735148,
    "criterion__min_samples_leaf__min_samples_split": 0.002204049565273985,
    "criterion__min_samples_leaf__strategy": 0.0012173233372867755,
    "criterion__min_samples_split": 0.0006405054490590214,
    "criterion__min_samples_split__strategy": 6.822034643247398e-05,
    "criterion__strategy": 0.0003203379230653765,
    "max_features__min_samples_leaf": 0.021038062365344556,
    "max_features__min_samples_leaf__min_samples_split": 0.004049584714286186,
    "max_features__min_samples_leaf__strategy": 0.001660346010671474,
    "max_features__min_samples_split": 0.0013333426149187933,
    "max_features__min_samples_split__strategy": 0.00011873045172372542,
    "max_features__strategy": 0.0005691152527955419,
    "min_samples_leaf__min_samples_split": 0.004160307905734929,
    "min_samples_leaf__min_samples_split__strategy": 0.00035613778718442146,
    "min_samples_leaf__strategy": 0.0015014796809766347,
    "min_samples_split__strategy": 9.781629947451488e-05
}