{
    "bootstrap": 0.07867621650006623,
    "criterion": 0.09071786972851846,
    "max_features": 0.07291597159329011,
    "min_samples_leaf": 0.625981059905558,
    "min_samples_split": 0.0008279566189643193,
    "strategy": 0.00020048472750883325
}