{
    "C__coef0": 0.006221926697640218,
    "C__coef0__gamma": 0.01082923316148221,
    "C__coef0__shrinking": 1.6916731805406108e-05,
    "C__coef0__strategy": 0.0001571960998899629,
    "C__coef0__tol": 0.0009431755238467811,
    "C__gamma": 0.06450428485044124,
    "C__gamma__shrinking": 0.00016915728025507424,
    "C__gamma__strategy": 0.000768750891094721,
    "C__gamma__tol": 0.005785172213796874,
    "C__shrinking": 6.884773377918433e-05,
    "C__shrinking__strategy": 1.4528259383036297e-06,
    "C__shrinking__tol": 0.00010160136782418755,
    "C__strategy": 0.0003064528890783946,
    "C__strategy__tol": 0.000150248329201675,
    "C__tol": 0.00507099714507803,
    "coef0__gamma": 0.013644430836386223,
    "coef0__gamma__shrinking": 0.0003202277661320098,
    "coef0__gamma__strategy": 0.0007497051145547215,
    "coef0__gamma__tol": 0.0017950859135753817,
    "coef0__shrinking": 0.00019052099621201597,
    "coef0__shrinking__strategy": 5.740350299547603e-05,
    "coef0__shrinking__tol": 1.1546000373255328e-05,
    "coef0__strategy": 0.0001855713323317894,
    "coef0__strategy__tol": 7.297256454872692e-05,
    "coef0__tol": 0.0010848832922242002,
    "gamma__shrinking": 0.00035653010453252996,
    "gamma__shrinking__strategy": 3.678469937633006e-05,
    "gamma__shrinking__tol": 9.066255870282189e-05,
    "gamma__strategy": 0.0013202782101057204,
    "gamma__strategy__tol": 0.000487738247922323,
    "gamma__tol": 0.007905690556639904,
    "shrinking__strategy": 2.262678587235383e-05,
    "shrinking__strategy__tol": 4.453354879423665e-06,
    "shrinking__tol": 4.0347319463121794e-05,
    "strategy__tol": 0.00021028985361719278
}