{
    "C": 0.019427422681389243,
    "coef0": 0.003488342583987337,
    "gamma": 0.847070300864617,
    "shrinking": 0.00010884642517149028,
    "strategy": 0.00041616206950656324,
    "tol": 0.0036344569874997745
}