{
    "algorithm": 0.0014249462293657788,
    "learning_rate": 0.5133269442870292,
    "max_depth": 0.10048885414144648,
    "n_estimators": 0.015706846720473736,
    "strategy": 0.0010050213344190446
}