{
    "C__coef0": 0.0020393297681456733,
    "C__coef0__gamma": 0.011001009036809367,
    "C__coef0__shrinking": 2.0147752695920995e-06,
    "C__coef0__strategy": 0.0025361316261624627,
    "C__coef0__tol": 0.0005568176019822707,
    "C__gamma": 0.1315297787084948,
    "C__gamma__shrinking": 0.00013143652946625577,
    "C__gamma__strategy": 0.04456970213052812,
    "C__gamma__tol": 0.026641776735584127,
    "C__shrinking": 1.1808571837335692e-05,
    "C__shrinking__strategy": 2.355681346341218e-06,
    "C__shrinking__tol": 9.03697126518506e-06,
    "C__strategy": 0.006729670431817412,
    "C__strategy__tol": 0.0003877189106001079,
    "C__tol": 0.007899781205291945,
    "coef0__gamma": 0.01909533408820474,
    "coef0__gamma__shrinking": 0.0001169438261076209,
    "coef0__gamma__strategy": 0.002814619541724907,
    "coef0__gamma__tol": 0.01812490305232302,
    "coef0__shrinking": 8.397165035077107e-06,
    "coef0__shrinking__strategy": 1.554447831010955e-06,
    "coef0__shrinking__tol": 3.4035900331203656e-07,
    "coef0__strategy": 0.004243770206163179,
    "coef0__strategy__tol": 0.001572018527895444,
    "coef0__tol": 0.002319250959615644,
    "gamma__shrinking": 0.00037241297961110233,
    "gamma__shrinking__strategy": 0.00013987826518877325,
    "gamma__shrinking__tol": 0.0001392542204492475,
    "gamma__strategy": 0.025694083228821957,
    "gamma__strategy__tol": 0.01758151583943776,
    "gamma__tol": 0.09150440468074209,
    "shrinking__strategy": 9.088283108661926e-06,
    "shrinking__strategy__tol": 2.652480204528608e-07,
    "shrinking__tol": 1.3465400113049295e-05,
    "strategy__tol": 0.0019237342485827584
}