{
    "C": 0.05180216411186919,
    "coef0": 0.0027711352328797286,
    "gamma": 0.5066460464543685,
    "shrinking": 1.900217956307759e-05,
    "strategy": 0.002474906854816643,
    "tol": 0.008606418592584347
}