{
    "bootstrap": 0.21681788983834183,
    "criterion": 0.00011391146990965217,
    "max_features": 0.5590118624484861,
    "min_samples_leaf": 0.007357983062114487,
    "min_samples_split": 0.0004707071746569507,
    "strategy": 0.00024102064023280952
}