{
    "bootstrap__criterion": 7.249780555743991e-05,
    "bootstrap__criterion__max_features": 0.000908959003881743,
    "bootstrap__criterion__min_samples_leaf": 0.00013025658618760934,
    "bootstrap__criterion__min_samples_split": 0.00011124448064933428,
    "bootstrap__criterion__strategy": 3.1738158580043696e-05,
    "bootstrap__max_features": 0.16988693171199887,
    "bootstrap__max_features__min_samples_leaf": 0.007185067047283656,
    "bootstrap__max_features__min_samples_split": 0.0036965073825218245,
    "bootstrap__max_features__strategy": 0.0013315430896240006,
    "bootstrap__min_samples_leaf": 0.003113554679725577,
    "bootstrap__min_samples_leaf__min_samples_split": 0.0006510906214258197,
    "bootstrap__min_samples_leaf__strategy": 0.00015615410620309887,
    "bootstrap__min_samples_split": 0.0004240760361164859,
    "bootstrap__min_samples_split__strategy": 0.0001222831967869159,
    "bootstrap__strategy": 0.00015323592290851132,
    "criterion__max_features": 0.0015061186757815426,
    "criterion__max_features__min_samples_leaf": 0.0012669654985019308,
    "criterion__max_features__min_samples_split": 0.00043047371544130213,
    "criterion__max_features__strategy": 0.00016991220946091723,
    "criterion__min_samples_leaf": 0.0003077524024529387,
    "criterion__min_samples_leaf__min_samples_split": 5.0578411572099876e-05,
    "criterion__min_samples_leaf__strategy": 6.366389531936123e-05,
    "criterion__min_samples_split": 0.00014658090696323595,
    "criterion__min_samples_split__strategy": 2.002214708311177e-05,
    "criterion__strategy": 2.352531485496956e-05,
    "max_features__min_samples_leaf": 0.008442104871604522,
    "max_features__min_samples_leaf__min_samples_split": 0.001977259398230319,
    "max_features__min_samples_leaf__strategy": 0.0008441397579245838,
    "max_features__min_samples_split": 0.0040327798360182045,
    "max_features__min_samples_split__strategy": 0.000627615830305068,
    "max_features__strategy": 0.0012951324860537119,
    "min_samples_leaf__min_samples_split": 0.0006848352808638551,
    "min_samples_leaf__min_samples_split__strategy": 3.909937450531664e-05,
    "min_samples_leaf__strategy": 0.00013184024971051874,
    "min_samples_split__strategy": 0.00011339855153253369
}