{
    "C": 0.32765633723931287,
    "gamma": 0.3032951613708813,
    "shrinking": 0.0037835662821432874,
    "strategy": 0.001470791518279805,
    "tol": 0.015288022006411613
}