{
    "C": 0.022202148509088283,
    "coef0": 0.030357292933385037,
    "gamma": 0.7144695520419583,
    "shrinking": 0.0005793954257048488,
    "strategy": 0.0005428433569000943,
    "tol": 0.004532131095603552
}