{
    "C__coef0": 0.019125587769221977,
    "C__coef0__gamma": 0.0310867742442114,
    "C__coef0__shrinking": 0.003848984630129988,
    "C__coef0__strategy": 0.0005053432572819969,
    "C__coef0__tol": 0.00307647413985935,
    "C__gamma": 0.04292172546553907,
    "C__gamma__shrinking": 0.0011226608390749303,
    "C__gamma__strategy": 0.0010429619890505145,
    "C__gamma__tol": 0.009220488482034467,
    "C__shrinking": 0.0011238093626353843,
    "C__shrinking__strategy": 0.0001273718944223252,
    "C__shrinking__tol": 0.0002375879252844177,
    "C__strategy": 0.0006292553623056283,
    "C__strategy__tol": 0.000330396559474388,
    "C__tol": 0.005365661928383533,
    "coef0__gamma": 0.050668288861851596,
    "coef0__gamma__shrinking": 0.0030756446044578525,
    "coef0__gamma__strategy": 0.0011063342461039927,
    "coef0__gamma__tol": 0.009626456453272536,
    "coef0__shrinking": 0.003481969277851945,
    "coef0__shrinking__strategy": 0.00031016681126612444,
    "coef0__shrinking__tol": 0.0010949261192971732,
    "coef0__strategy": 0.0006452271379009039,
    "coef0__strategy__tol": 0.00027659343130663917,
    "coef0__tol": 0.003808219482750011,
    "gamma__shrinking": 0.002653208650429722,
    "gamma__shrinking__strategy": 0.000171617406297606,
    "gamma__shrinking__tol": 0.0012478851647688347,
    "gamma__strategy": 0.0018386935484750312,
    "gamma__strategy__tol": 0.0012607757614825736,
    "gamma__tol": 0.013327310477464074,
    "shrinking__strategy": 8.595871561030443e-05,
    "shrinking__strategy__tol": 0.0002556097277037221,
    "shrinking__tol": 0.0010222421731831194,
    "strategy__tol": 0.0006050521781350736
}