{
    "bootstrap": 0.060569608370072414,
    "criterion": 0.002485953867218413,
    "max_features": 0.232690199108651,
    "min_samples_leaf": 0.40852464935306676,
    "min_samples_split": 0.0024429160566148246,
    "strategy": 0.0007927780720360363
}