{
    "bootstrap__criterion": 0.0011611269123670358,
    "bootstrap__criterion__max_features": 0.001224836571878704,
    "bootstrap__criterion__min_samples_leaf": 0.0021597706225342933,
    "bootstrap__criterion__min_samples_split": 0.00025957870670184537,
    "bootstrap__criterion__strategy": 4.356885702610082e-05,
    "bootstrap__max_features": 0.06280722752542647,
    "bootstrap__max_features__min_samples_leaf": 0.021175472558922576,
    "bootstrap__max_features__min_samples_split": 0.004126086073072169,
    "bootstrap__max_features__strategy": 0.0016774261466084262,
    "bootstrap__min_samples_leaf": 0.05904948595368953,
    "bootstrap__min_samples_leaf__min_samples_split": 0.007777035414968833,
    "bootstrap__min_samples_leaf__strategy": 0.001750361015607268,
    "bootstrap__min_samples_split": 0.0017437947221206505,
    "bootstrap__min_samples_split__strategy": 0.0007568592937247333,
    "bootstrap__strategy": 0.0005640615168475709,
    "criterion__max_features": 0.0011426331600417061,
    "criterion__max_features__min_samples_leaf": 0.0037491171999832207,
    "criterion__max_features__min_samples_split": 0.000424618464632084,
    "criterion__max_features__strategy": 0.00030348479900448445,
    "criterion__min_samples_leaf": 0.003345865623248845,
    "criterion__min_samples_leaf__min_samples_split": 0.0011477330506091525,
    "criterion__min_samples_leaf__strategy": 0.00028619535935030683,
    "criterion__min_samples_split": 0.00031501249613415236,
    "criterion__min_samples_split__strategy": 4.406246444967478e-05,
    "criterion__strategy": 8.056248731675851e-05,
    "max_features__min_samples_leaf": 0.04937944950857043,
    "max_features__min_samples_leaf__min_samples_split": 0.009999571650550439,
    "max_features__min_samples_leaf__strategy": 0.008228662649363946,
    "max_features__min_samples_split": 0.0066042239852572735,
    "max_features__min_samples_split__strategy": 0.0010848788032361244,
    "max_features__strategy": 0.004255976838534405,
    "min_samples_leaf__min_samples_split": 0.008600710221742264,
    "min_samples_leaf__min_samples_split__strategy": 0.001515549799147388,
    "min_samples_leaf__strategy": 0.0018066521462036815,
    "min_samples_split__strategy": 0.0006571759831373915
}