{
    "C": 0.47627652465891845,
    "gamma": 0.21521876029103543,
    "shrinking": 0.001349692069826188,
    "strategy": 0.001038629826829891,
    "tol": 0.004636322628120856
}