{
    "algorithm": 0.008375694002692356,
    "learning_rate": 0.15690926765091584,
    "max_depth": 0.13765432267115313,
    "n_estimators": 0.09512445541769905,
    "strategy": 0.0028543567433188767
}