{
    "C__gamma": 0.19150044200059835,
    "C__gamma__shrinking": 0.00752257812476155,
    "C__gamma__strategy": 0.011067758996182418,
    "C__gamma__tol": 0.017611391955567178,
    "C__shrinking": 0.002405692128132006,
    "C__shrinking__strategy": 0.00025770495859904876,
    "C__shrinking__tol": 0.0017846837286664974,
    "C__strategy": 0.0034283642134020605,
    "C__strategy__tol": 0.0017908934101715443,
    "C__tol": 0.009206618869518322,
    "gamma__shrinking": 0.006574486163084953,
    "gamma__shrinking__strategy": 0.0009828976093786794,
    "gamma__shrinking__tol": 0.005891699030865654,
    "gamma__strategy": 0.0063461370189441925,
    "gamma__strategy__tol": 0.0032539426076058295,
    "gamma__tol": 0.020426649646641568,
    "shrinking__strategy": 0.00014394373303812673,
    "shrinking__strategy__tol": 0.0002626885957971708,
    "shrinking__tol": 0.0031250459367296443,
    "strategy__tol": 0.0017974751353550871
}