{
    "C": 0.033012712105416064,
    "gamma": 0.6534031337651949,
    "shrinking": 0.0016765869702324576,
    "strategy": 0.000946151044748894,
    "tol": 0.007705439301432496
}