{
    "C__coef0": 0.0005144801554084338,
    "C__coef0__gamma": 0.0008406179467477237,
    "C__coef0__shrinking": 4.128024220647567e-06,
    "C__coef0__strategy": 2.8960983766393726e-05,
    "C__coef0__tol": 1.1525872131535903e-05,
    "C__gamma": 0.2215160236506052,
    "C__gamma__shrinking": 0.0001424061737821153,
    "C__gamma__strategy": 0.0003456918504650636,
    "C__gamma__tol": 0.001725045019941009,
    "C__shrinking": 0.0003576464930681567,
    "C__shrinking__strategy": 3.7375367216310827e-07,
    "C__shrinking__tol": 4.9410169514468166e-08,
    "C__strategy": 0.00011978940231218121,
    "C__strategy__tol": 0.00027963998781887133,
    "C__tol": 0.0007065991211429828,
    "coef0__gamma": 0.049578663987533966,
    "coef0__gamma__shrinking": 0.009870433188476389,
    "coef0__gamma__strategy": 0.0006064835811318231,
    "coef0__gamma__tol": 0.016217011924711554,
    "coef0__shrinking": 0.0028689337432993545,
    "coef0__shrinking__strategy": 6.336948939883718e-07,
    "coef0__shrinking__tol": 8.330461099062547e-08,
    "coef0__strategy": 0.0001833453100796048,
    "coef0__strategy__tol": 7.240007432938317e-06,
    "coef0__tol": 0.004883286800172342,
    "gamma__shrinking": 0.0073940445983585994,
    "gamma__shrinking__strategy": 0.00010652079414192966,
    "gamma__shrinking__tol": 2.147992644949831e-06,
    "gamma__strategy": 0.0005849366330254066,
    "gamma__strategy__tol": 0.00013916821914263314,
    "gamma__tol": 0.005690996477561713,
    "shrinking__strategy": 4.012206553203972e-06,
    "shrinking__strategy__tol": 8.665201355376965e-08,
    "shrinking__tol": 6.714808810839596e-06,
    "strategy__tol": 0.0005074142021181762
}