{
    "C": 0.22655758871294013,
    "coef0": 0.0708436261070899,
    "gamma": 0.37357571234375364,
    "shrinking": 0.001820819363187206,
    "strategy": 0.00021099337043571393,
    "tol": 0.0014290777739713362
}