{
    "bootstrap": 0.0069069430419971805,
    "criterion": 0.0010101315800988418,
    "max_features": 0.5686208093864126,
    "min_samples_leaf": 0.2296055266429694,
    "min_samples_split": 0.0016946144348757514,
    "strategy": 0.0005788855899782424
}