{
    "bootstrap__criterion": 0.00021489946672958093,
    "bootstrap__criterion__max_features": 0.0006939679423354599,
    "bootstrap__criterion__min_samples_leaf": 0.0004680510958432558,
    "bootstrap__criterion__min_samples_split": 4.3226693298326676e-05,
    "bootstrap__criterion__strategy": 5.260087287193736e-05,
    "bootstrap__max_features": 0.013483581811409184,
    "bootstrap__max_features__min_samples_leaf": 0.024529667721956167,
    "bootstrap__max_features__min_samples_split": 0.0023057003935038024,
    "bootstrap__max_features__strategy": 0.0006777057011240232,
    "bootstrap__min_samples_leaf": 0.009415149197335021,
    "bootstrap__min_samples_leaf__min_samples_split": 0.0012272416558057296,
    "bootstrap__min_samples_leaf__strategy": 0.0005331182605834714,
    "bootstrap__min_samples_split": 0.0005170915521491336,
    "bootstrap__min_samples_split__strategy": 5.565255420166308e-05,
    "bootstrap__strategy": 0.00013184749977323976,
    "criterion__max_features": 0.001597151402757735,
    "criterion__max_features__min_samples_leaf": 0.004236394401569893,
    "criterion__max_features__min_samples_split": 0.0006182848509861112,
    "criterion__max_features__strategy": 0.00032869973657263536,
    "criterion__min_samples_leaf": 0.0007833516371342497,
    "criterion__min_samples_leaf__min_samples_split": 0.0003926340366704746,
    "criterion__min_samples_leaf__strategy": 0.000139233759707797,
    "criterion__min_samples_split": 0.00012879994719841624,
    "criterion__min_samples_split__strategy": 3.941735809686025e-05,
    "criterion__strategy": 8.130919102993179e-05,
    "max_features__min_samples_leaf": 0.07749496573332237,
    "max_features__min_samples_leaf__min_samples_split": 0.014783552942877351,
    "max_features__min_samples_leaf__strategy": 0.005613294420727919,
    "max_features__min_samples_split": 0.007979616123370926,
    "max_features__min_samples_split__strategy": 0.0014011299461215185,
    "max_features__strategy": 0.0026464219032923037,
    "min_samples_leaf__min_samples_split": 0.005344377246789495,
    "min_samples_leaf__min_samples_split__strategy": 0.0006244113742037184,
    "min_samples_leaf__strategy": 0.0011147764173771919,
    "min_samples_split__strategy": 0.00032880387287470255
}