{
    "C": 0.2497629376460211,
    "gamma": 0.3573978198821865,
    "shrinking": 0.00012238459116777065,
    "strategy": 0.0009264195309785424,
    "tol": 0.007503874508799274
}