{
    "C": 0.2967356595000885,
    "gamma": 0.29640716551065677,
    "shrinking": 0.0006465696730525248,
    "strategy": 0.0015997522387904712,
    "tol": 0.03514323445312183
}