{
    "C": 0.09655992180698728,
    "gamma": 0.5188703100534109,
    "shrinking": 0.00016141108219917146,
    "strategy": 0.001523551892848022,
    "tol": 0.022451955574232962
}