{
    "bootstrap__criterion": 0.0011844908114016159,
    "bootstrap__criterion__max_features": 0.004360756416380257,
    "bootstrap__criterion__min_samples_leaf": 0.0014597922459359536,
    "bootstrap__criterion__min_samples_split": 0.0002743490214222105,
    "bootstrap__criterion__strategy": 0.00010710221385203328,
    "bootstrap__max_features": 0.1619034970237646,
    "bootstrap__max_features__min_samples_leaf": 0.06184710326100179,
    "bootstrap__max_features__min_samples_split": 0.007537401982675225,
    "bootstrap__max_features__strategy": 0.002706019059769159,
    "bootstrap__min_samples_leaf": 0.061602124902319116,
    "bootstrap__min_samples_leaf__min_samples_split": 0.010874479434129287,
    "bootstrap__min_samples_leaf__strategy": 0.004805278543521287,
    "bootstrap__min_samples_split": 0.0029657735061976616,
    "bootstrap__min_samples_split__strategy": 0.0005659615311491861,
    "bootstrap__strategy": 0.0009090820543651253,
    "criterion__max_features": 0.0028071206076167865,
    "criterion__max_features__min_samples_leaf": 0.007360637144606497,
    "criterion__max_features__min_samples_split": 0.004387721825434849,
    "criterion__max_features__strategy": 0.0003847943258101663,
    "criterion__min_samples_leaf": 0.0024474146671737973,
    "criterion__min_samples_leaf__min_samples_split": 0.0008085401708454237,
    "criterion__min_samples_leaf__strategy": 0.0007271425030117454,
    "criterion__min_samples_split": 0.00070389783803742,
    "criterion__min_samples_split__strategy": 0.00010098620961834716,
    "criterion__strategy": 0.00011487217320653247,
    "max_features__min_samples_leaf": 0.12645192989114698,
    "max_features__min_samples_leaf__min_samples_split": 0.02398814303889096,
    "max_features__min_samples_leaf__strategy": 0.009521419921880138,
    "max_features__min_samples_split": 0.015255075166235896,
    "max_features__min_samples_split__strategy": 0.002321133812317149,
    "max_features__strategy": 0.004017187358106172,
    "min_samples_leaf__min_samples_split": 0.013484436699888556,
    "min_samples_leaf__min_samples_split__strategy": 0.0016972403916467194,
    "min_samples_leaf__strategy": 0.004122398541286692,
    "min_samples_split__strategy": 0.0007604541783726557
}