{
    "bootstrap": 0.09622483485349659,
    "criterion": 0.0010875147903090729,
    "max_features": 0.1745154752270111,
    "min_samples_leaf": 0.1343103564110605,
    "min_samples_split": 0.005269722867093481,
    "strategy": 0.0013279462394087292
}