{
    "bootstrap__criterion": 6.632269681493321e-05,
    "bootstrap__criterion__max_features": 0.00019350725035612026,
    "bootstrap__criterion__min_samples_leaf": 0.00038179628133340384,
    "bootstrap__criterion__min_samples_split": 6.144331206098122e-05,
    "bootstrap__criterion__strategy": 1.0218517705725988e-05,
    "bootstrap__max_features": 0.02912550298781219,
    "bootstrap__max_features__min_samples_leaf": 0.012042028562741336,
    "bootstrap__max_features__min_samples_split": 0.0010540108840839668,
    "bootstrap__max_features__strategy": 0.0005659068710412228,
    "bootstrap__min_samples_leaf": 0.00524791756318943,
    "bootstrap__min_samples_leaf__min_samples_split": 0.003182445856036383,
    "bootstrap__min_samples_leaf__strategy": 0.000772107591335757,
    "bootstrap__min_samples_split": 0.0006826426215080263,
    "bootstrap__min_samples_split__strategy": 7.772714657354105e-05,
    "bootstrap__strategy": 0.0002363707566365952,
    "criterion__max_features": 0.0004057315018796692,
    "criterion__max_features__min_samples_leaf": 0.0015481428631428096,
    "criterion__max_features__min_samples_split": 0.00026461843898349484,
    "criterion__max_features__strategy": 3.010122163848422e-05,
    "criterion__min_samples_leaf": 0.0007858159013025556,
    "criterion__min_samples_leaf__min_samples_split": 0.00036544287342256225,
    "criterion__min_samples_leaf__strategy": 5.008241592032708e-05,
    "criterion__min_samples_split": 8.899825928797463e-05,
    "criterion__min_samples_split__strategy": 3.779746859615933e-06,
    "criterion__strategy": 1.172388189127921e-05,
    "max_features__min_samples_leaf": 0.02797190058204002,
    "max_features__min_samples_leaf__min_samples_split": 0.007159319098807175,
    "max_features__min_samples_leaf__strategy": 0.002796739582834707,
    "max_features__min_samples_split": 0.002105508393783994,
    "max_features__min_samples_split__strategy": 0.00017221835521198962,
    "max_features__strategy": 0.000872643049538222,
    "min_samples_leaf__min_samples_split": 0.008796583685934566,
    "min_samples_leaf__min_samples_split__strategy": 0.0004173424535524775,
    "min_samples_leaf__strategy": 0.0009772115735930487,
    "min_samples_split__strategy": 0.00011318330039182203
}