{
    "bootstrap": 0.051522245132185104,
    "criterion": 0.00015500080051727936,
    "max_features": 0.16232057247107434,
    "min_samples_leaf": 0.6644825570154576,
    "min_samples_split": 0.004035434975505226,
    "strategy": 0.0001462004403783213
}