{
    "C__coef0": 0.006868706041542761,
    "C__coef0__gamma": 0.01571174114070907,
    "C__coef0__shrinking": 0.00011170106926243698,
    "C__coef0__strategy": 0.00010380639532337193,
    "C__coef0__tol": 0.002033872434337579,
    "C__gamma": 0.037345914404116054,
    "C__gamma__shrinking": 0.0009664324596854331,
    "C__gamma__strategy": 0.0011437345728732857,
    "C__gamma__tol": 0.0026489972248389688,
    "C__shrinking": 0.0002358692066523991,
    "C__shrinking__strategy": 6.75580783060395e-06,
    "C__shrinking__tol": 0.00040397400617248015,
    "C__strategy": 0.0002531878896088477,
    "C__strategy__tol": 7.140074024080366e-05,
    "C__tol": 0.0018597029622932594,
    "coef0__gamma": 0.014655129629972063,
    "coef0__gamma__shrinking": 0.00029696026894118375,
    "coef0__gamma__strategy": 0.0007252890924268635,
    "coef0__gamma__tol": 0.0009269414133654987,
    "coef0__shrinking": 0.0001059530845234681,
    "coef0__shrinking__strategy": 4.106889749514359e-06,
    "coef0__shrinking__tol": 8.415500725298558e-05,
    "coef0__strategy": 0.0001997488885978589,
    "coef0__strategy__tol": 8.197948982758413e-06,
    "coef0__tol": 0.001357391568658964,
    "gamma__shrinking": 0.0005907358555717294,
    "gamma__shrinking__strategy": 2.4270403746031897e-05,
    "gamma__shrinking__tol": 0.00020771613407395,
    "gamma__strategy": 0.0014980865047126883,
    "gamma__strategy__tol": 0.00016707199587236328,
    "gamma__tol": 0.0033472266798118917,
    "shrinking__strategy": 5.18343403138388e-06,
    "shrinking__strategy__tol": 3.870395139956835e-06,
    "shrinking__tol": 0.0003355816423678479,
    "strategy__tol": 3.523362175287918e-05
}