{
    "C": 0.015524278583624658,
    "coef0": 0.008247678767848592,
    "gamma": 0.8774818341617867,
    "shrinking": 7.18728400944154e-05,
    "strategy": 0.00030132529848540384,
    "tol": 0.0016489150546240743
}