{
    "bootstrap__criterion": 0.0032424040768993393,
    "bootstrap__criterion__max_features": 0.0058953441981874355,
    "bootstrap__criterion__min_samples_leaf": 0.001087034711859918,
    "bootstrap__criterion__min_samples_split": 0.00048154095379074596,
    "bootstrap__criterion__strategy": 6.504569546394762e-05,
    "bootstrap__max_features": 0.3384570684196605,
    "bootstrap__max_features__min_samples_leaf": 0.016487125609938674,
    "bootstrap__max_features__min_samples_split": 0.00515113363504029,
    "bootstrap__max_features__strategy": 0.002378847250920764,
    "bootstrap__min_samples_leaf": 0.003878896010401811,
    "bootstrap__min_samples_leaf__min_samples_split": 0.0013897745119508904,
    "bootstrap__min_samples_leaf__strategy": 0.0005127020786913127,
    "bootstrap__min_samples_split": 0.0008349075746501753,
    "bootstrap__min_samples_split__strategy": 0.0002933124561803103,
    "bootstrap__strategy": 0.0002688231401389898,
    "criterion__max_features": 0.004652807810660742,
    "criterion__max_features__min_samples_leaf": 0.0021030313847184567,
    "criterion__max_features__min_samples_split": 0.001290109764582967,
    "criterion__max_features__strategy": 0.00032291778764453676,
    "criterion__min_samples_leaf": 0.0011251650833703497,
    "criterion__min_samples_leaf__min_samples_split": 0.0005562880206992113,
    "criterion__min_samples_leaf__strategy": 0.0001879536739775253,
    "criterion__min_samples_split": 0.0005180132854239153,
    "criterion__min_samples_split__strategy": 3.099656908577225e-05,
    "criterion__strategy": 9.884651521546966e-05,
    "max_features__min_samples_leaf": 0.01681725032806694,
    "max_features__min_samples_leaf__min_samples_split": 0.002434713115614197,
    "max_features__min_samples_leaf__strategy": 0.001731737076222322,
    "max_features__min_samples_split": 0.008287225231113545,
    "max_features__min_samples_split__strategy": 0.0008391664527653323,
    "max_features__strategy": 0.002870938711307757,
    "min_samples_leaf__min_samples_split": 0.0014191765185463576,
    "min_samples_leaf__min_samples_split__strategy": 0.0002569407914447205,
    "min_samples_leaf__strategy": 0.0006451811873522338,
    "min_samples_split__strategy": 0.00028762619939109557
}