{
    "bootstrap": 0.18244196724416628,
    "criterion": 0.0028465698665182523,
    "max_features": 0.3431264360994126,
    "min_samples_leaf": 0.030054997857924065,
    "min_samples_split": 0.0011595313819288502,
    "strategy": 0.00037897150151374826
}