{
    "bootstrap__criterion": 0.0005629863161867327,
    "bootstrap__criterion__max_features": 0.004347820952372683,
    "bootstrap__criterion__min_samples_leaf": 0.0017655884212677553,
    "bootstrap__criterion__min_samples_split": 0.00047058066041126643,
    "bootstrap__criterion__strategy": 0.00018273417165654959,
    "bootstrap__max_features": 0.2900664080950112,
    "bootstrap__max_features__min_samples_leaf": 0.040822847199138035,
    "bootstrap__max_features__min_samples_split": 0.0036846103985396905,
    "bootstrap__max_features__strategy": 0.003540625840423908,
    "bootstrap__min_samples_leaf": 0.008303321916897824,
    "bootstrap__min_samples_leaf__min_samples_split": 0.002662650181604607,
    "bootstrap__min_samples_leaf__strategy": 0.0021700197779313656,
    "bootstrap__min_samples_split": 0.0011627702471268065,
    "bootstrap__min_samples_split__strategy": 0.0005933695313774159,
    "bootstrap__strategy": 0.0007154133801556316,
    "criterion__max_features": 0.008172144460187103,
    "criterion__max_features__min_samples_leaf": 0.00862031353340803,
    "criterion__max_features__min_samples_split": 0.0017149726699313833,
    "criterion__max_features__strategy": 0.0009143157890535245,
    "criterion__min_samples_leaf": 0.006465149203857545,
    "criterion__min_samples_leaf__min_samples_split": 0.003451082268086013,
    "criterion__min_samples_leaf__strategy": 0.0012447157707576578,
    "criterion__min_samples_split": 0.0011646374545462431,
    "criterion__min_samples_split__strategy": 0.00033087062914219194,
    "criterion__strategy": 0.0003109442411950618,
    "max_features__min_samples_leaf": 0.051921079279026214,
    "max_features__min_samples_leaf__min_samples_split": 0.010955425182292998,
    "max_features__min_samples_leaf__strategy": 0.008732974195277198,
    "max_features__min_samples_split": 0.006514252971647074,
    "max_features__min_samples_split__strategy": 0.0018806430403493129,
    "max_features__strategy": 0.007457682306310669,
    "min_samples_leaf__min_samples_split": 0.006359766382177987,
    "min_samples_leaf__min_samples_split__strategy": 0.0019758690636655085,
    "min_samples_leaf__strategy": 0.00327890642183891,
    "min_samples_split__strategy": 0.001015707667644231
}