{
    "bootstrap": 0.06557031000665237,
    "criterion": 0.01005491961563734,
    "max_features": 0.37372241945998846,
    "min_samples_leaf": 0.024221868357874335,
    "min_samples_split": 0.0020253095800915255,
    "strategy": 0.0024122804697002077
}