{
    "C": 0.00899966410627146,
    "coef0": 0.009615183317663797,
    "gamma": 0.911222368153586,
    "shrinking": 1.2140852162233521e-05,
    "strategy": 0.0002255263933991192,
    "tol": 0.0014523538719012127
}