{
    "C__coef0": 0.0012269247292805239,
    "C__coef0__gamma": 0.0024495712820935753,
    "C__coef0__shrinking": 6.81106179234068e-06,
    "C__coef0__strategy": 2.2981964516569195e-05,
    "C__coef0__tol": 0.0003957753047222779,
    "C__gamma": 0.02627713109532659,
    "C__gamma__shrinking": 9.858023315174457e-05,
    "C__gamma__strategy": 0.00032047499333122783,
    "C__gamma__tol": 0.0018650621005852335,
    "C__shrinking": 1.6547605728268707e-05,
    "C__shrinking__strategy": 1.6406752600262985e-06,
    "C__shrinking__tol": 5.8256992850863176e-06,
    "C__strategy": 8.219889042247378e-05,
    "C__strategy__tol": 1.1512117716720466e-05,
    "C__tol": 0.0006078696190844335,
    "coef0__gamma": 0.014544179451080663,
    "coef0__gamma__shrinking": 8.611039517805307e-05,
    "coef0__gamma__strategy": 0.0008819610554985026,
    "coef0__gamma__tol": 0.005356903905798814,
    "coef0__shrinking": 2.917051702797487e-05,
    "coef0__shrinking__strategy": 1.3094507377866074e-05,
    "coef0__shrinking__tol": 1.9130064650267793e-05,
    "coef0__strategy": 0.00023220486122092055,
    "coef0__strategy__tol": 9.28500835073176e-05,
    "coef0__tol": 0.006730153279406825,
    "gamma__shrinking": 0.0001136286888141946,
    "gamma__shrinking__strategy": 1.752470450080176e-05,
    "gamma__shrinking__tol": 8.80225218887554e-05,
    "gamma__strategy": 0.0009559391808826622,
    "gamma__strategy__tol": 0.00033113183399367807,
    "gamma__tol": 0.00425715114145866,
    "shrinking__strategy": 5.572845238146747e-06,
    "shrinking__strategy__tol": 2.9250463715459023e-06,
    "shrinking__tol": 1.3043956294776131e-05,
    "strategy__tol": 0.0001127717180739033
}