{
    "algorithm": 0.012443046462617149,
    "learning_rate": 0.019119765583320836,
    "max_depth": 0.7955816509744928,
    "n_estimators": 0.0184770068758597,
    "strategy": 0.0001620227477958572
}