{
    "bootstrap__criterion": 0.0011249281663837096,
    "bootstrap__criterion__max_features": 0.000678169633053019,
    "bootstrap__criterion__min_samples_leaf": 0.004515941143975966,
    "bootstrap__criterion__min_samples_split": 0.000219152010441071,
    "bootstrap__criterion__strategy": 0.0002337477060724469,
    "bootstrap__max_features": 0.005919059590311471,
    "bootstrap__max_features__min_samples_leaf": 0.018801617180045582,
    "bootstrap__max_features__min_samples_split": 0.0021126233727291072,
    "bootstrap__max_features__strategy": 0.0003852695584230627,
    "bootstrap__min_samples_leaf": 0.13650744831048423,
    "bootstrap__min_samples_leaf__min_samples_split": 0.002614398530259186,
    "bootstrap__min_samples_leaf__strategy": 0.001088100930163865,
    "bootstrap__min_samples_split": 0.0011035996733159215,
    "bootstrap__min_samples_split__strategy": 0.00015526096658416183,
    "bootstrap__strategy": 0.00023364221017131313,
    "criterion__max_features": 0.005109200470412467,
    "criterion__max_features__min_samples_leaf": 0.006067755377421935,
    "criterion__max_features__min_samples_split": 0.00039225656921374093,
    "criterion__max_features__strategy": 0.0001782975678867706,
    "criterion__min_samples_leaf": 0.006322200801067601,
    "criterion__min_samples_leaf__min_samples_split": 0.001713632062913575,
    "criterion__min_samples_leaf__strategy": 0.000979582713010717,
    "criterion__min_samples_split": 0.000422968508757734,
    "criterion__min_samples_split__strategy": 0.00012633002082716488,
    "criterion__strategy": 0.0002611669077210127,
    "max_features__min_samples_leaf": 0.030650699452729357,
    "max_features__min_samples_leaf__min_samples_split": 0.0033238367382735935,
    "max_features__min_samples_leaf__strategy": 0.001286322919646512,
    "max_features__min_samples_split": 0.0024860105166510217,
    "max_features__min_samples_split__strategy": 0.0010270738849185383,
    "max_features__strategy": 0.0004322383554112466,
    "min_samples_leaf__min_samples_split": 0.0043004089528086925,
    "min_samples_leaf__min_samples_split__strategy": 0.00030138744832708115,
    "min_samples_leaf__strategy": 0.001242064052875243,
    "min_samples_split__strategy": 0.00030486984418232293
}