{
    "bootstrap": 0.07317530421290745,
    "criterion": 0.06805220398349122,
    "max_features": 0.0233554232667718,
    "min_samples_leaf": 0.5785622785299475,
    "min_samples_split": 0.0012857714719503094,
    "strategy": 0.00032002171211781673
}