{
    "bootstrap": 0.0021409971361485126,
    "criterion": 0.03409673919625897,
    "max_features": 0.129735095662604,
    "min_samples_leaf": 0.7000846468236815,
    "min_samples_split": 0.0008267302676080619,
    "strategy": 0.00011663620494213805
}