{
    "bootstrap__criterion": 0.0010381461684248403,
    "bootstrap__criterion__max_features": 0.0005783463829177396,
    "bootstrap__criterion__min_samples_leaf": 0.001225343935624408,
    "bootstrap__criterion__min_samples_split": 4.581177637256713e-05,
    "bootstrap__criterion__strategy": 2.7903679952294224e-05,
    "bootstrap__max_features": 0.0018851056057386795,
    "bootstrap__max_features__min_samples_leaf": 0.004560383288073344,
    "bootstrap__max_features__min_samples_split": 0.0002505056932583902,
    "bootstrap__max_features__strategy": 0.00015484971943066877,
    "bootstrap__min_samples_leaf": 0.004424813409275252,
    "bootstrap__min_samples_leaf__min_samples_split": 0.0003457949273799996,
    "bootstrap__min_samples_leaf__strategy": 0.0001973625349588643,
    "bootstrap__min_samples_split": 0.00011168486783859647,
    "bootstrap__min_samples_split__strategy": 1.4822151435796982e-05,
    "bootstrap__strategy": 6.176512975971967e-05,
    "criterion__max_features": 0.00785672444812932,
    "criterion__max_features__min_samples_leaf": 0.014749358846612132,
    "criterion__max_features__min_samples_split": 0.0010030638752477304,
    "criterion__max_features__strategy": 0.00023807256422919937,
    "criterion__min_samples_leaf": 0.017754977841638486,
    "criterion__min_samples_leaf__min_samples_split": 0.0013283473254260235,
    "criterion__min_samples_leaf__strategy": 0.00041694659404081856,
    "criterion__min_samples_split": 0.0005079644640554916,
    "criterion__min_samples_split__strategy": 3.653797407138062e-05,
    "criterion__strategy": 9.613468815447352e-05,
    "max_features__min_samples_leaf": 0.05314625292326047,
    "max_features__min_samples_leaf__min_samples_split": 0.004436422189350829,
    "max_features__min_samples_leaf__strategy": 0.0016779213925818453,
    "max_features__min_samples_split": 0.001953258565737786,
    "max_features__min_samples_split__strategy": 0.0001494645802356167,
    "max_features__strategy": 0.0004870084388065417,
    "min_samples_leaf__min_samples_split": 0.0025223775315813372,
    "min_samples_leaf__min_samples_split__strategy": 0.00032623798897515,
    "min_samples_leaf__strategy": 0.0007523393313646883,
    "min_samples_split__strategy": 7.897417618872052e-05
}