{
    "C": 0.29961350840916035,
    "coef0": 0.0010431750870076065,
    "gamma": 0.4463953738778179,
    "shrinking": 0.00015022820181053188,
    "strategy": 0.0003081291515724724,
    "tol": 0.0023428973412830336
}