{
    "C__coef0": 0.0025371274191199576,
    "C__coef0__gamma": 0.004376308621106634,
    "C__coef0__shrinking": 3.700838460134388e-05,
    "C__coef0__strategy": 0.0006474116375662089,
    "C__coef0__tol": 0.0006310710722757865,
    "C__gamma": 0.21331071524825507,
    "C__gamma__shrinking": 0.0006831627077749985,
    "C__gamma__strategy": 0.0017424474955727402,
    "C__gamma__tol": 0.0059983243887109655,
    "C__shrinking": 0.0007485812516028309,
    "C__shrinking__strategy": 1.7527334554023628e-06,
    "C__shrinking__tol": 8.154432789142865e-05,
    "C__strategy": 0.0010453991765070284,
    "C__strategy__tol": 0.00030424307055699606,
    "C__tol": 0.005665624760056255,
    "coef0__gamma": 0.0021615287719408127,
    "coef0__gamma__shrinking": 1.6838459916500802e-05,
    "coef0__gamma__strategy": 0.0005774737934761689,
    "coef0__gamma__tol": 0.0005590499480044382,
    "coef0__shrinking": 1.1771377963499548e-05,
    "coef0__shrinking__strategy": 1.7571424042097522e-07,
    "coef0__shrinking__tol": 4.486246842659537e-06,
    "coef0__strategy": 0.0008771716621801537,
    "coef0__strategy__tol": 4.913177239446111e-05,
    "coef0__tol": 0.0006197775247417862,
    "gamma__shrinking": 0.0002210416400357904,
    "gamma__shrinking__strategy": 6.772017187046649e-06,
    "gamma__shrinking__tol": 1.9296583183284026e-05,
    "gamma__strategy": 0.0006445062573802677,
    "gamma__strategy__tol": 0.00023328693505248865,
    "gamma__tol": 0.004556263812897844,
    "shrinking__strategy": 1.384836747968601e-06,
    "shrinking__strategy__tol": 4.080350725413069e-07,
    "shrinking__tol": 1.741936107912609e-05,
    "strategy__tol": 0.00027082267472804556
}