{
    "bootstrap": 0.2954285884255118,
    "criterion": 0.0007769068372712978,
    "max_features": 0.16098979444730876,
    "min_samples_leaf": 0.0246414037515642,
    "min_samples_split": 0.0028097460765473857,
    "strategy": 0.0010487045735874233
}