{
    "bootstrap__criterion": 0.00023815113565892445,
    "bootstrap__criterion__max_features": 0.00146257064699451,
    "bootstrap__criterion__min_samples_leaf": 0.0006877345014484199,
    "bootstrap__criterion__min_samples_split": 0.00025827012861727103,
    "bootstrap__criterion__strategy": 0.00016199870360133822,
    "bootstrap__max_features": 0.28312527604049076,
    "bootstrap__max_features__min_samples_leaf": 0.02924750158936562,
    "bootstrap__max_features__min_samples_split": 0.005860573046550973,
    "bootstrap__max_features__strategy": 0.004127574381540652,
    "bootstrap__min_samples_leaf": 0.07440601900483085,
    "bootstrap__min_samples_leaf__min_samples_split": 0.0070282630556503115,
    "bootstrap__min_samples_leaf__strategy": 0.002061815285890615,
    "bootstrap__min_samples_split": 0.002698746474311893,
    "bootstrap__min_samples_split__strategy": 0.0005970130841003278,
    "bootstrap__strategy": 0.0011720139607148562,
    "criterion__max_features": 0.0015779115796908105,
    "criterion__max_features__min_samples_leaf": 0.002017842880896025,
    "criterion__max_features__min_samples_split": 0.0006663169397704122,
    "criterion__max_features__strategy": 0.00031224145571639777,
    "criterion__min_samples_leaf": 0.0010855377312406662,
    "criterion__min_samples_leaf__min_samples_split": 0.0007289973437227203,
    "criterion__min_samples_leaf__strategy": 0.0003198835869446296,
    "criterion__min_samples_split": 0.0002919040829562794,
    "criterion__min_samples_split__strategy": 7.461998345692066e-05,
    "criterion__strategy": 0.0001477565791924173,
    "max_features__min_samples_leaf": 0.03596223364266866,
    "max_features__min_samples_leaf__min_samples_split": 0.0077922813027697735,
    "max_features__min_samples_leaf__strategy": 0.004586156488210372,
    "max_features__min_samples_split": 0.006409852710890336,
    "max_features__min_samples_split__strategy": 0.0011075219892789758,
    "max_features__strategy": 0.00422625642038345,
    "min_samples_leaf__min_samples_split": 0.006790126177370892,
    "min_samples_leaf__min_samples_split__strategy": 0.0010100699729242895,
    "min_samples_leaf__strategy": 0.0024147889996068376,
    "min_samples_split__strategy": 0.0005013424493260261
}