{
    "C__coef0": 0.012281520298818684,
    "C__coef0__gamma": 0.017139649162277393,
    "C__coef0__shrinking": 0.0022214101815462815,
    "C__coef0__strategy": 0.0031849183069136734,
    "C__coef0__tol": 0.0011438094592108733,
    "C__gamma": 0.11852476488909353,
    "C__gamma__shrinking": 0.013262876927880834,
    "C__gamma__strategy": 0.017564329912916992,
    "C__gamma__tol": 0.019017648917103336,
    "C__shrinking": 0.007400127100337758,
    "C__shrinking__strategy": 0.0010958264123325824,
    "C__shrinking__tol": 0.0008707996813352853,
    "C__strategy": 0.018310004672002906,
    "C__strategy__tol": 0.0018277456889019099,
    "C__tol": 0.007841837643375371,
    "coef0__gamma": 0.06503974270166923,
    "coef0__gamma__shrinking": 0.004665241733819351,
    "coef0__gamma__strategy": 0.018024120624565078,
    "coef0__gamma__tol": 0.015422714968708479,
    "coef0__shrinking": 0.001969082541525254,
    "coef0__shrinking__strategy": 0.0007547235537119293,
    "coef0__shrinking__tol": 0.0013647160276441372,
    "coef0__strategy": 0.007641404200403731,
    "coef0__strategy__tol": 0.0012689018084889956,
    "coef0__tol": 0.007114232815581795,
    "gamma__shrinking": 0.013658252740439678,
    "gamma__shrinking__strategy": 0.003192602300402289,
    "gamma__shrinking__tol": 0.004629183207697743,
    "gamma__strategy": 0.04444689691677861,
    "gamma__strategy__tol": 0.008398571955713766,
    "gamma__tol": 0.07883925396622968,
    "shrinking__strategy": 0.00044916786619871377,
    "shrinking__strategy__tol": 0.0002056393407773964,
    "shrinking__tol": 0.001485769524419145,
    "strategy__tol": 0.005257766586006948
}