{
    "C": 0.03423496173976272,
    "coef0": 0.011468837417722725,
    "gamma": 0.35672825564910343,
    "shrinking": 0.002228030660687122,
    "strategy": 0.0066588785426715015,
    "tol": 0.04048948354275125
}