{
    "algorithm": 0.025169393065826454,
    "learning_rate": 0.2837888723029661,
    "max_depth": 0.06522171624033185,
    "n_estimators": 0.04672080933094374,
    "strategy": 0.0021462724437973607
}