{
    "C": 0.04597965770481342,
    "gamma": 0.3046138565417841,
    "shrinking": 0.0001955964441910954,
    "strategy": 0.012050353741419792,
    "tol": 0.040096353076260395
}