{
    "bootstrap__criterion": 0.0024627053774765456,
    "bootstrap__criterion__max_features": 0.0019234223910844644,
    "bootstrap__criterion__min_samples_leaf": 0.0019618265606033553,
    "bootstrap__criterion__min_samples_split": 8.727597377854819e-05,
    "bootstrap__criterion__strategy": 0.0001020833274559096,
    "bootstrap__max_features": 0.05962357147564698,
    "bootstrap__max_features__min_samples_leaf": 0.024957036589244724,
    "bootstrap__max_features__min_samples_split": 0.002437905664456103,
    "bootstrap__max_features__strategy": 0.0010965968890425501,
    "bootstrap__min_samples_leaf": 0.0758985023602467,
    "bootstrap__min_samples_leaf__min_samples_split": 0.0038800880712938205,
    "bootstrap__min_samples_leaf__strategy": 0.0013856639883110364,
    "bootstrap__min_samples_split": 0.0007200893557094841,
    "bootstrap__min_samples_split__strategy": 7.801421900582926e-05,
    "bootstrap__strategy": 0.00026597212197353984,
    "criterion__max_features": 0.001105201916486942,
    "criterion__max_features__min_samples_leaf": 0.004118506243666775,
    "criterion__max_features__min_samples_split": 0.0002952094186078535,
    "criterion__max_features__strategy": 0.00014911639889801144,
    "criterion__min_samples_leaf": 0.002423515705921586,
    "criterion__min_samples_leaf__min_samples_split": 0.0006736253597043806,
    "criterion__min_samples_leaf__strategy": 0.00045915900960958645,
    "criterion__min_samples_split": 8.243100013383912e-05,
    "criterion__min_samples_split__strategy": 1.049953436849636e-05,
    "criterion__strategy": 5.933293630921109e-05,
    "max_features__min_samples_leaf": 0.04375661358826849,
    "max_features__min_samples_leaf__min_samples_split": 0.013304832217990836,
    "max_features__min_samples_leaf__strategy": 0.00626398663345561,
    "max_features__min_samples_split": 0.004778124882785451,
    "max_features__min_samples_split__strategy": 0.0006287560779395201,
    "max_features__strategy": 0.002082843102120433,
    "min_samples_leaf__min_samples_split": 0.008297571700195433,
    "min_samples_leaf__min_samples_split__strategy": 0.0007294770303635481,
    "min_samples_leaf__strategy": 0.0025337462595793423,
    "min_samples_split__strategy": 0.0004731846281076675
}