{
    "bootstrap": 0.0022492954052159976,
    "criterion": 0.00026303054729283744,
    "max_features": 0.22000953619787503,
    "min_samples_leaf": 0.4871252311307261,
    "min_samples_split": 0.0022992774979741218,
    "strategy": 0.0007302963694970269
}