{
    "C": 0.060888001768051286,
    "coef0": 0.05935382105740115,
    "gamma": 0.46426875838998527,
    "shrinking": 0.000334926166469065,
    "strategy": 0.003129025811011691,
    "tol": 0.012415763239808477
}