{
    "C__coef0": 0.036900435573147365,
    "C__coef0__gamma": 0.05433471362876108,
    "C__coef0__shrinking": 0.0012261722313388656,
    "C__coef0__strategy": 0.002208932513602189,
    "C__coef0__tol": 0.004134265117185971,
    "C__gamma": 0.07176567133092926,
    "C__gamma__shrinking": 0.00344636747140872,
    "C__gamma__strategy": 0.009893795884054122,
    "C__gamma__tol": 0.015990822469978433,
    "C__shrinking": 0.0017035203070202376,
    "C__shrinking__strategy": 0.00011087468672188808,
    "C__shrinking__tol": 0.00017549704187749642,
    "C__strategy": 0.005195026202166183,
    "C__strategy__tol": 0.0009045404082321205,
    "C__tol": 0.011205542098081193,
    "coef0__gamma": 0.08353704290798569,
    "coef0__gamma__shrinking": 0.0036202747139790596,
    "coef0__gamma__strategy": 0.0034230584385299937,
    "coef0__gamma__tol": 0.010874781784326945,
    "coef0__shrinking": 0.001044849143590288,
    "coef0__shrinking__strategy": 8.01650997275978e-05,
    "coef0__shrinking__tol": 0.0003248805547268179,
    "coef0__strategy": 0.0019624367144252786,
    "coef0__strategy__tol": 0.0006896394310592479,
    "coef0__tol": 0.006169048825607806,
    "gamma__shrinking": 0.003992588310792253,
    "gamma__shrinking__strategy": 0.0001568199236119984,
    "gamma__shrinking__tol": 0.0004236881767927525,
    "gamma__strategy": 0.005749937098394794,
    "gamma__strategy__tol": 0.003107933127872796,
    "gamma__tol": 0.03340768251739473,
    "shrinking__strategy": 8.227906754737111e-05,
    "shrinking__strategy__tol": 5.41939187378407e-05,
    "shrinking__tol": 0.0003336871790685404,
    "strategy__tol": 0.0020708311014474914
}