{
    "algorithm": 0.08005436576424663,
    "learning_rate": 0.13681477812419246,
    "max_depth": 0.12388236245898167,
    "n_estimators": 0.016965950947920014,
    "strategy": 0.0009969132282577576
}