{
    "C__coef0": 0.004112836117532485,
    "C__coef0__gamma": 0.010508025369620755,
    "C__coef0__shrinking": 3.9914139843572646e-05,
    "C__coef0__strategy": 4.3653073093533014e-05,
    "C__coef0__tol": 0.0011106841163902072,
    "C__gamma": 0.10282801827541121,
    "C__gamma__shrinking": 0.0015109085732269729,
    "C__gamma__strategy": 0.00151170140694611,
    "C__gamma__tol": 0.0015967447236388647,
    "C__shrinking": 0.00026694949537222923,
    "C__shrinking__strategy": 9.849323751854027e-05,
    "C__shrinking__tol": 7.145657559824259e-06,
    "C__strategy": 0.00035984485287122645,
    "C__strategy__tol": 0.00033527348107456785,
    "C__tol": 0.000530392602493707,
    "coef0__gamma": 0.007692365307078841,
    "coef0__gamma__shrinking": 0.0001980019128962626,
    "coef0__gamma__strategy": 0.00047568682814461214,
    "coef0__gamma__tol": 0.00016394084562707315,
    "coef0__shrinking": 3.2787019037472455e-05,
    "coef0__shrinking__strategy": 5.209457596647583e-08,
    "coef0__shrinking__tol": 2.9257313340360584e-06,
    "coef0__strategy": 0.00010550816609863843,
    "coef0__strategy__tol": 5.224563895637503e-06,
    "coef0__tol": 0.0009050671043605817,
    "gamma__shrinking": 0.0016784762125424133,
    "gamma__shrinking__strategy": 0.0002389121440659228,
    "gamma__shrinking__tol": 1.9946230865939066e-05,
    "gamma__strategy": 0.0011725512880330078,
    "gamma__strategy__tol": 6.056512617665642e-05,
    "gamma__tol": 0.001361020144979486,
    "shrinking__strategy": 6.738505384272235e-05,
    "shrinking__strategy__tol": 4.733168616417226e-06,
    "shrinking__tol": 3.993548759509175e-06,
    "strategy__tol": 0.00010309119858646106
}