{
    "C": 0.027382023608253182,
    "coef0": 0.0021862583854580096,
    "gamma": 0.8293043357959918,
    "shrinking": 9.338534287411844e-05,
    "strategy": 0.0002273311353300779,
    "tol": 0.0004481863340309086
}