{
    "C": 0.014415592463178209,
    "gamma": 0.9167855678584906,
    "shrinking": 0.0001731373713222008,
    "strategy": 0.0015692687461038883,
    "tol": 0.005428109318402987
}