{
    "C": 0.42830350605458456,
    "gamma": 0.2863809661585007,
    "shrinking": 0.00017563916514454035,
    "strategy": 0.0022679524966650122,
    "tol": 0.01883880555947222
}