{
    "algorithm": 0.025407215999285897,
    "learning_rate": 0.2361289565659518,
    "max_depth": 0.3994113526700386,
    "n_estimators": 0.016161056228865486,
    "strategy": 0.0009142132686795703
}