{
    "C": 0.07986440668423812,
    "gamma": 0.7782600972192677,
    "shrinking": 0.00012972649782174619,
    "strategy": 0.0006180138704184535,
    "tol": 0.009508253820169784
}