{
    "C": 0.045951919724150775,
    "coef0": 0.08210839690689545,
    "gamma": 0.31748866119692876,
    "shrinking": 0.0013864731484973664,
    "strategy": 0.0018202025054552414,
    "tol": 0.11562586780241599
}