{
    "C__coef0": 0.013082976383012701,
    "C__coef0__gamma": 0.023758509574237086,
    "C__coef0__shrinking": 0.0005191262083001774,
    "C__coef0__strategy": 0.00014388477351288606,
    "C__coef0__tol": 0.0017325673484065995,
    "C__gamma": 0.07594425141458983,
    "C__gamma__shrinking": 0.005869696285715223,
    "C__gamma__strategy": 0.002001318392795418,
    "C__gamma__tol": 0.012618345915383411,
    "C__shrinking": 0.0015234351510547833,
    "C__shrinking__strategy": 7.161526071816637e-08,
    "C__shrinking__tol": 9.459383965293444e-07,
    "C__strategy": 0.007835539415189793,
    "C__strategy__tol": 0.00029260752778401816,
    "C__tol": 0.01392904980534243,
    "coef0__gamma": 0.03856957711719344,
    "coef0__gamma__shrinking": 0.0027919187970411735,
    "coef0__gamma__strategy": 0.001331859770377934,
    "coef0__gamma__tol": 0.01504818235101224,
    "coef0__shrinking": 0.005192527967195645,
    "coef0__shrinking__strategy": 4.2587461335230614e-16,
    "coef0__shrinking__tol": 0.000963961369556704,
    "coef0__strategy": 0.002969006677118176,
    "coef0__strategy__tol": 0.0006606942541480393,
    "coef0__tol": 0.07814901362532212,
    "gamma__shrinking": 0.0027282032660166516,
    "gamma__shrinking__strategy": 4.986188846083095e-07,
    "gamma__shrinking__tol": 0.0008957401552628086,
    "gamma__strategy": 0.019370849099989138,
    "gamma__strategy__tol": 0.004833249736026654,
    "gamma__tol": 0.0898937866937565,
    "shrinking__strategy": 3.269219274850202e-08,
    "shrinking__strategy__tol": 1.9004195092597875e-10,
    "shrinking__tol": 0.005473778958078893,
    "strategy__tol": 0.0016188330149597974
}