{
    "C": 0.03124947462196883,
    "coef0": 0.01286630049730183,
    "gamma": 0.8979551679377826,
    "shrinking": 8.778806748958527e-06,
    "strategy": 3.61628620146963e-05,
    "tol": 7.207050603444238e-05
}