{
    "C__coef0": 0.0003366886244347816,
    "C__coef0__gamma": 0.0038631655427581457,
    "C__coef0__shrinking": 3.2834922024781995e-06,
    "C__coef0__strategy": 3.414280742233014e-06,
    "C__coef0__tol": 1.8053551348076703e-06,
    "C__gamma": 0.028523227199838463,
    "C__gamma__shrinking": 8.239922689438559e-05,
    "C__gamma__strategy": 2.068720428406979e-05,
    "C__gamma__tol": 0.00016165727014022884,
    "C__shrinking": 8.583130958377323e-06,
    "C__shrinking__strategy": 2.477843271533951e-09,
    "C__shrinking__tol": 1.473156893272155e-08,
    "C__strategy": 2.2470026010816432e-06,
    "C__strategy__tol": 1.3715139066955434e-06,
    "C__tol": 7.712886099514805e-06,
    "coef0__gamma": 0.014582100160163924,
    "coef0__gamma__shrinking": 9.180133482683366e-05,
    "coef0__gamma__strategy": 0.00031125871160510207,
    "coef0__gamma__tol": 0.0008865185708012025,
    "coef0__shrinking": 8.154924655280956e-06,
    "coef0__shrinking__strategy": 9.083404847686741e-07,
    "coef0__shrinking__tol": 1.417000023455281e-07,
    "coef0__strategy": 6.494167526692683e-05,
    "coef0__strategy__tol": 6.546542866176126e-07,
    "coef0__tol": 0.0033922455494011343,
    "gamma__shrinking": 0.00019050070691309547,
    "gamma__shrinking__strategy": 4.245000287707952e-06,
    "gamma__shrinking__tol": 1.5108678355755904e-05,
    "gamma__strategy": 0.001013164228939037,
    "gamma__strategy__tol": 5.927158114941468e-06,
    "gamma__tol": 0.004125912918555659,
    "shrinking__strategy": 2.9766484146223897e-07,
    "shrinking__strategy__tol": 2.9527798242999915e-08,
    "shrinking__tol": 3.8621684260865385e-07,
    "strategy__tol": 9.739226414640084e-07
}