{
    "algorithm": 0.006243001802470874,
    "learning_rate": 0.12324962672553277,
    "max_depth": 0.18634919037050623,
    "n_estimators": 0.03069441807179494,
    "strategy": 0.0027177275476155238
}