{
    "bootstrap": 0.47324152517339435,
    "criterion": 0.01558431165264381,
    "max_features": 0.33778636178123456,
    "min_samples_leaf": 0.012043614400986589,
    "min_samples_split": 0.001338059604455656,
    "strategy": 0.0002501333947538586
}