{
    "bootstrap__criterion": 0.011312275963440789,
    "bootstrap__criterion__max_features": 0.006090076672603112,
    "bootstrap__criterion__min_samples_leaf": 0.0011020846346956742,
    "bootstrap__criterion__min_samples_split": 0.0005065569710763782,
    "bootstrap__criterion__strategy": 0.00012139471696706952,
    "bootstrap__max_features": 0.07000241932580742,
    "bootstrap__max_features__min_samples_leaf": 0.01132557064345139,
    "bootstrap__max_features__min_samples_split": 0.002712062083280345,
    "bootstrap__max_features__strategy": 0.0006110381239340188,
    "bootstrap__min_samples_leaf": 0.002465980768700162,
    "bootstrap__min_samples_leaf__min_samples_split": 0.00117705824220169,
    "bootstrap__min_samples_leaf__strategy": 0.0003153696440947709,
    "bootstrap__min_samples_split": 0.0013924435049960091,
    "bootstrap__min_samples_split__strategy": 0.00011193190019726125,
    "bootstrap__strategy": 0.00013040285739054474,
    "criterion__max_features": 0.007817865354842968,
    "criterion__max_features__min_samples_leaf": 0.0030710482189802296,
    "criterion__max_features__min_samples_split": 0.0020687258928823735,
    "criterion__max_features__strategy": 0.0005094558106814341,
    "criterion__min_samples_leaf": 0.0010654297297155307,
    "criterion__min_samples_leaf__min_samples_split": 0.0005066814150842219,
    "criterion__min_samples_leaf__strategy": 0.0002790442036063749,
    "criterion__min_samples_split": 0.0007091139063165595,
    "criterion__min_samples_split__strategy": 7.44687518688061e-05,
    "criterion__strategy": 0.0001751719727369439,
    "max_features__min_samples_leaf": 0.011133161660684034,
    "max_features__min_samples_leaf__min_samples_split": 0.0019951721636269153,
    "max_features__min_samples_leaf__strategy": 0.0013542042653889967,
    "max_features__min_samples_split": 0.003105947537709096,
    "max_features__min_samples_split__strategy": 0.0002498644096876623,
    "max_features__strategy": 0.0009483361977971295,
    "min_samples_leaf__min_samples_split": 0.0013176169281912333,
    "min_samples_leaf__min_samples_split__strategy": 0.00014909729612022274,
    "min_samples_leaf__strategy": 0.00038672901430316075,
    "min_samples_split__strategy": 0.00010557334893379465
}