{
    "C": 0.06643599268144146,
    "coef0": 0.0018165694218733842,
    "gamma": 0.7866559086243358,
    "shrinking": 8.646049600166895e-05,
    "strategy": 0.0009014180610604121,
    "tol": 0.0017177383699763572
}