{
    "C__coef0": 0.0030506297840680215,
    "C__coef0__gamma": 0.005882265245048188,
    "C__coef0__shrinking": 8.849120487786088e-05,
    "C__coef0__strategy": 0.00028838502213295904,
    "C__coef0__tol": 0.0004217781886013553,
    "C__gamma": 0.09686532161646821,
    "C__gamma__shrinking": 0.0007120486387893381,
    "C__gamma__strategy": 0.005194940972249395,
    "C__gamma__tol": 0.004536256156769263,
    "C__shrinking": 0.00038357131664272303,
    "C__shrinking__strategy": 0.0002829947679546469,
    "C__shrinking__tol": 8.224819614660768e-05,
    "C__strategy": 0.0029339536329989575,
    "C__strategy__tol": 0.0006968183379796899,
    "C__tol": 0.002794948088998461,
    "coef0__gamma": 0.005733314916969379,
    "coef0__gamma__shrinking": 0.00011977500043036714,
    "coef0__gamma__strategy": 0.0003639505602887991,
    "coef0__gamma__tol": 0.0006619405934023556,
    "coef0__shrinking": 6.306143344036991e-05,
    "coef0__shrinking__strategy": 2.6797923959399666e-05,
    "coef0__shrinking__tol": 4.375179747343079e-06,
    "coef0__strategy": 0.0001989612088056003,
    "coef0__strategy__tol": 0.000135343598699483,
    "coef0__tol": 0.0004338750337105619,
    "gamma__shrinking": 0.0002546912248100587,
    "gamma__shrinking__strategy": 0.00013747715965354494,
    "gamma__shrinking__tol": 3.868845640137182e-05,
    "gamma__strategy": 0.0018039547012084862,
    "gamma__strategy__tol": 0.0007036414117807832,
    "gamma__tol": 0.0034509713407808672,
    "shrinking__strategy": 9.49330547448037e-05,
    "shrinking__strategy__tol": 8.703895366184286e-06,
    "shrinking__tol": 2.3659380185391075e-05,
    "strategy__tol": 0.0006562707118964719
}