{
    "algorithm": 0.06171109993609148,
    "learning_rate": 0.08128207362121984,
    "max_depth": 0.6050322195104084,
    "n_estimators": 0.012927460619746598,
    "strategy": 0.0007353682426805176
}