{
    "C": 0.04593567912349922,
    "coef0": 0.0369828232419664,
    "gamma": 0.6359912673038244,
    "shrinking": 0.0001756051717116955,
    "strategy": 0.0007497022236052828,
    "tol": 0.007384023371513097
}