{
    "C__coef0": 0.021715326871852916,
    "C__coef0__gamma": 0.03486539269126948,
    "C__coef0__shrinking": 0.00019761529779081062,
    "C__coef0__strategy": 0.0028543068544200907,
    "C__coef0__tol": 0.0023298290196605833,
    "C__gamma": 0.08067894341874693,
    "C__gamma__shrinking": 0.0013123395068973945,
    "C__gamma__strategy": 0.003368126502187058,
    "C__gamma__tol": 0.009899469791924714,
    "C__shrinking": 0.0007348716701854471,
    "C__shrinking__strategy": 1.0540218476886177e-05,
    "C__shrinking__tol": 1.515326787821826e-05,
    "C__strategy": 0.0017522733462466572,
    "C__strategy__tol": 0.00020894767025274145,
    "C__tol": 0.006494040449663033,
    "coef0__gamma": 0.05455161979925027,
    "coef0__gamma__shrinking": 0.0003112225996673499,
    "coef0__gamma__strategy": 0.0026427331635370355,
    "coef0__gamma__tol": 0.00930522668824002,
    "coef0__shrinking": 0.00018731769583176682,
    "coef0__shrinking__strategy": 2.7157533365781538e-05,
    "coef0__shrinking__tol": 5.46332184616239e-05,
    "coef0__strategy": 0.003175114917473127,
    "coef0__strategy__tol": 0.0011522668534254404,
    "coef0__tol": 0.008037282021533029,
    "gamma__shrinking": 0.0005139050762390243,
    "gamma__shrinking__strategy": 2.531272487869829e-05,
    "gamma__shrinking__tol": 5.847897417954502e-05,
    "gamma__strategy": 0.00448329668422596,
    "gamma__strategy__tol": 0.0015361581110528294,
    "gamma__tol": 0.012160788278340679,
    "shrinking__strategy": 1.642024550053945e-05,
    "shrinking__strategy__tol": 1.6147259136696035e-05,
    "shrinking__tol": 3.7216427418050244e-05,
    "strategy__tol": 0.0015734156923675356
}