{
    "C": 0.05037751003338664,
    "gamma": 0.8445661095012035,
    "shrinking": 0.00019270038948701458,
    "strategy": 0.00012683097967064282,
    "tol": 0.008670633953485704
}