{
    "bootstrap": 0.022846160998919587,
    "criterion": 0.015361112906849456,
    "max_features": 0.02807944282467445,
    "min_samples_leaf": 0.6633267238409286,
    "min_samples_split": 0.002717162861491115,
    "strategy": 0.0010478562915966698
}