{
    "bootstrap__criterion": 0.004272803980961054,
    "bootstrap__criterion__max_features": 0.005224969878027716,
    "bootstrap__criterion__min_samples_leaf": 0.005704488546427161,
    "bootstrap__criterion__min_samples_split": 0.0005401060950706738,
    "bootstrap__criterion__strategy": 0.00038671230447121906,
    "bootstrap__max_features": 0.013438181001798014,
    "bootstrap__max_features__min_samples_leaf": 0.02753208678588874,
    "bootstrap__max_features__min_samples_split": 0.0017443046562403627,
    "bootstrap__max_features__strategy": 0.001441346625828419,
    "bootstrap__min_samples_leaf": 0.018069988617867794,
    "bootstrap__min_samples_leaf__min_samples_split": 0.005104685227094126,
    "bootstrap__min_samples_leaf__strategy": 0.003799364574969023,
    "bootstrap__min_samples_split": 0.0009928360756987133,
    "bootstrap__min_samples_split__strategy": 0.0005669509429261431,
    "bootstrap__strategy": 0.0004920246185734158,
    "criterion__max_features": 0.01417552117031358,
    "criterion__max_features__min_samples_leaf": 0.017388229119484497,
    "criterion__max_features__min_samples_split": 0.0011316987666935736,
    "criterion__max_features__strategy": 0.00043999866518194385,
    "criterion__min_samples_leaf": 0.008308520297670152,
    "criterion__min_samples_leaf__min_samples_split": 0.004482354752388371,
    "criterion__min_samples_leaf__strategy": 0.001944209852241151,
    "criterion__min_samples_split": 0.0011195243186306828,
    "criterion__min_samples_split__strategy": 0.0001979778934038663,
    "criterion__strategy": 0.000507717262841868,
    "max_features__min_samples_leaf": 0.04649871389569371,
    "max_features__min_samples_leaf__min_samples_split": 0.014643932186424942,
    "max_features__min_samples_leaf__strategy": 0.00522967373376592,
    "max_features__min_samples_split": 0.003524078320668112,
    "max_features__min_samples_split__strategy": 0.0005811148441074018,
    "max_features__strategy": 0.0019372777254156389,
    "min_samples_leaf__min_samples_split": 0.012385064593544085,
    "min_samples_leaf__min_samples_split__strategy": 0.0022447969947934684,
    "min_samples_leaf__strategy": 0.0048186190102418106,
    "min_samples_split__strategy": 0.0006808565827439096
}