{
    "algorithm": 0.028953260001667126,
    "learning_rate": 0.37606693088141613,
    "max_depth": 0.012779492886343988,
    "n_estimators": 0.07943998082121186,
    "strategy": 0.001467554361721829
}