{
    "bootstrap__criterion": 0.00010041926122294451,
    "bootstrap__criterion__max_features": 0.0005043603106313424,
    "bootstrap__criterion__min_samples_leaf": 0.0001474986456772645,
    "bootstrap__criterion__min_samples_split": 1.0170450032696756e-05,
    "bootstrap__criterion__strategy": 8.166326591815647e-06,
    "bootstrap__max_features": 0.044760855013183165,
    "bootstrap__max_features__min_samples_leaf": 0.040945956436935715,
    "bootstrap__max_features__min_samples_split": 0.00253260371820899,
    "bootstrap__max_features__strategy": 0.0019143770045547384,
    "bootstrap__min_samples_leaf": 0.033239559614629655,
    "bootstrap__min_samples_leaf__min_samples_split": 0.0010993012654399205,
    "bootstrap__min_samples_leaf__strategy": 0.000732316905079048,
    "bootstrap__min_samples_split": 0.00054854620231151,
    "bootstrap__min_samples_split__strategy": 0.00012162026317327535,
    "bootstrap__strategy": 0.00039212646779649313,
    "criterion__max_features": 0.0007010307536354232,
    "criterion__max_features__min_samples_leaf": 0.0014124972671507585,
    "criterion__max_features__min_samples_split": 6.946586763768316e-05,
    "criterion__max_features__strategy": 0.0001216319741306715,
    "criterion__min_samples_leaf": 0.00036865819656534127,
    "criterion__min_samples_leaf__min_samples_split": 6.755600941233688e-05,
    "criterion__min_samples_leaf__strategy": 4.389367309448166e-05,
    "criterion__min_samples_split": 2.280906871259523e-05,
    "criterion__min_samples_split__strategy": 1.4716940552034598e-06,
    "criterion__strategy": 2.326251942941671e-05,
    "max_features__min_samples_leaf": 0.07407069891958107,
    "max_features__min_samples_leaf__min_samples_split": 0.007109990361514124,
    "max_features__min_samples_leaf__strategy": 0.0050198219026210324,
    "max_features__min_samples_split": 0.0035331122004340475,
    "max_features__min_samples_split__strategy": 0.00042118143294147875,
    "max_features__strategy": 0.002580729652181456,
    "min_samples_leaf__min_samples_split": 0.004371397039694009,
    "min_samples_leaf__min_samples_split__strategy": 0.0003283638015769948,
    "min_samples_leaf__strategy": 0.0008502464754794649,
    "min_samples_split__strategy": 0.00018688927174451375
}