{
    "bootstrap": 0.03615493627363281,
    "criterion": 0.00015517816768952677,
    "max_features": 0.398626504399279,
    "min_samples_leaf": 0.32500798283426363,
    "min_samples_split": 0.001370026006270635,
    "strategy": 0.0003793550458557015
}