{
    "algorithm": 0.0003967156683330361,
    "learning_rate": 0.018439311506190766,
    "max_depth": 0.8709337678177018,
    "n_estimators": 0.007994475422736489,
    "strategy": 0.000170320515755028
}