{
    "bootstrap__criterion": 0.00041211930881388827,
    "bootstrap__criterion__max_features": 0.0020556938153017054,
    "bootstrap__criterion__min_samples_leaf": 0.0014469220777693845,
    "bootstrap__criterion__min_samples_split": 0.00027557700025362085,
    "bootstrap__criterion__strategy": 0.00016779674592550756,
    "bootstrap__max_features": 0.0391959967725784,
    "bootstrap__max_features__min_samples_leaf": 0.039400975833220164,
    "bootstrap__max_features__min_samples_split": 0.007888821486784627,
    "bootstrap__max_features__strategy": 0.004404665228092474,
    "bootstrap__min_samples_leaf": 0.03275046978694829,
    "bootstrap__min_samples_leaf__min_samples_split": 0.006777393045599625,
    "bootstrap__min_samples_leaf__strategy": 0.002214481655382194,
    "bootstrap__min_samples_split": 0.0026416024357595316,
    "bootstrap__min_samples_split__strategy": 0.0006365039363138243,
    "bootstrap__strategy": 0.0012438077538066048,
    "criterion__max_features": 0.002956829855835008,
    "criterion__max_features__min_samples_leaf": 0.007914608972070913,
    "criterion__max_features__min_samples_split": 0.0014206978572923797,
    "criterion__max_features__strategy": 0.001143356588920068,
    "criterion__min_samples_leaf": 0.0019233283449792693,
    "criterion__min_samples_leaf__min_samples_split": 0.0010144998963819204,
    "criterion__min_samples_leaf__strategy": 0.00048050160411944754,
    "criterion__min_samples_split": 0.0005191484674296701,
    "criterion__min_samples_split__strategy": 0.0001736663563291956,
    "criterion__strategy": 0.00023076379240943422,
    "max_features__min_samples_leaf": 0.1379807292974578,
    "max_features__min_samples_leaf__min_samples_split": 0.027413517965700403,
    "max_features__min_samples_leaf__strategy": 0.014082421144563236,
    "max_features__min_samples_split": 0.024935761191727097,
    "max_features__min_samples_split__strategy": 0.003671289410277159,
    "max_features__strategy": 0.009102442572430895,
    "min_samples_leaf__min_samples_split": 0.013679783066915325,
    "min_samples_leaf__min_samples_split__strategy": 0.0018161679217996631,
    "min_samples_leaf__strategy": 0.004455568585052609,
    "min_samples_split__strategy": 0.0009231647829817742
}