{
    "bootstrap": 0.02180117286842958,
    "criterion": 0.0006855259721190219,
    "max_features": 0.3304305298654281,
    "min_samples_leaf": 0.20437066577174107,
    "min_samples_split": 0.0045460191679547015,
    "strategy": 0.0008794735763721661
}