{
    "C": 0.01713312173021818,
    "gamma": 0.8898221218923568,
    "shrinking": 0.00018118960759684868,
    "strategy": 0.0008249605340254957,
    "tol": 0.010197866774113506
}