{
    "algorithm": 0.001403887207758772,
    "learning_rate": 0.024514860799177484,
    "max_depth": 0.8465832618883837,
    "n_estimators": 0.0033768226451463277,
    "strategy": 0.000553910514777625
}