{
    "bootstrap": 0.05423765759784536,
    "criterion": 0.09645976537796722,
    "max_features": 0.3359289321954773,
    "min_samples_leaf": 0.21039007429614626,
    "min_samples_split": 0.0008664963006019693,
    "strategy": 0.00035778345955338675
}