{
    "bootstrap__criterion": 0.0006406280069981563,
    "bootstrap__criterion__max_features": 0.005627502888858327,
    "bootstrap__criterion__min_samples_leaf": 0.0037707670231682255,
    "bootstrap__criterion__min_samples_split": 0.00042422047317643976,
    "bootstrap__criterion__strategy": 0.0001680049263382119,
    "bootstrap__max_features": 0.1521491509711202,
    "bootstrap__max_features__min_samples_leaf": 0.018392494469682247,
    "bootstrap__max_features__min_samples_split": 0.0015493573449045456,
    "bootstrap__max_features__strategy": 0.0012402962428566698,
    "bootstrap__min_samples_leaf": 0.008103837941159847,
    "bootstrap__min_samples_leaf__min_samples_split": 0.001203151769990953,
    "bootstrap__min_samples_leaf__strategy": 0.0006803749121015421,
    "bootstrap__min_samples_split": 0.0005221949794896516,
    "bootstrap__min_samples_split__strategy": 7.304146543275628e-05,
    "bootstrap__strategy": 0.0002894142872955939,
    "criterion__max_features": 0.011782504172243413,
    "criterion__max_features__min_samples_leaf": 0.012536766790640058,
    "criterion__max_features__min_samples_split": 0.0017440504601868043,
    "criterion__max_features__strategy": 0.0011292215841544094,
    "criterion__min_samples_leaf": 0.010029772801201847,
    "criterion__min_samples_leaf__min_samples_split": 0.0015848491366250164,
    "criterion__min_samples_leaf__strategy": 0.0008615504447709632,
    "criterion__min_samples_split": 0.0005802657256595279,
    "criterion__min_samples_split__strategy": 4.044339321664634e-05,
    "criterion__strategy": 0.0002891867883891792,
    "max_features__min_samples_leaf": 0.028148484568998655,
    "max_features__min_samples_leaf__min_samples_split": 0.0036596773504522385,
    "max_features__min_samples_leaf__strategy": 0.0038717894287334134,
    "max_features__min_samples_split": 0.0022035985768341223,
    "max_features__min_samples_split__strategy": 0.0003101903997547086,
    "max_features__strategy": 0.0019753556702395516,
    "min_samples_leaf__min_samples_split": 0.001894070203202271,
    "min_samples_leaf__min_samples_split__strategy": 0.00015064116950199444,
    "min_samples_leaf__strategy": 0.0014185346866642337,
    "min_samples_split__strategy": 7.778515331952898e-05
}