{
    "C": 0.05400838447907249,
    "coef0": 0.005890145402042855,
    "gamma": 0.8207559150275907,
    "shrinking": 2.3603670500759563e-05,
    "strategy": 0.0005316054201553737,
    "tol": 0.003394223504612248
}