{
    "C__coef0": 0.005614071274685767,
    "C__coef0__gamma": 0.006888868409459736,
    "C__coef0__shrinking": 0.00010022179621128454,
    "C__coef0__strategy": 0.0006252815036323816,
    "C__coef0__tol": 0.0023795950166581818,
    "C__gamma": 0.05934702741019604,
    "C__gamma__shrinking": 0.00024677788249639193,
    "C__gamma__strategy": 0.0014213475309627433,
    "C__gamma__tol": 0.004522914980018663,
    "C__shrinking": 0.00018146244596761385,
    "C__shrinking__strategy": 1.3014104368843423e-06,
    "C__shrinking__tol": 9.190328310208079e-06,
    "C__strategy": 0.0009070348597268111,
    "C__strategy__tol": 0.00016121870352746748,
    "C__tol": 0.0035176311121101287,
    "coef0__gamma": 0.008693312867697034,
    "coef0__gamma__shrinking": 0.00016158847432401732,
    "coef0__gamma__strategy": 0.001995367856469224,
    "coef0__gamma__tol": 0.0029175925535196105,
    "coef0__shrinking": 0.00010792162757488919,
    "coef0__shrinking__strategy": 7.871215372066542e-07,
    "coef0__shrinking__tol": 7.438549862968762e-06,
    "coef0__strategy": 0.0015858723237214575,
    "coef0__strategy__tol": 0.00020428761299880974,
    "coef0__tol": 0.002467286107042308,
    "gamma__shrinking": 0.0002443449776650571,
    "gamma__shrinking__strategy": 4.281716808048541e-06,
    "gamma__shrinking__tol": 1.1158859210661648e-05,
    "gamma__strategy": 0.0019355438482519245,
    "gamma__strategy__tol": 0.0004387012394168506,
    "gamma__tol": 0.005453932359931102,
    "shrinking__strategy": 5.428838257307781e-07,
    "shrinking__strategy__tol": 4.6826334690048925e-07,
    "shrinking__tol": 3.1842139716041495e-06,
    "strategy__tol": 0.00011833054797956042
}