{
    "bootstrap": 0.03498435794430213,
    "criterion": 0.0010850900029038555,
    "max_features": 0.56675427161374,
    "min_samples_leaf": 0.004955592588317965,
    "min_samples_split": 0.0023915808979558606,
    "strategy": 0.0003278979068578248
}