{
    "bootstrap__criterion": 0.00034576644086657584,
    "bootstrap__criterion__max_features": 0.0013465584984526657,
    "bootstrap__criterion__min_samples_leaf": 0.00016704313871105953,
    "bootstrap__criterion__min_samples_split": 0.0003575321671822852,
    "bootstrap__criterion__strategy": 6.172167885613075e-05,
    "bootstrap__max_features": 0.257276613542737,
    "bootstrap__max_features__min_samples_leaf": 0.011111975001130717,
    "bootstrap__max_features__min_samples_split": 0.008800589868837305,
    "bootstrap__max_features__strategy": 0.003227974277889607,
    "bootstrap__min_samples_leaf": 0.00252606674130828,
    "bootstrap__min_samples_leaf__min_samples_split": 0.0005362487596615442,
    "bootstrap__min_samples_leaf__strategy": 0.00039121600674272357,
    "bootstrap__min_samples_split": 0.0011688012763442562,
    "bootstrap__min_samples_split__strategy": 0.0005527422495972816,
    "bootstrap__strategy": 0.00018794564152786123,
    "criterion__max_features": 0.007408432303510737,
    "criterion__max_features__min_samples_leaf": 0.002907664514863493,
    "criterion__max_features__min_samples_split": 0.0019289588075557902,
    "criterion__max_features__strategy": 0.0005345790347748828,
    "criterion__min_samples_leaf": 0.0006532641427776341,
    "criterion__min_samples_leaf__min_samples_split": 0.0005275017735584626,
    "criterion__min_samples_leaf__strategy": 0.0005214318244791015,
    "criterion__min_samples_split": 0.0007299496507674934,
    "criterion__min_samples_split__strategy": 0.00021363414540156132,
    "criterion__strategy": 0.00010931533471742014,
    "max_features__min_samples_leaf": 0.03011704115053076,
    "max_features__min_samples_leaf__min_samples_split": 0.01249613261533411,
    "max_features__min_samples_leaf__strategy": 0.002770465246133438,
    "max_features__min_samples_split": 0.014855864061017708,
    "max_features__min_samples_split__strategy": 0.0025429811539174046,
    "max_features__strategy": 0.0038859542188044516,
    "min_samples_leaf__min_samples_split": 0.0029932289351375443,
    "min_samples_leaf__min_samples_split__strategy": 0.00045852138835860833,
    "min_samples_leaf__strategy": 0.0007744588420322073,
    "min_samples_split__strategy": 0.0007190698142943438
}