{
    "algorithm": 0.02477085864600069,
    "learning_rate": 0.3770851724424037,
    "max_depth": 0.14762768422730904,
    "n_estimators": 0.05521643517980064,
    "strategy": 0.00416261302643243
}