{
    "C": 0.10604791645937936,
    "coef0": 0.002517545175737425,
    "gamma": 0.7078098076618832,
    "shrinking": 0.00022568877345464718,
    "strategy": 0.000409525777765375,
    "tol": 0.00076276102217773
}