{
    "C__coef0": 0.0059668517124091365,
    "C__coef0__gamma": 0.0063205703888244424,
    "C__coef0__shrinking": 6.372641932731924e-05,
    "C__coef0__strategy": 7.665451263725903e-05,
    "C__coef0__tol": 0.0003592902346736364,
    "C__gamma": 0.14392486208257582,
    "C__gamma__shrinking": 0.0007791917415331627,
    "C__gamma__strategy": 0.0017792147301338322,
    "C__gamma__tol": 0.0035541750340405912,
    "C__shrinking": 0.0004173281009892969,
    "C__shrinking__strategy": 6.455513968807957e-05,
    "C__shrinking__tol": 2.0659857723364684e-06,
    "C__strategy": 0.0007318649253147807,
    "C__strategy__tol": 0.00010747204061944743,
    "C__tol": 0.0013658553991367532,
    "coef0__gamma": 0.005698631394905229,
    "coef0__gamma__shrinking": 0.00022716339132005858,
    "coef0__gamma__strategy": 0.0001217826336369609,
    "coef0__gamma__tol": 0.000838010475796856,
    "coef0__shrinking": 6.792388705162744e-05,
    "coef0__shrinking__strategy": 3.380054736419185e-06,
    "coef0__shrinking__tol": 2.7583840677195253e-06,
    "coef0__strategy": 5.236679265016857e-05,
    "coef0__strategy__tol": 9.459605527687527e-06,
    "coef0__tol": 0.0003569685694125215,
    "gamma__shrinking": 0.001269927417354532,
    "gamma__shrinking__strategy": 8.644280037320949e-05,
    "gamma__shrinking__tol": 3.209277643295878e-05,
    "gamma__strategy": 0.0010916324497535755,
    "gamma__strategy__tol": 0.00014379992823223935,
    "gamma__tol": 0.005089740587935795,
    "shrinking__strategy": 2.0178235697188474e-05,
    "shrinking__strategy__tol": 8.095980374251896e-08,
    "shrinking__tol": 2.7898783783710185e-06,
    "strategy__tol": 4.2821856954896654e-05
}