{
    "bootstrap__criterion": 0.00041393306710268366,
    "bootstrap__criterion__max_features": 0.0008593811542340554,
    "bootstrap__criterion__min_samples_leaf": 0.0011338887343643814,
    "bootstrap__criterion__min_samples_split": 0.0002232219827428745,
    "bootstrap__criterion__strategy": 6.261147937702534e-05,
    "bootstrap__max_features": 0.039492916435512615,
    "bootstrap__max_features__min_samples_leaf": 0.014331719520621122,
    "bootstrap__max_features__min_samples_split": 0.0011527242286111438,
    "bootstrap__max_features__strategy": 0.00048293578128784734,
    "bootstrap__min_samples_leaf": 0.030064556725916458,
    "bootstrap__min_samples_leaf__min_samples_split": 0.0029860131849272563,
    "bootstrap__min_samples_leaf__strategy": 0.0010122917202518324,
    "bootstrap__min_samples_split": 0.0009103670771296005,
    "bootstrap__min_samples_split__strategy": 6.573717491697106e-05,
    "bootstrap__strategy": 0.0002185245272098515,
    "criterion__max_features": 0.0018057033922195542,
    "criterion__max_features__min_samples_leaf": 0.0035272141231549037,
    "criterion__max_features__min_samples_split": 0.0006406956720574255,
    "criterion__max_features__strategy": 0.0002109155753753615,
    "criterion__min_samples_leaf": 0.0014403217342221497,
    "criterion__min_samples_leaf__min_samples_split": 0.0006093485196311172,
    "criterion__min_samples_leaf__strategy": 0.00020834194561910864,
    "criterion__min_samples_split": 0.0003288549185519545,
    "criterion__min_samples_split__strategy": 3.678036180634035e-05,
    "criterion__strategy": 3.92420823885105e-05,
    "max_features__min_samples_leaf": 0.025728627004595994,
    "max_features__min_samples_leaf__min_samples_split": 0.0045107725432635346,
    "max_features__min_samples_leaf__strategy": 0.0023472342654946333,
    "max_features__min_samples_split": 0.001967044697181852,
    "max_features__min_samples_split__strategy": 0.00021697474272252193,
    "max_features__strategy": 0.000985954518623289,
    "min_samples_leaf__min_samples_split": 0.0049081941205263956,
    "min_samples_leaf__min_samples_split__strategy": 0.00032232629539869417,
    "min_samples_leaf__strategy": 0.0013243971594945423,
    "min_samples_split__strategy": 7.982958420154685e-05
}