{
    "bootstrap": 0.09782484309966763,
    "criterion": 0.0030657868355259887,
    "max_features": 0.06763262502564202,
    "min_samples_leaf": 0.6742984815821301,
    "min_samples_split": 0.0019944692988926346,
    "strategy": 0.00035767752407441487
}