{
    "C": 0.00773303629193331,
    "gamma": 0.9532265118325728,
    "shrinking": 0.00023640690875532746,
    "strategy": 5.118317614458387e-05,
    "tol": 0.006376240924038851
}