{
    "algorithm": 0.035570630522708896,
    "learning_rate": 0.3149554567576599,
    "max_depth": 0.12383164487260355,
    "n_estimators": 0.01593765253422162,
    "strategy": 0.00106718762804761
}