{
    "bootstrap": 0.0023750231587719196,
    "criterion": 0.0014185062886607023,
    "max_features": 0.09347665635585128,
    "min_samples_leaf": 0.2983117720720051,
    "min_samples_split": 0.009005344016723158,
    "strategy": 0.0010764015704106621
}