{
    "bootstrap__criterion": 0.001046452615201046,
    "bootstrap__criterion__max_features": 0.001470983330513459,
    "bootstrap__criterion__min_samples_leaf": 0.003242557327716597,
    "bootstrap__criterion__min_samples_split": 0.00038489348297270423,
    "bootstrap__criterion__strategy": 0.00012596469088736913,
    "bootstrap__max_features": 0.01024545632144637,
    "bootstrap__max_features__min_samples_leaf": 0.05416780746427807,
    "bootstrap__max_features__min_samples_split": 0.004579287741822946,
    "bootstrap__max_features__strategy": 0.0013401605765865814,
    "bootstrap__min_samples_leaf": 0.10054351525352612,
    "bootstrap__min_samples_leaf__min_samples_split": 0.013729886887275666,
    "bootstrap__min_samples_leaf__strategy": 0.0017262681254061863,
    "bootstrap__min_samples_split": 0.003151245017779032,
    "bootstrap__min_samples_split__strategy": 0.0005537563752634053,
    "bootstrap__strategy": 0.0005254639407590547,
    "criterion__max_features": 0.0028237472176722705,
    "criterion__max_features__min_samples_leaf": 0.006624091297831924,
    "criterion__max_features__min_samples_split": 0.0011049724884128823,
    "criterion__max_features__strategy": 0.0007778647371195727,
    "criterion__min_samples_leaf": 0.00416980374391257,
    "criterion__min_samples_leaf__min_samples_split": 0.003283677132695296,
    "criterion__min_samples_leaf__strategy": 0.0005052190106480078,
    "criterion__min_samples_split": 0.0006994000329775072,
    "criterion__min_samples_split__strategy": 9.314272463313371e-05,
    "criterion__strategy": 0.0001238541164233257,
    "max_features__min_samples_leaf": 0.21262137292094285,
    "max_features__min_samples_leaf__min_samples_split": 0.028929243583499187,
    "max_features__min_samples_leaf__strategy": 0.008617753349647723,
    "max_features__min_samples_split": 0.015010416765392115,
    "max_features__min_samples_split__strategy": 0.005476344878437411,
    "max_features__strategy": 0.003831994019341012,
    "min_samples_leaf__min_samples_split": 0.056413914660608515,
    "min_samples_leaf__min_samples_split__strategy": 0.0032374958114654104,
    "min_samples_leaf__strategy": 0.004269633676549983,
    "min_samples_split__strategy": 0.002538788843683589
}