{
    "C": 0.034586031093803385,
    "gamma": 0.8075941087722546,
    "shrinking": 0.0004070285060456681,
    "strategy": 0.0017625835286936026,
    "tol": 0.013607824847891126
}