{
    "C": 0.04517474300928079,
    "gamma": 0.8480959927100282,
    "shrinking": 2.354629679261763e-05,
    "strategy": 0.002039454175423135,
    "tol": 0.012276799352348652
}