{
    "bootstrap__criterion": 0.0001587595860752007,
    "bootstrap__criterion__max_features": 0.00023544574004293745,
    "bootstrap__criterion__min_samples_leaf": 0.0009135438410811623,
    "bootstrap__criterion__min_samples_split": 0.00020367052690249817,
    "bootstrap__criterion__strategy": 3.346049602246146e-05,
    "bootstrap__max_features": 0.010971799245411099,
    "bootstrap__max_features__min_samples_leaf": 0.012675335152026942,
    "bootstrap__max_features__min_samples_split": 0.0007876190080092337,
    "bootstrap__max_features__strategy": 0.00023283656745984023,
    "bootstrap__min_samples_leaf": 0.007437985170729244,
    "bootstrap__min_samples_leaf__min_samples_split": 0.005549331577107906,
    "bootstrap__min_samples_leaf__strategy": 0.001305174582265711,
    "bootstrap__min_samples_split": 0.0009383325228657941,
    "bootstrap__min_samples_split__strategy": 9.879394861472335e-05,
    "bootstrap__strategy": 0.00017376947362750483,
    "criterion__max_features": 0.00022874830951750622,
    "criterion__max_features__min_samples_leaf": 0.0010685100304686675,
    "criterion__max_features__min_samples_split": 0.00010437056369891774,
    "criterion__max_features__strategy": 3.274640268096838e-05,
    "criterion__min_samples_leaf": 0.0008392000451499237,
    "criterion__min_samples_leaf__min_samples_split": 0.0008347889671916223,
    "criterion__min_samples_leaf__strategy": 0.00012115143501828816,
    "criterion__min_samples_split": 0.00021822300221048443,
    "criterion__min_samples_split__strategy": 1.4346623119818643e-05,
    "criterion__strategy": 3.5268043327926345e-05,
    "max_features__min_samples_leaf": 0.014020721995123053,
    "max_features__min_samples_leaf__min_samples_split": 0.004609880589913086,
    "max_features__min_samples_leaf__strategy": 0.0009779010976018452,
    "max_features__min_samples_split": 0.0006954949100630315,
    "max_features__min_samples_split__strategy": 0.00010929365978581474,
    "max_features__strategy": 0.00025033437643043566,
    "min_samples_leaf__min_samples_split": 0.016645179885640016,
    "min_samples_leaf__min_samples_split__strategy": 0.0007189967541585925,
    "min_samples_leaf__strategy": 0.0012983971744506713,
    "min_samples_split__strategy": 0.00014105715424645387
}