{
    "bootstrap": 0.14363511428287767,
    "criterion": 0.0005371256961563224,
    "max_features": 0.026571064341075853,
    "min_samples_leaf": 0.7297665165523748,
    "min_samples_split": 0.005773605858608586,
    "strategy": 0.00012409891444099586
}