{
    "C": 0.04509894260710475,
    "gamma": 0.6839245173278257,
    "shrinking": 0.0006792673457040988,
    "strategy": 0.0026237862139246093,
    "tol": 0.0315142451384466
}