{
    "bootstrap__criterion": 0.00011413982667240773,
    "bootstrap__criterion__max_features": 0.00015448688406055622,
    "bootstrap__criterion__min_samples_leaf": 0.0002873701759109077,
    "bootstrap__criterion__min_samples_split": 6.826976645552246e-05,
    "bootstrap__criterion__strategy": 1.7844556548586826e-05,
    "bootstrap__max_features": 0.035518752706127144,
    "bootstrap__max_features__min_samples_leaf": 0.018827605547671877,
    "bootstrap__max_features__min_samples_split": 0.0021162014399760294,
    "bootstrap__max_features__strategy": 0.0006606540332923187,
    "bootstrap__min_samples_leaf": 0.009660440138584359,
    "bootstrap__min_samples_leaf__min_samples_split": 0.004638963059222085,
    "bootstrap__min_samples_leaf__strategy": 0.0011636368407440777,
    "bootstrap__min_samples_split": 0.0010843180715521625,
    "bootstrap__min_samples_split__strategy": 0.00024355354886213774,
    "bootstrap__strategy": 0.0003896080150677409,
    "criterion__max_features": 0.0002503522432637517,
    "criterion__max_features__min_samples_leaf": 0.0006072011824455048,
    "criterion__max_features__min_samples_split": 7.552253289816718e-05,
    "criterion__max_features__strategy": 2.0951195513415038e-05,
    "criterion__min_samples_leaf": 0.00024003905277092397,
    "criterion__min_samples_leaf__min_samples_split": 0.00020448022578243002,
    "criterion__min_samples_leaf__strategy": 3.7887170820051746e-05,
    "criterion__min_samples_split": 5.624624173569421e-05,
    "criterion__min_samples_split__strategy": 8.859555950328855e-06,
    "criterion__strategy": 1.2930377036022872e-05,
    "max_features__min_samples_leaf": 0.05417018712419608,
    "max_features__min_samples_leaf__min_samples_split": 0.00675983782608083,
    "max_features__min_samples_leaf__strategy": 0.0016998082644188676,
    "max_features__min_samples_split": 0.002418022166956116,
    "max_features__min_samples_split__strategy": 0.0003215205990066772,
    "max_features__strategy": 0.0008109830869727245,
    "min_samples_leaf__min_samples_split": 0.013010052077336973,
    "min_samples_leaf__min_samples_split__strategy": 0.0006952836167477897,
    "min_samples_leaf__strategy": 0.0011031288674651389,
    "min_samples_split__strategy": 0.00024047119342770253
}