{
    "bootstrap": 0.19537217712426896,
    "criterion": 3.7936993243894776e-05,
    "max_features": 0.20658709908933443,
    "min_samples_leaf": 0.42416182624636894,
    "min_samples_split": 0.004246954749131495,
    "strategy": 0.00048375257124713434
}