{
    "C": 0.2947745979156784,
    "gamma": 0.28863543773378786,
    "shrinking": 0.00018119703207606567,
    "strategy": 0.003409880012695144,
    "tol": 0.007514176726428859
}