{
    "algorithm": 0.021373490219924067,
    "learning_rate": 0.028596125001689683,
    "max_depth": 0.40340814320853086,
    "n_estimators": 0.010648336316267078,
    "strategy": 0.00012736127477672843
}