{
    "C__coef0": 0.0004916729054494015,
    "C__coef0__gamma": 0.0015952891529356986,
    "C__coef0__shrinking": 1.3865144260703078e-06,
    "C__coef0__strategy": 4.0041864523205186e-05,
    "C__coef0__tol": 0.0007469007508120046,
    "C__gamma": 0.020084851114542945,
    "C__gamma__shrinking": 6.99635568774879e-05,
    "C__gamma__strategy": 0.0009917206142777196,
    "C__gamma__tol": 0.004131672228126829,
    "C__shrinking": 1.5865894727578774e-05,
    "C__shrinking__strategy": 7.612271945250763e-07,
    "C__shrinking__tol": 0.0001574182879632473,
    "C__strategy": 0.0004902372934219515,
    "C__strategy__tol": 0.0010196894677970865,
    "C__tol": 0.003937298024455409,
    "coef0__gamma": 0.01289187247460255,
    "coef0__gamma__shrinking": 4.9724380800087576e-06,
    "coef0__gamma__strategy": 0.00016083768916292588,
    "coef0__gamma__tol": 0.0017062924378685382,
    "coef0__shrinking": 2.2690141381897727e-06,
    "coef0__shrinking__strategy": 1.1342822180086397e-07,
    "coef0__shrinking__tol": 6.884855960029822e-06,
    "coef0__strategy": 0.00010712739164691362,
    "coef0__strategy__tol": 0.00015352435309426253,
    "coef0__tol": 0.004733209126006534,
    "gamma__shrinking": 4.7656009611552926e-05,
    "gamma__shrinking__strategy": 1.5373329873935408e-06,
    "gamma__shrinking__tol": 6.758555945810766e-05,
    "gamma__strategy": 0.001715354675136283,
    "gamma__strategy__tol": 0.001268082836153571,
    "gamma__tol": 0.00640292341009777,
    "shrinking__strategy": 2.3806666678673552e-07,
    "shrinking__strategy__tol": 8.347491023681479e-07,
    "shrinking__tol": 9.190009423739372e-05,
    "strategy__tol": 0.0011940975361723572
}