{
    "C": 0.016427706149838954,
    "coef0": 0.010117174423827511,
    "gamma": 0.9008694592547616,
    "shrinking": 2.026348042270986e-05,
    "strategy": 0.0008295048333408767,
    "tol": 0.005609556550521724
}