{
    "bootstrap__criterion": 0.0033076807774251203,
    "bootstrap__criterion__max_features": 0.009753531079127159,
    "bootstrap__criterion__min_samples_leaf": 0.0032953943355862256,
    "bootstrap__criterion__min_samples_split": 0.0038230348605729214,
    "bootstrap__criterion__strategy": 0.0010888456995069955,
    "bootstrap__max_features": 0.08690846340795202,
    "bootstrap__max_features__min_samples_leaf": 0.05218010563492965,
    "bootstrap__max_features__min_samples_split": 0.02215600368016793,
    "bootstrap__max_features__strategy": 0.008560595300144826,
    "bootstrap__min_samples_leaf": 0.0294942477679525,
    "bootstrap__min_samples_leaf__min_samples_split": 0.014699614694913793,
    "bootstrap__min_samples_leaf__strategy": 0.006999007890698763,
    "bootstrap__min_samples_split": 0.010258544022799819,
    "bootstrap__min_samples_split__strategy": 0.0025530830524934135,
    "bootstrap__strategy": 0.002829761833545755,
    "criterion__max_features": 0.011885217289311759,
    "criterion__max_features__min_samples_leaf": 0.006944188066685127,
    "criterion__max_features__min_samples_split": 0.005936971763348429,
    "criterion__max_features__strategy": 0.003045478459270453,
    "criterion__min_samples_leaf": 0.0040003836082481495,
    "criterion__min_samples_leaf__min_samples_split": 0.003771193628287716,
    "criterion__min_samples_leaf__strategy": 0.002182215002590404,
    "criterion__min_samples_split": 0.003822132839802147,
    "criterion__min_samples_split__strategy": 0.0012252872315686334,
    "criterion__strategy": 0.0009339684771839567,
    "max_features__min_samples_leaf": 0.10796539575376848,
    "max_features__min_samples_leaf__min_samples_split": 0.025758037023275372,
    "max_features__min_samples_leaf__strategy": 0.011300496408693286,
    "max_features__min_samples_split": 0.02511693382336317,
    "max_features__min_samples_split__strategy": 0.0048918862672007075,
    "max_features__strategy": 0.007133300457554401,
    "min_samples_leaf__min_samples_split": 0.024270183929837,
    "min_samples_leaf__min_samples_split__strategy": 0.003945244590572699,
    "min_samples_leaf__strategy": 0.008096280891629339,
    "min_samples_split__strategy": 0.002948623966815356
}