{
    "bootstrap": 0.22891109346113078,
    "criterion": 0.0075903632399128675,
    "max_features": 0.06824739214844922,
    "min_samples_leaf": 0.05909873018663129,
    "min_samples_split": 0.018393620415884333,
    "strategy": 0.001988236039520244
}