{
    "C": 0.10934870161503224,
    "gamma": 0.35702680949845267,
    "shrinking": 0.0007818049703070978,
    "strategy": 0.0032482031475134644,
    "tol": 0.04107793164545133
}