{
    "C__coef0": 0.003255241309006885,
    "C__coef0__gamma": 0.00632850486487703,
    "C__coef0__shrinking": 4.1190226947858486e-05,
    "C__coef0__strategy": 0.00010463355718567387,
    "C__coef0__tol": 0.0003868191115774868,
    "C__gamma": 0.01673215920830662,
    "C__gamma__shrinking": 0.00021763826067105465,
    "C__gamma__strategy": 0.0005134994167568217,
    "C__gamma__tol": 0.0012940644191086733,
    "C__shrinking": 0.00010342394051494181,
    "C__shrinking__strategy": 1.4963985965478369e-05,
    "C__shrinking__tol": 3.5717360864794424e-05,
    "C__strategy": 0.00013316296270471581,
    "C__strategy__tol": 2.6357859885663398e-05,
    "C__tol": 0.0008914806055773679,
    "coef0__gamma": 0.015920124005559866,
    "coef0__gamma__shrinking": 0.0005787643096938151,
    "coef0__gamma__strategy": 0.00048189089444687226,
    "coef0__gamma__tol": 0.0010274560606948861,
    "coef0__shrinking": 0.0001946682454118324,
    "coef0__shrinking__strategy": 3.3503909151770734e-06,
    "coef0__shrinking__tol": 4.066429060931487e-05,
    "coef0__strategy": 0.00013317695394828404,
    "coef0__strategy__tol": 1.6363237097242697e-05,
    "coef0__tol": 0.0003891658214485338,
    "gamma__shrinking": 0.001397203437221164,
    "gamma__shrinking__strategy": 3.944837375189974e-05,
    "gamma__shrinking__tol": 0.0003987120636548525,
    "gamma__strategy": 0.0008124210161476745,
    "gamma__strategy__tol": 0.000156575490953049,
    "gamma__tol": 0.002910487076562795,
    "shrinking__strategy": 1.0626607522284693e-05,
    "shrinking__strategy__tol": 1.1557775977743038e-05,
    "shrinking__tol": 0.00021458735813348567,
    "strategy__tol": 5.4980063931563215e-05
}