{
    "C": 0.006860590170273208,
    "coef0": 0.012087251033070956,
    "gamma": 0.9232642261731963,
    "shrinking": 0.0007285272427821597,
    "strategy": 0.00018087086681281526,
    "tol": 0.0007760090267578183
}