{
    "algorithm": 0.0086960674460028,
    "learning_rate": 0.20627966181041565,
    "max_depth": 0.08061646939386084,
    "n_estimators": 0.024758940487810497,
    "strategy": 0.0073151979091539265
}