{
    "algorithm": 0.33475320449551266,
    "learning_rate": 0.18752281930919165,
    "max_depth": 0.18786403196574075,
    "n_estimators": 0.009408398712145109,
    "strategy": 0.0003794132973416462
}