{
    "algorithm": 0.0025478268925244888,
    "learning_rate": 0.5516479052470462,
    "max_depth": 0.030277073274182498,
    "n_estimators": 0.09376884602731998,
    "strategy": 0.0008250239779765166
}