{
    "bootstrap__criterion": 0.00032493133487149564,
    "bootstrap__criterion__max_features": 0.002238996380176106,
    "bootstrap__criterion__min_samples_leaf": 0.0018714166121087637,
    "bootstrap__criterion__min_samples_split": 0.00021241719692853284,
    "bootstrap__criterion__strategy": 3.493861496242721e-05,
    "bootstrap__max_features": 0.04025962217696677,
    "bootstrap__max_features__min_samples_leaf": 0.012559627740117318,
    "bootstrap__max_features__min_samples_split": 0.0017542587025766773,
    "bootstrap__max_features__strategy": 0.0004655382078999504,
    "bootstrap__min_samples_leaf": 0.013014855615962384,
    "bootstrap__min_samples_leaf__min_samples_split": 0.0016397672385095648,
    "bootstrap__min_samples_leaf__strategy": 0.00047819646255724263,
    "bootstrap__min_samples_split": 0.0005304360623352667,
    "bootstrap__min_samples_split__strategy": 6.593485988864469e-05,
    "bootstrap__strategy": 0.0001796084492607523,
    "criterion__max_features": 0.003300639797274796,
    "criterion__max_features__min_samples_leaf": 0.007835211395934849,
    "criterion__max_features__min_samples_split": 0.0008770921882530428,
    "criterion__max_features__strategy": 0.00022909238890224474,
    "criterion__min_samples_leaf": 0.006417297969811109,
    "criterion__min_samples_leaf__min_samples_split": 0.001032232159871244,
    "criterion__min_samples_leaf__strategy": 0.00034528402003221494,
    "criterion__min_samples_split": 0.00030175904429214414,
    "criterion__min_samples_split__strategy": 2.7346953777120683e-05,
    "criterion__strategy": 0.00010525036179247134,
    "max_features__min_samples_leaf": 0.0375921300896257,
    "max_features__min_samples_leaf__min_samples_split": 0.010349854371224342,
    "max_features__min_samples_leaf__strategy": 0.004298591562562707,
    "max_features__min_samples_split": 0.0055071877323510715,
    "max_features__min_samples_split__strategy": 0.00027222385060962813,
    "max_features__strategy": 0.0015489772222366015,
    "min_samples_leaf__min_samples_split": 0.007582627471845105,
    "min_samples_leaf__min_samples_split__strategy": 0.00029886372569940325,
    "min_samples_leaf__strategy": 0.0011573472375387183,
    "min_samples_split__strategy": 0.00010604078896017498
}