{
    "bootstrap": 0.012978105948419243,
    "criterion": 0.010188896265090865,
    "max_features": 0.30371684889338063,
    "min_samples_leaf": 0.49218273865106876,
    "min_samples_split": 0.002041329971972949,
    "strategy": 0.0002542887284226703
}