{
    "algorithm": 0.01131327316883333,
    "learning_rate": 0.062013699789974404,
    "max_depth": 0.6303200411395229,
    "n_estimators": 0.04488379251511654,
    "strategy": 0.001062429949747806
}