{
    "bootstrap__criterion": 0.00240368205238791,
    "bootstrap__criterion__max_features": 0.0023381214661690602,
    "bootstrap__criterion__min_samples_leaf": 0.0025025560234332514,
    "bootstrap__criterion__min_samples_split": 0.000499097493738423,
    "bootstrap__criterion__strategy": 0.00013452039470894734,
    "bootstrap__max_features": 0.10024516313469095,
    "bootstrap__max_features__min_samples_leaf": 0.05277477777555949,
    "bootstrap__max_features__min_samples_split": 0.01968737992362928,
    "bootstrap__max_features__strategy": 0.005872913130288155,
    "bootstrap__min_samples_leaf": 0.007659228082169081,
    "bootstrap__min_samples_leaf__min_samples_split": 0.0023753559708613904,
    "bootstrap__min_samples_leaf__strategy": 0.0008827133896491435,
    "bootstrap__min_samples_split": 0.002776265375876355,
    "bootstrap__min_samples_split__strategy": 0.0023119330822745036,
    "bootstrap__strategy": 0.000831497202447291,
    "criterion__max_features": 0.010630042185844346,
    "criterion__max_features__min_samples_leaf": 0.013505189829539944,
    "criterion__max_features__min_samples_split": 0.00585987491224404,
    "criterion__max_features__strategy": 0.0008778055862226979,
    "criterion__min_samples_leaf": 0.005213625127489872,
    "criterion__min_samples_leaf__min_samples_split": 0.001426543167697694,
    "criterion__min_samples_leaf__strategy": 0.0005222854297115749,
    "criterion__min_samples_split": 0.0010024945459241093,
    "criterion__min_samples_split__strategy": 0.00021311984257059977,
    "criterion__strategy": 0.00016465389818975397,
    "max_features__min_samples_leaf": 0.16497317621673468,
    "max_features__min_samples_leaf__min_samples_split": 0.015534994363359922,
    "max_features__min_samples_leaf__strategy": 0.009793895670504588,
    "max_features__min_samples_split": 0.05982856782270547,
    "max_features__min_samples_split__strategy": 0.0024124314632522677,
    "max_features__strategy": 0.013391380921685956,
    "min_samples_leaf__min_samples_split": 0.004414095809317296,
    "min_samples_leaf__min_samples_split__strategy": 0.0026291987584314246,
    "min_samples_leaf__strategy": 0.0015271550542900806,
    "min_samples_split__strategy": 0.002515459709658382
}