{
    "bootstrap": 0.012968851364561837,
    "criterion": 0.004045696840064817,
    "max_features": 0.3720559643011759,
    "min_samples_leaf": 0.05055342511115229,
    "min_samples_split": 0.005300712474867225,
    "strategy": 0.001056872664058851
}