{
    "algorithm": 0.024451745657358373,
    "learning_rate": 0.00945261961046313,
    "max_depth": 0.8777814379486145,
    "n_estimators": 0.006718019551832143,
    "strategy": 0.00010121747254012308
}