{
    "bootstrap__criterion": 0.003631566190144122,
    "bootstrap__criterion__max_features": 0.0002535165760073068,
    "bootstrap__criterion__min_samples_leaf": 0.0028759411731975916,
    "bootstrap__criterion__min_samples_split": 0.0002580650144513091,
    "bootstrap__criterion__strategy": 4.1874149078360455e-05,
    "bootstrap__max_features": 0.0017564228237163212,
    "bootstrap__max_features__min_samples_leaf": 0.004300643804016322,
    "bootstrap__max_features__min_samples_split": 0.00010702682409051705,
    "bootstrap__max_features__strategy": 6.244972648944414e-05,
    "bootstrap__min_samples_leaf": 0.012444961233798457,
    "bootstrap__min_samples_leaf__min_samples_split": 0.0012242689615737127,
    "bootstrap__min_samples_leaf__strategy": 0.0007805515540748527,
    "bootstrap__min_samples_split": 0.00034567626516176803,
    "bootstrap__min_samples_split__strategy": 4.318145063776505e-05,
    "bootstrap__strategy": 0.00011425767581841565,
    "criterion__max_features": 0.0006894552731016698,
    "criterion__max_features__min_samples_leaf": 0.003526617512598463,
    "criterion__max_features__min_samples_split": 0.0004233051225532138,
    "criterion__max_features__strategy": 4.177843543958285e-05,
    "criterion__min_samples_leaf": 0.007933935658239633,
    "criterion__min_samples_leaf__min_samples_split": 0.005058789108082427,
    "criterion__min_samples_leaf__strategy": 0.0007537542001532868,
    "criterion__min_samples_split": 0.0011463506963753775,
    "criterion__min_samples_split__strategy": 6.211944449009015e-05,
    "criterion__strategy": 0.00010347573344709267,
    "max_features__min_samples_leaf": 0.00943247738687003,
    "max_features__min_samples_leaf__min_samples_split": 0.0026622675531680845,
    "max_features__min_samples_leaf__strategy": 0.0005918112030334704,
    "max_features__min_samples_split": 0.0012119362874017164,
    "max_features__min_samples_split__strategy": 3.073725319798913e-05,
    "max_features__strategy": 0.0001180329611543755,
    "min_samples_leaf__min_samples_split": 0.009664468215804387,
    "min_samples_leaf__min_samples_split__strategy": 0.000599119522393434,
    "min_samples_leaf__strategy": 0.0012898046132678335,
    "min_samples_split__strategy": 0.00011003761708229152
}