{
    "bootstrap": 0.011349931126096379,
    "criterion": 0.019343624055602335,
    "max_features": 0.0016593184793026654,
    "min_samples_leaf": 0.8851947493716126,
    "min_samples_split": 0.002268363783446273,
    "strategy": 0.00014203378477878066
}