{
    "algorithm": 0.012754523911370108,
    "learning_rate": 0.023735539151189818,
    "max_depth": 0.48443133147996925,
    "n_estimators": 0.00453326049127243,
    "strategy": 0.0005557396540198357
}