{
    "algorithm__learning_rate": 0.009645406836762384,
    "algorithm__learning_rate__max_depth": 0.039426700820104854,
    "algorithm__learning_rate__n_estimators": 0.0017899403859820487,
    "algorithm__learning_rate__strategy": 0.000674039106178353,
    "algorithm__max_depth": 0.2502685828801576,
    "algorithm__max_depth__n_estimators": 0.00869280729327434,
    "algorithm__max_depth__strategy": 0.0038985742047948076,
    "algorithm__n_estimators": 0.0011313791052483674,
    "algorithm__n_estimators__strategy": 0.00015111533105263133,
    "algorithm__strategy": 0.0003122234527690713,
    "learning_rate__max_depth": 0.08316819887091392,
    "learning_rate__max_depth__n_estimators": 0.013148082333930243,
    "learning_rate__max_depth__strategy": 0.011178654746651893,
    "learning_rate__n_estimators": 0.014291541925618753,
    "learning_rate__n_estimators__strategy": 0.0014965824095149105,
    "learning_rate__strategy": 0.0022628334207782327,
    "max_depth__n_estimators": 0.012212009253958343,
    "max_depth__n_estimators__strategy": 0.0021270591303444715,
    "max_depth__strategy": 0.0029929315030550207,
    "n_estimators__strategy": 0.000583948763023564
}