{
    "C__coef0": 0.009628225902088311,
    "C__coef0__gamma": 0.0241239962302352,
    "C__coef0__shrinking": 0.0003152352734983525,
    "C__coef0__strategy": 0.0012528528815879802,
    "C__coef0__tol": 0.0019142467480298547,
    "C__gamma": 0.15933649771090197,
    "C__gamma__shrinking": 0.0030346529644305386,
    "C__gamma__strategy": 0.011041184966156792,
    "C__gamma__tol": 0.020092251233971223,
    "C__shrinking": 0.0006541685765843613,
    "C__shrinking__strategy": 5.201843570502114e-05,
    "C__shrinking__tol": 0.0002824626433380545,
    "C__strategy": 0.0021110506378256904,
    "C__strategy__tol": 0.0005251649146774942,
    "C__tol": 0.005692651748969007,
    "coef0__gamma": 0.09604033748677954,
    "coef0__gamma__shrinking": 0.004032594100998201,
    "coef0__gamma__strategy": 0.006718525951595955,
    "coef0__gamma__tol": 0.00940363610113121,
    "coef0__shrinking": 0.0006682768844172998,
    "coef0__shrinking__strategy": 0.00010709706874941242,
    "coef0__shrinking__tol": 8.59350796372305e-05,
    "coef0__strategy": 0.001757885940646949,
    "coef0__strategy__tol": 0.00036976458892465976,
    "coef0__tol": 0.0032544651452693345,
    "gamma__shrinking": 0.015393836748867499,
    "gamma__shrinking__strategy": 0.006845272690800427,
    "gamma__shrinking__tol": 0.0003784893221618832,
    "gamma__strategy": 0.023712783163245685,
    "gamma__strategy__tol": 0.005558301582220274,
    "gamma__tol": 0.052063761956532256,
    "shrinking__strategy": 0.00046265667956152433,
    "shrinking__strategy__tol": 2.1339202308612564e-05,
    "shrinking__tol": 0.0001375297443383522,
    "strategy__tol": 0.0010702361979545282
}