{
    "C": 0.025850575954906082,
    "coef0": 0.022940065549350214,
    "gamma": 0.4597449469151508,
    "shrinking": 0.0002533850302353289,
    "strategy": 0.0029398358605547655,
    "tol": 0.00739698345315379
}