{
    "algorithm": 0.02290644065254266,
    "learning_rate": 0.07277315926958905,
    "max_depth": 0.6864048876430502,
    "n_estimators": 0.012798747764368281,
    "strategy": 0.0003731811044018257
}