{
    "bootstrap": 0.04571850331339845,
    "criterion": 0.002178469667726616,
    "max_features": 0.4972909488936549,
    "min_samples_leaf": 0.2526988184188884,
    "min_samples_split": 0.0006634860894034039,
    "strategy": 0.00041917107934288
}