{
    "bootstrap__criterion": 0.002300473465888301,
    "bootstrap__criterion__max_features": 0.0014387602524073527,
    "bootstrap__criterion__min_samples_leaf": 0.0022957163118901246,
    "bootstrap__criterion__min_samples_split": 0.00011379603202688938,
    "bootstrap__criterion__strategy": 5.037080155271189e-05,
    "bootstrap__max_features": 0.02176288889093303,
    "bootstrap__max_features__min_samples_leaf": 0.02312224227192905,
    "bootstrap__max_features__min_samples_split": 0.0019678660062963428,
    "bootstrap__max_features__strategy": 0.0014075961415450004,
    "bootstrap__min_samples_leaf": 0.0032715218085234143,
    "bootstrap__min_samples_leaf__min_samples_split": 0.0009740150680094868,
    "bootstrap__min_samples_leaf__strategy": 0.0005936350726355364,
    "bootstrap__min_samples_split": 0.0003532735405356544,
    "bootstrap__min_samples_split__strategy": 3.878183711786948e-05,
    "bootstrap__strategy": 0.00025020366898193913,
    "criterion__max_features": 0.004360488084210967,
    "criterion__max_features__min_samples_leaf": 0.004478036452172041,
    "criterion__max_features__min_samples_split": 0.0003264608099459871,
    "criterion__max_features__strategy": 0.00103354354022173,
    "criterion__min_samples_leaf": 0.0036331934272764155,
    "criterion__min_samples_leaf__min_samples_split": 0.0004352592701410582,
    "criterion__min_samples_leaf__strategy": 0.0001004690722237792,
    "criterion__min_samples_split": 0.00013920589115971676,
    "criterion__min_samples_split__strategy": 2.088510000521407e-05,
    "criterion__strategy": 6.894194414258192e-05,
    "max_features__min_samples_leaf": 0.08584905905369089,
    "max_features__min_samples_leaf__min_samples_split": 0.005487771592729322,
    "max_features__min_samples_leaf__strategy": 0.006957186895917756,
    "max_features__min_samples_split": 0.00509830652573558,
    "max_features__min_samples_split__strategy": 0.002065120974558636,
    "max_features__strategy": 0.005883900632554044,
    "min_samples_leaf__min_samples_split": 0.0017413105074863427,
    "min_samples_leaf__min_samples_split__strategy": 0.00023450541857528823,
    "min_samples_leaf__strategy": 0.0008988360232154806,
    "min_samples_split__strategy": 0.0001285654933317824
}