{
    "bootstrap__criterion": 6.135222555941683e-05,
    "bootstrap__criterion__max_features": 0.00015108349184725584,
    "bootstrap__criterion__min_samples_leaf": 0.0002974098675186422,
    "bootstrap__criterion__min_samples_split": 1.5144305853980519e-05,
    "bootstrap__criterion__strategy": 1.5386155121139937e-05,
    "bootstrap__max_features": 0.002794919329787676,
    "bootstrap__max_features__min_samples_leaf": 0.010561009572902652,
    "bootstrap__max_features__min_samples_split": 0.0010087083001953578,
    "bootstrap__max_features__strategy": 0.0005167236200593508,
    "bootstrap__min_samples_leaf": 0.0260821161034257,
    "bootstrap__min_samples_leaf__min_samples_split": 0.001717897411000111,
    "bootstrap__min_samples_leaf__strategy": 0.0009357827716268592,
    "bootstrap__min_samples_split": 0.000309796881875859,
    "bootstrap__min_samples_split__strategy": 3.5907580872978576e-05,
    "bootstrap__strategy": 0.00012611849378175695,
    "criterion__max_features": 0.0008608076322509928,
    "criterion__max_features__min_samples_leaf": 0.002154757195603485,
    "criterion__max_features__min_samples_split": 0.0004911786524584441,
    "criterion__max_features__strategy": 0.00030964958920648433,
    "criterion__min_samples_leaf": 0.0007940674538505776,
    "criterion__min_samples_leaf__min_samples_split": 0.000300593816930054,
    "criterion__min_samples_leaf__strategy": 0.00015834406375675502,
    "criterion__min_samples_split": 0.00013465165846947205,
    "criterion__min_samples_split__strategy": 1.3344245512652946e-05,
    "criterion__strategy": 2.5752476193796614e-05,
    "max_features__min_samples_leaf": 0.08180429933624489,
    "max_features__min_samples_leaf__min_samples_split": 0.016654509561413858,
    "max_features__min_samples_leaf__strategy": 0.011274118465977742,
    "max_features__min_samples_split": 0.010127018612604045,
    "max_features__min_samples_split__strategy": 0.0031824248194179047,
    "max_features__strategy": 0.006440053641972601,
    "min_samples_leaf__min_samples_split": 0.013989823337388248,
    "min_samples_leaf__min_samples_split__strategy": 0.0012027409775555655,
    "min_samples_leaf__strategy": 0.0036303483330581833,
    "min_samples_split__strategy": 0.0005348225573746997
}