{
    "bootstrap": 0.004495771475152061,
    "criterion": 0.0005505465233854056,
    "max_features": 0.18906723978338966,
    "min_samples_leaf": 0.5928737100955067,
    "min_samples_split": 0.004047151493921924,
    "strategy": 0.0006007645710192221
}