{
    "bootstrap__criterion": 0.003205750294649548,
    "bootstrap__criterion__max_features": 0.003266129176428864,
    "bootstrap__criterion__min_samples_leaf": 0.003012212105128906,
    "bootstrap__criterion__min_samples_split": 0.0001368753172969069,
    "bootstrap__criterion__strategy": 0.00011068420976343839,
    "bootstrap__max_features": 0.021391328014909283,
    "bootstrap__max_features__min_samples_leaf": 0.013075625937874591,
    "bootstrap__max_features__min_samples_split": 0.0008762265865542051,
    "bootstrap__max_features__strategy": 0.0005737856207913857,
    "bootstrap__min_samples_leaf": 0.005467533179568829,
    "bootstrap__min_samples_leaf__min_samples_split": 0.0008662104084891391,
    "bootstrap__min_samples_leaf__strategy": 0.0005556947531256989,
    "bootstrap__min_samples_split": 0.0003189654619153144,
    "bootstrap__min_samples_split__strategy": 3.688094781392705e-05,
    "bootstrap__strategy": 0.0002268397024365016,
    "criterion__max_features": 0.008697703191271056,
    "criterion__max_features__min_samples_leaf": 0.017063780750493196,
    "criterion__max_features__min_samples_split": 0.0017401892140927082,
    "criterion__max_features__strategy": 0.000759581035795572,
    "criterion__min_samples_leaf": 0.006715265097365086,
    "criterion__min_samples_leaf__min_samples_split": 0.0013063722676283239,
    "criterion__min_samples_leaf__strategy": 0.0007696948133566768,
    "criterion__min_samples_split": 0.000557608768177771,
    "criterion__min_samples_split__strategy": 3.4171451588404524e-05,
    "criterion__strategy": 0.00018121293406855594,
    "max_features__min_samples_leaf": 0.044045120682634,
    "max_features__min_samples_leaf__min_samples_split": 0.010216441369012912,
    "max_features__min_samples_leaf__strategy": 0.0042639691929221134,
    "max_features__min_samples_split": 0.005759084684466049,
    "max_features__min_samples_split__strategy": 0.0005788584272848397,
    "max_features__strategy": 0.001416728702137539,
    "min_samples_leaf__min_samples_split": 0.0033867215919892567,
    "min_samples_leaf__min_samples_split__strategy": 0.0002593046039162171,
    "min_samples_leaf__strategy": 0.0010096491986334903,
    "min_samples_split__strategy": 0.00011757267371181239
}