{
    "bootstrap": 0.0339128563394521,
    "criterion": 0.04412003407647294,
    "max_features": 0.426202889636368,
    "min_samples_leaf": 0.3122576926330115,
    "min_samples_split": 0.0018213493226497833,
    "strategy": 0.00046065349156683
}