{
    "C": 0.15556992639844608,
    "coef0": 0.002588501220743359,
    "gamma": 0.38432100308649886,
    "shrinking": 0.0001562926201719039,
    "strategy": 0.0005875450725815499,
    "tol": 0.005417523116912588
}