{
    "C__coef0": 0.008698772540267715,
    "C__coef0__gamma": 0.009609850519035124,
    "C__coef0__shrinking": 5.734733260163169e-06,
    "C__coef0__strategy": 0.00013201843968695592,
    "C__coef0__tol": 0.0007106379192529481,
    "C__gamma": 0.35136829250663026,
    "C__gamma__shrinking": 0.0015366546428274598,
    "C__gamma__strategy": 0.0018059379112320205,
    "C__gamma__tol": 0.015980236028991294,
    "C__shrinking": 0.0004023575247564926,
    "C__shrinking__strategy": 1.5881853556811744e-06,
    "C__shrinking__tol": 8.704709990234663e-05,
    "C__strategy": 0.003878265370952896,
    "C__strategy__tol": 0.0002714145036943928,
    "C__tol": 0.01600173983616655,
    "coef0__gamma": 0.009614077372586294,
    "coef0__gamma__shrinking": 0.0015442753993856286,
    "coef0__gamma__strategy": 0.000195581434630934,
    "coef0__gamma__tol": 0.0027309761074420097,
    "coef0__shrinking": 4.0653405458992314e-05,
    "coef0__shrinking__strategy": 9.868912978343867e-07,
    "coef0__shrinking__tol": 1.0676884241969838e-06,
    "coef0__strategy": 7.27750608342045e-05,
    "coef0__strategy__tol": 0.0002644370437844615,
    "coef0__tol": 0.0012506140184101872,
    "gamma__shrinking": 0.003531238106797575,
    "gamma__shrinking__strategy": 3.031421976941017e-05,
    "gamma__shrinking__tol": 0.00027968341353374476,
    "gamma__strategy": 0.005460376550785264,
    "gamma__strategy__tol": 0.0002550232435268602,
    "gamma__tol": 0.013368799293149141,
    "shrinking__strategy": 3.625835415345456e-06,
    "shrinking__strategy__tol": 9.20490404574773e-06,
    "shrinking__tol": 0.000174985088921659,
    "strategy__tol": 0.00038765139031551703
}