{
    "bootstrap__criterion": 0.00015961742451264072,
    "bootstrap__criterion__max_features": 0.000693185015140374,
    "bootstrap__criterion__min_samples_leaf": 0.0005476026360144715,
    "bootstrap__criterion__min_samples_split": 8.648458573017959e-05,
    "bootstrap__criterion__strategy": 2.8362433286744575e-05,
    "bootstrap__max_features": 0.17111510392889817,
    "bootstrap__max_features__min_samples_leaf": 0.04555080662896077,
    "bootstrap__max_features__min_samples_split": 0.004813843615319479,
    "bootstrap__max_features__strategy": 0.00174643226582955,
    "bootstrap__min_samples_leaf": 0.07853265737362641,
    "bootstrap__min_samples_leaf__min_samples_split": 0.006723220397268948,
    "bootstrap__min_samples_leaf__strategy": 0.0011251012066632918,
    "bootstrap__min_samples_split": 0.001777650856666005,
    "bootstrap__min_samples_split__strategy": 0.0005611483882004618,
    "bootstrap__strategy": 0.00039392633041595887,
    "criterion__max_features": 0.0009500493626605211,
    "criterion__max_features__min_samples_leaf": 0.0017724804703274505,
    "criterion__max_features__min_samples_split": 0.0002596254081322028,
    "criterion__max_features__strategy": 0.00022139908792381894,
    "criterion__min_samples_leaf": 0.0008223337219564614,
    "criterion__min_samples_leaf__min_samples_split": 0.0012086169626054858,
    "criterion__min_samples_leaf__strategy": 8.486282991972187e-05,
    "criterion__min_samples_split": 0.00017886623504601538,
    "criterion__min_samples_split__strategy": 1.9808552464686423e-05,
    "criterion__strategy": 5.0261545454093634e-05,
    "max_features__min_samples_leaf": 0.07687911748423082,
    "max_features__min_samples_leaf__min_samples_split": 0.010832687838385015,
    "max_features__min_samples_leaf__strategy": 0.00526407918630265,
    "max_features__min_samples_split": 0.005766842485475235,
    "max_features__min_samples_split__strategy": 0.0009066381074833776,
    "max_features__strategy": 0.0022168213597240057,
    "min_samples_leaf__min_samples_split": 0.01726689474220974,
    "min_samples_leaf__min_samples_split__strategy": 0.0016237290175500688,
    "min_samples_leaf__strategy": 0.001176893820635486,
    "min_samples_split__strategy": 0.0006273349981942222
}