{
    "bootstrap": 0.15337716326810535,
    "criterion": 0.00020128805057682174,
    "max_features": 0.2773007250855979,
    "min_samples_leaf": 0.10066774397698552,
    "min_samples_split": 0.004804096117334319,
    "strategy": 0.0003670267008790719
}