{
    "bootstrap": 0.08592737489684885,
    "criterion": 0.0022766214185385744,
    "max_features": 0.703116250938247,
    "min_samples_leaf": 0.027759095190407798,
    "min_samples_split": 0.0016315548874943978,
    "strategy": 0.001562876352116489
}