{
    "bootstrap__criterion": 0.0012597118389496812,
    "bootstrap__criterion__max_features": 0.0047213424033736295,
    "bootstrap__criterion__min_samples_leaf": 0.0005979945963658292,
    "bootstrap__criterion__min_samples_split": 0.000632597352566283,
    "bootstrap__criterion__strategy": 6.52452662124217e-05,
    "bootstrap__max_features": 0.06515516175034963,
    "bootstrap__max_features__min_samples_leaf": 0.010715162262805972,
    "bootstrap__max_features__min_samples_split": 0.007268065600248841,
    "bootstrap__max_features__strategy": 0.002315450879814376,
    "bootstrap__min_samples_leaf": 0.0030920175509433767,
    "bootstrap__min_samples_leaf__min_samples_split": 0.0015039843241091838,
    "bootstrap__min_samples_leaf__strategy": 0.0007905551577810214,
    "bootstrap__min_samples_split": 0.0021162655198965277,
    "bootstrap__min_samples_split__strategy": 0.0002767832804164089,
    "bootstrap__strategy": 0.0008871052840495098,
    "criterion__max_features": 0.005696558454583278,
    "criterion__max_features__min_samples_leaf": 0.0035235439008565496,
    "criterion__max_features__min_samples_split": 0.0021205284011890676,
    "criterion__max_features__strategy": 0.0008302780855025855,
    "criterion__min_samples_leaf": 0.0007700750890361173,
    "criterion__min_samples_leaf__min_samples_split": 0.00034821534012698064,
    "criterion__min_samples_leaf__strategy": 8.77430556016183e-05,
    "criterion__min_samples_split": 0.0006545900308476374,
    "criterion__min_samples_split__strategy": 5.602337262104935e-05,
    "criterion__strategy": 0.00013768404293616385,
    "max_features__min_samples_leaf": 0.01609470223901606,
    "max_features__min_samples_leaf__min_samples_split": 0.006289565734314287,
    "max_features__min_samples_leaf__strategy": 0.00302551118753684,
    "max_features__min_samples_split": 0.008240266449373305,
    "max_features__min_samples_split__strategy": 0.0017917355011471212,
    "max_features__strategy": 0.003640088473936158,
    "min_samples_leaf__min_samples_split": 0.0017165633260601693,
    "min_samples_leaf__min_samples_split__strategy": 0.0004265526879886671,
    "min_samples_leaf__strategy": 0.0011769498755872115,
    "min_samples_split__strategy": 0.0004976191911278602
}