{
    "algorithm": 0.018288889851740694,
    "learning_rate": 0.057818863390616246,
    "max_depth": 0.5952913010337412,
    "n_estimators": 0.01806023699919514,
    "strategy": 0.0007812866577971947
}