{
    "C__coef0": 0.004099111834600509,
    "C__coef0__gamma": 0.0036036004822157797,
    "C__coef0__shrinking": 8.686689717513963e-05,
    "C__coef0__strategy": 0.00015572375326102867,
    "C__coef0__tol": 0.0013223744131181919,
    "C__gamma": 0.07460960108071402,
    "C__gamma__shrinking": 0.00043472024489398864,
    "C__gamma__strategy": 0.0014179220864077688,
    "C__gamma__tol": 0.009067381282463262,
    "C__shrinking": 0.0006166403021439321,
    "C__shrinking__strategy": 3.483323811106251e-05,
    "C__shrinking__tol": 0.0001242359706581089,
    "C__strategy": 0.00041140903446303605,
    "C__strategy__tol": 8.944137179902126e-05,
    "C__tol": 0.00722347891921876,
    "coef0__gamma": 0.0027432421998944134,
    "coef0__gamma__shrinking": 3.969155110347184e-05,
    "coef0__gamma__strategy": 0.00013970694312709586,
    "coef0__gamma__tol": 0.0005958041050022189,
    "coef0__shrinking": 4.443092154297009e-05,
    "coef0__shrinking__strategy": 9.899599783076213e-06,
    "coef0__shrinking__tol": 1.894258683802553e-05,
    "coef0__strategy": 9.848835534148414e-05,
    "coef0__strategy__tol": 2.1857907992964146e-05,
    "coef0__tol": 0.0007993567766282784,
    "gamma__shrinking": 0.00015560175043399346,
    "gamma__shrinking__strategy": 5.8968903382499186e-05,
    "gamma__shrinking__tol": 0.00028058980226710467,
    "gamma__strategy": 0.0012425835555679007,
    "gamma__strategy__tol": 0.00019991177252620673,
    "gamma__tol": 0.020664631102812456,
    "shrinking__strategy": 2.6207944792495583e-05,
    "shrinking__strategy__tol": 4.475601442893034e-06,
    "shrinking__tol": 0.00016516238368066878,
    "strategy__tol": 6.382957591555445e-05
}