{
    "C": 0.04653805890424419,
    "coef0": 0.0018479977665431455,
    "gamma": 0.8051820414474661,
    "shrinking": 0.0001604625940958049,
    "strategy": 0.00028480298142690075,
    "tol": 0.013519154968070895
}