{
    "C__coef0": 0.1050128768002252,
    "C__coef0__gamma": 0.10150461750770001,
    "C__coef0__shrinking": 0.0019167460524232606,
    "C__coef0__strategy": 0.008385089949623774,
    "C__coef0__tol": 0.02119861371208563,
    "C__gamma": 0.06047131305849984,
    "C__gamma__shrinking": 0.0022976021313004837,
    "C__gamma__strategy": 0.0019734982970337264,
    "C__gamma__tol": 0.004689953319356439,
    "C__shrinking": 0.0010599007770244941,
    "C__shrinking__strategy": 7.18618890791882e-05,
    "C__shrinking__tol": 0.00010586666407906738,
    "C__strategy": 0.003484264700905523,
    "C__strategy__tol": 0.00010624639003746841,
    "C__tol": 0.011882727065442309,
    "coef0__gamma": 0.2324142530985056,
    "coef0__gamma__shrinking": 0.005754251630360852,
    "coef0__gamma__strategy": 0.001982471283018967,
    "coef0__gamma__tol": 0.01226746618690669,
    "coef0__shrinking": 0.0020482248950528994,
    "coef0__shrinking__strategy": 0.00010837784945609899,
    "coef0__shrinking__tol": 0.0005841387291035879,
    "coef0__strategy": 0.0029408547876158273,
    "coef0__strategy__tol": 0.0003414044774558492,
    "coef0__tol": 0.026824963186783464,
    "gamma__shrinking": 0.003624658732915972,
    "gamma__shrinking__strategy": 0.0001300022977469323,
    "gamma__shrinking__tol": 0.0013220557594627955,
    "gamma__strategy": 0.0015678160401528952,
    "gamma__strategy__tol": 0.00015718626629123399,
    "gamma__tol": 0.009193082673889264,
    "shrinking__strategy": 5.9305221854110335e-05,
    "shrinking__strategy__tol": 5.3805396082273835e-06,
    "shrinking__tol": 0.0003946242775974343,
    "strategy__tol": 0.000193656114463309
}