{
    "C": 0.031680948340581494,
    "coef0": 0.23954135379791153,
    "gamma": 0.07605563740908872,
    "shrinking": 0.0012936293033614186,
    "strategy": 0.0006836098389455807,
    "tol": 0.00884710884832767
}