{
    "bootstrap": 0.18798130289868947,
    "criterion": 0.001877902435229383,
    "max_features": 0.16426689658503055,
    "min_samples_leaf": 0.22956552256809126,
    "min_samples_split": 0.0070746110037103165,
    "strategy": 0.0010430267727969003
}