{
    "bootstrap__criterion": 0.002485669802154573,
    "bootstrap__criterion__max_features": 0.002777772233410594,
    "bootstrap__criterion__min_samples_leaf": 0.0034081934541878717,
    "bootstrap__criterion__min_samples_split": 0.0006859080822877728,
    "bootstrap__criterion__strategy": 0.0001761189956428408,
    "bootstrap__max_features": 0.10111057596642428,
    "bootstrap__max_features__min_samples_leaf": 0.028740119440677475,
    "bootstrap__max_features__min_samples_split": 0.007656299507372146,
    "bootstrap__max_features__strategy": 0.0026002956341945223,
    "bootstrap__min_samples_leaf": 0.09320011155994395,
    "bootstrap__min_samples_leaf__min_samples_split": 0.008345743504315242,
    "bootstrap__min_samples_leaf__strategy": 0.0026483246903548814,
    "bootstrap__min_samples_split": 0.0021958185470805375,
    "bootstrap__min_samples_split__strategy": 0.0010068280350671141,
    "bootstrap__strategy": 0.0007751849288120235,
    "criterion__max_features": 0.003867683769384067,
    "criterion__max_features__min_samples_leaf": 0.004925891870734056,
    "criterion__max_features__min_samples_split": 0.0015055697267009616,
    "criterion__max_features__strategy": 0.00050395611301928,
    "criterion__min_samples_leaf": 0.002838176269718218,
    "criterion__min_samples_leaf__min_samples_split": 0.0025347596657054033,
    "criterion__min_samples_leaf__strategy": 0.0007155355503489697,
    "criterion__min_samples_split": 0.0009748598071221692,
    "criterion__min_samples_split__strategy": 0.00020940243841122553,
    "criterion__strategy": 0.00022177912424135296,
    "max_features__min_samples_leaf": 0.03901582653780822,
    "max_features__min_samples_leaf__min_samples_split": 0.013215956262644378,
    "max_features__min_samples_leaf__strategy": 0.004202185762668693,
    "max_features__min_samples_split": 0.008517521651257855,
    "max_features__min_samples_split__strategy": 0.002087531472873225,
    "max_features__strategy": 0.002910325639165613,
    "min_samples_leaf__min_samples_split": 0.015189990453137516,
    "min_samples_leaf__min_samples_split__strategy": 0.002057880604050384,
    "min_samples_leaf__strategy": 0.0031814846222418935,
    "min_samples_split__strategy": 0.001141949734201248
}