{
    "algorithm": 0.0018495600386003032,
    "learning_rate": 0.08670122730079402,
    "max_depth": 0.652477466525139,
    "n_estimators": 0.008115792668044327,
    "strategy": 0.0013427107013713015
}