{
    "C": 0.010522415304111247,
    "gamma": 0.9508251507171498,
    "shrinking": 3.753338232698765e-05,
    "strategy": 0.0001587656169652132,
    "tol": 0.0011763712298929335
}