{
    "C": 0.024735269453294607,
    "coef0": 0.015156473070200821,
    "gamma": 0.6147149327754978,
    "shrinking": 0.001093834986972195,
    "strategy": 0.0013708290407646083,
    "tol": 0.019682272608696767
}