{
    "C__coef0": 0.01428512393965934,
    "C__coef0__gamma": 0.02188582248056667,
    "C__coef0__shrinking": 0.0023399598702252486,
    "C__coef0__strategy": 0.001825497605269356,
    "C__coef0__tol": 0.0035927184909334345,
    "C__gamma": 0.10071447315943438,
    "C__gamma__shrinking": 0.007361976002960277,
    "C__gamma__strategy": 0.0049847250370592695,
    "C__gamma__tol": 0.017024315902427693,
    "C__shrinking": 0.003185265455087802,
    "C__shrinking__strategy": 0.0005053455918519398,
    "C__shrinking__tol": 0.0007765811975970881,
    "C__strategy": 0.002351723123700691,
    "C__strategy__tol": 0.00046612361566162816,
    "C__tol": 0.011121192084961998,
    "coef0__gamma": 0.030822600294733382,
    "coef0__gamma__shrinking": 0.002974686167916459,
    "coef0__gamma__strategy": 0.004249254188571279,
    "coef0__gamma__tol": 0.010829818284760748,
    "coef0__shrinking": 0.003150158999248148,
    "coef0__shrinking__strategy": 0.000268715259591646,
    "coef0__shrinking__tol": 0.000881765571012336,
    "coef0__strategy": 0.002733185218165314,
    "coef0__strategy__tol": 0.0010439928221837765,
    "coef0__tol": 0.009351131310054904,
    "gamma__shrinking": 0.00416070109175031,
    "gamma__shrinking__strategy": 0.0006630352579616193,
    "gamma__shrinking__tol": 0.0031909615924153034,
    "gamma__strategy": 0.004572266502759627,
    "gamma__strategy__tol": 0.00198007092272795,
    "gamma__tol": 0.028350947362436867,
    "shrinking__strategy": 0.0002948379182867826,
    "shrinking__strategy__tol": 8.081981546403938e-05,
    "shrinking__tol": 0.0027269152614510517,
    "strategy__tol": 0.001943199525015371
}