{
    "bootstrap": 0.02884584630384696,
    "criterion": 9.644493851744274e-05,
    "max_features": 0.04899390445878635,
    "min_samples_leaf": 0.8314474934182515,
    "min_samples_split": 0.0024682816462200776,
    "strategy": 0.00016191669327941186
}