{
    "bootstrap__criterion": 8.599291319341245e-05,
    "bootstrap__criterion__max_features": 6.471423916100741e-05,
    "bootstrap__criterion__min_samples_leaf": 0.0003254211713529555,
    "bootstrap__criterion__min_samples_split": 3.299169678394522e-05,
    "bootstrap__criterion__strategy": 1.0674012608765824e-05,
    "bootstrap__max_features": 0.009994033508073319,
    "bootstrap__max_features__min_samples_leaf": 0.010056112892336933,
    "bootstrap__max_features__min_samples_split": 0.0008851340765676664,
    "bootstrap__max_features__strategy": 0.0001780448089474995,
    "bootstrap__min_samples_leaf": 0.007883666227450514,
    "bootstrap__min_samples_leaf__min_samples_split": 0.0033567936286353775,
    "bootstrap__min_samples_leaf__strategy": 0.0010332963640959838,
    "bootstrap__min_samples_split": 0.0004045343477657856,
    "bootstrap__min_samples_split__strategy": 0.0001355068594756794,
    "bootstrap__strategy": 0.00020669760754422472,
    "criterion__max_features": 0.00010459589975642114,
    "criterion__max_features__min_samples_leaf": 0.0007309346500427027,
    "criterion__max_features__min_samples_split": 0.0002046232768342848,
    "criterion__max_features__strategy": 7.875565198054877e-06,
    "criterion__min_samples_leaf": 0.00037253929153768794,
    "criterion__min_samples_leaf__min_samples_split": 0.00030492369605283117,
    "criterion__min_samples_leaf__strategy": 9.191654314572961e-05,
    "criterion__min_samples_split": 8.169471526254472e-05,
    "criterion__min_samples_split__strategy": 4.749892613987788e-06,
    "criterion__strategy": 1.0044195178628536e-05,
    "max_features__min_samples_leaf": 0.019270434883285614,
    "max_features__min_samples_leaf__min_samples_split": 0.007156613494591965,
    "max_features__min_samples_leaf__strategy": 0.0013018808113003464,
    "max_features__min_samples_split": 0.0014799659680436615,
    "max_features__min_samples_split__strategy": 0.0003971517310949093,
    "max_features__strategy": 0.0002621066904632186,
    "min_samples_leaf__min_samples_split": 0.012891645344552966,
    "min_samples_leaf__min_samples_split__strategy": 0.0008644136704344992,
    "min_samples_leaf__strategy": 0.001575012267358184,
    "min_samples_split__strategy": 0.000143745413541281
}