{
    "C": 0.03731608062943023,
    "gamma": 0.8817273874611116,
    "shrinking": 0.00012762285748285445,
    "strategy": 0.0015523084276922784,
    "tol": 0.0057539430340324445
}