{
    "algorithm": 0.09511563218427732,
    "learning_rate": 0.41418731048058405,
    "max_depth": 0.031116719495958366,
    "n_estimators": 0.011589708960672128,
    "strategy": 0.000569180116590927
}