{
    "C": 0.08037870523007845,
    "gamma": 0.7633885992081737,
    "shrinking": 0.0014132148643926886,
    "strategy": 0.0006063490559054831,
    "tol": 0.009475784040642622
}