{
    "bootstrap": 0.009387308156299538,
    "criterion": 0.00027296183551254566,
    "max_features": 0.4388181023931721,
    "min_samples_leaf": 0.3229062520020544,
    "min_samples_split": 0.001399181128866855,
    "strategy": 0.0003268876391875414
}