{
    "bootstrap__criterion": 0.0003182378700273401,
    "bootstrap__criterion__max_features": 0.0006371019748570989,
    "bootstrap__criterion__min_samples_leaf": 0.00031107566096415327,
    "bootstrap__criterion__min_samples_split": 4.098940714710245e-05,
    "bootstrap__criterion__strategy": 1.098185499534771e-05,
    "bootstrap__max_features": 0.10373750902518897,
    "bootstrap__max_features__min_samples_leaf": 0.02155826268967992,
    "bootstrap__max_features__min_samples_split": 0.003712904924820371,
    "bootstrap__max_features__strategy": 0.0015571280156849365,
    "bootstrap__min_samples_leaf": 0.004574864925138644,
    "bootstrap__min_samples_leaf__min_samples_split": 0.001105027617733097,
    "bootstrap__min_samples_leaf__strategy": 0.0005124188807350261,
    "bootstrap__min_samples_split": 0.0007340109631543681,
    "bootstrap__min_samples_split__strategy": 0.00011445332915108013,
    "bootstrap__strategy": 0.00017740104828903455,
    "criterion__max_features": 0.0007544130527094572,
    "criterion__max_features__min_samples_leaf": 0.0025031235028182275,
    "criterion__max_features__min_samples_split": 0.0003142722374880598,
    "criterion__max_features__strategy": 0.00010664014143500631,
    "criterion__min_samples_leaf": 0.0009962705924547177,
    "criterion__min_samples_leaf__min_samples_split": 0.00023963681155156195,
    "criterion__min_samples_leaf__strategy": 4.672666452969063e-05,
    "criterion__min_samples_split": 9.39983998432274e-05,
    "criterion__min_samples_split__strategy": 5.911940911095014e-06,
    "criterion__strategy": 1.9315402406643e-05,
    "max_features__min_samples_leaf": 0.04178293382611359,
    "max_features__min_samples_leaf__min_samples_split": 0.01146639008509849,
    "max_features__min_samples_leaf__strategy": 0.004280579876768449,
    "max_features__min_samples_split": 0.005360423678474647,
    "max_features__min_samples_split__strategy": 0.0005446145089341571,
    "max_features__strategy": 0.0018238079829094793,
    "min_samples_leaf__min_samples_split": 0.004000288052489565,
    "min_samples_leaf__min_samples_split__strategy": 0.0003558394273186896,
    "min_samples_leaf__strategy": 0.0009397024370829604,
    "min_samples_split__strategy": 0.00013309572063853632
}