{
    "C__coef0": 0.012421127196496708,
    "C__coef0__gamma": 0.020983884609497738,
    "C__coef0__shrinking": 0.0005224654112675312,
    "C__coef0__strategy": 0.0009689080920619584,
    "C__coef0__tol": 0.0017564796551791419,
    "C__gamma": 0.2508163781709778,
    "C__gamma__shrinking": 0.0011506674978448593,
    "C__gamma__strategy": 0.0012394618803644212,
    "C__gamma__tol": 0.006990941949119443,
    "C__shrinking": 0.0006868847441071413,
    "C__shrinking__strategy": 8.173623850628309e-05,
    "C__shrinking__tol": 0.00017171847810035917,
    "C__strategy": 0.0009272087354194999,
    "C__strategy__tol": 0.0003113886442093674,
    "C__tol": 0.0077201707799134,
    "coef0__gamma": 0.017196979658756995,
    "coef0__gamma__shrinking": 0.00029863770523734447,
    "coef0__gamma__strategy": 0.0006448052559714338,
    "coef0__gamma__tol": 0.001849713710582488,
    "coef0__shrinking": 0.00021306988924148435,
    "coef0__shrinking__strategy": 1.0741405747482146e-05,
    "coef0__shrinking__tol": 3.543650855328262e-05,
    "coef0__strategy": 0.00062234884093937,
    "coef0__strategy__tol": 0.00016834215638328906,
    "coef0__tol": 0.0011874893389420514,
    "gamma__shrinking": 0.0008765520252395409,
    "gamma__shrinking__strategy": 2.5503239713078668e-05,
    "gamma__shrinking__tol": 0.0005174420399809213,
    "gamma__strategy": 0.0006184109727983397,
    "gamma__strategy__tol": 0.0002559506101996647,
    "gamma__tol": 0.00442669713807849,
    "shrinking__strategy": 1.958424625346538e-05,
    "shrinking__strategy__tol": 2.4123132616730883e-06,
    "shrinking__tol": 0.00015058418561433124,
    "strategy__tol": 0.00022046550629374042
}