{
    "C": 0.2990936851845978,
    "coef0": 0.016753289442881323,
    "gamma": 0.33966248856890235,
    "shrinking": 0.00028967792400504957,
    "strategy": 0.0003248294979047042,
    "tol": 0.0028116748367935478
}