{
    "C": 0.10014602270378441,
    "gamma": 0.13361868520762726,
    "shrinking": 0.001982803973531575,
    "strategy": 0.00037838953417801603,
    "tol": 0.20106319266086042
}