{
    "algorithm": 0.034347644536131275,
    "learning_rate": 0.0361591296737082,
    "max_depth": 0.22860441590672673,
    "n_estimators": 0.004195345579954571,
    "strategy": 0.0007067934673936266
}