{
    "bootstrap__criterion": 0.00023805187426875177,
    "bootstrap__criterion__max_features": 0.0008508671108838125,
    "bootstrap__criterion__min_samples_leaf": 0.00083890913294935,
    "bootstrap__criterion__min_samples_split": 0.00011547270722345984,
    "bootstrap__criterion__strategy": 3.6075721507038464e-05,
    "bootstrap__max_features": 0.006618758934762381,
    "bootstrap__max_features__min_samples_leaf": 0.01264546600718952,
    "bootstrap__max_features__min_samples_split": 0.0016430647926483537,
    "bootstrap__max_features__strategy": 0.0008927851007996215,
    "bootstrap__min_samples_leaf": 0.006403495917097546,
    "bootstrap__min_samples_leaf__min_samples_split": 0.0018076211983878336,
    "bootstrap__min_samples_leaf__strategy": 0.0006063664067923705,
    "bootstrap__min_samples_split": 0.000286013279466655,
    "bootstrap__min_samples_split__strategy": 0.00012173052414127911,
    "bootstrap__strategy": 0.00012864021917477866,
    "criterion__max_features": 0.0010590234001847665,
    "criterion__max_features__min_samples_leaf": 0.0021586023639861285,
    "criterion__max_features__min_samples_split": 0.00031607057190929347,
    "criterion__max_features__strategy": 0.0001791812605579996,
    "criterion__min_samples_leaf": 0.0007062519080525687,
    "criterion__min_samples_leaf__min_samples_split": 0.000286942354455915,
    "criterion__min_samples_leaf__strategy": 8.833953285276213e-05,
    "criterion__min_samples_split": 0.00010412374613422734,
    "criterion__min_samples_split__strategy": 2.6536821065620514e-05,
    "criterion__strategy": 4.259048697385188e-05,
    "max_features__min_samples_leaf": 0.027370180616783646,
    "max_features__min_samples_leaf__min_samples_split": 0.004558522904769633,
    "max_features__min_samples_leaf__strategy": 0.0025206760728281727,
    "max_features__min_samples_split": 0.0023283344092323807,
    "max_features__min_samples_split__strategy": 0.0006003135920266607,
    "max_features__strategy": 0.0010111328371989648,
    "min_samples_leaf__min_samples_split": 0.0037480711758389415,
    "min_samples_leaf__min_samples_split__strategy": 0.0003765040457853116,
    "min_samples_leaf__strategy": 0.0007908751576408312,
    "min_samples_split__strategy": 0.00031790831880796515
}