{
    "bootstrap": 0.09170190656444298,
    "criterion": 0.001745898995728182,
    "max_features": 0.46167295827849775,
    "min_samples_leaf": 0.351075238460658,
    "min_samples_split": 0.0011337001612885303,
    "strategy": 0.00025463643356508534
}