{
    "C": 0.08987293208019179,
    "gamma": 0.8060383877098459,
    "shrinking": 0.0004364166645955747,
    "strategy": 0.0007151742495891908,
    "tol": 0.0046931041429655925
}