{
    "bootstrap__criterion": 0.0026769544885726975,
    "bootstrap__criterion__max_features": 0.0019116253301024733,
    "bootstrap__criterion__min_samples_leaf": 0.0009989926959813262,
    "bootstrap__criterion__min_samples_split": 0.00011816031867449431,
    "bootstrap__criterion__strategy": 3.0407596020372144e-05,
    "bootstrap__max_features": 0.13638880697118405,
    "bootstrap__max_features__min_samples_leaf": 0.015177893800128572,
    "bootstrap__max_features__min_samples_split": 0.0025612352905634815,
    "bootstrap__max_features__strategy": 0.0010204931443299784,
    "bootstrap__min_samples_leaf": 0.0034348427002933724,
    "bootstrap__min_samples_leaf__min_samples_split": 0.0014281784462705487,
    "bootstrap__min_samples_leaf__strategy": 0.0005864475110258652,
    "bootstrap__min_samples_split": 0.0007746775027470971,
    "bootstrap__min_samples_split__strategy": 0.0001152057030351988,
    "bootstrap__strategy": 0.000381470239605232,
    "criterion__max_features": 0.003241952488802047,
    "criterion__max_features__min_samples_leaf": 0.0035996940199511662,
    "criterion__max_features__min_samples_split": 0.000668504278582878,
    "criterion__max_features__strategy": 0.00023265009842725695,
    "criterion__min_samples_leaf": 0.0007826388259412898,
    "criterion__min_samples_leaf__min_samples_split": 0.00026595583802964265,
    "criterion__min_samples_leaf__strategy": 0.00012858439244016874,
    "criterion__min_samples_split": 0.0001135299683830567,
    "criterion__min_samples_split__strategy": 1.4774141646277232e-05,
    "criterion__strategy": 3.814731031593786e-05,
    "max_features__min_samples_leaf": 0.023568801011846774,
    "max_features__min_samples_leaf__min_samples_split": 0.0053804934208180576,
    "max_features__min_samples_leaf__strategy": 0.0021412543781843705,
    "max_features__min_samples_split": 0.0033350834558164306,
    "max_features__min_samples_split__strategy": 0.00038258561718030335,
    "max_features__strategy": 0.001256082629775264,
    "min_samples_leaf__min_samples_split": 0.004630321508686893,
    "min_samples_leaf__min_samples_split__strategy": 0.000215614137484449,
    "min_samples_leaf__strategy": 0.0007630293864028651,
    "min_samples_split__strategy": 0.000130211287129583
}