{
    "bootstrap": 0.14548323504747596,
    "criterion": 0.0008292489114479713,
    "max_features": 0.377590500636077,
    "min_samples_leaf": 0.24174741249008025,
    "min_samples_split": 0.0024379241528076617,
    "strategy": 0.0004277046922157176
}