{
    "C__coef0": 0.0013489698113566327,
    "C__coef0__gamma": 0.0013377331591432548,
    "C__coef0__shrinking": 4.212966748043997e-06,
    "C__coef0__strategy": 5.193082805989837e-06,
    "C__coef0__tol": 2.8890474207376223e-05,
    "C__gamma": 0.01678923401186483,
    "C__gamma__shrinking": 0.002525374380755909,
    "C__gamma__strategy": 0.0001601341513485005,
    "C__gamma__tol": 0.0020307924285570184,
    "C__shrinking": 0.0012484677198559163,
    "C__shrinking__strategy": 1.8600735792440558e-06,
    "C__shrinking__tol": 0.001231869465064405,
    "C__strategy": 2.995659261453333e-05,
    "C__strategy__tol": 2.8441703472771498e-05,
    "C__tol": 0.0019111447226528087,
    "coef0__gamma": 0.002680930165456008,
    "coef0__gamma__shrinking": 6.32977158188234e-05,
    "coef0__gamma__strategy": 2.808750603559818e-05,
    "coef0__gamma__tol": 0.00010022669455604953,
    "coef0__shrinking": 4.319433995180009e-05,
    "coef0__shrinking__strategy": 1.402615251345921e-07,
    "coef0__shrinking__tol": 1.3775812178312176e-05,
    "coef0__strategy": 5.829969644558061e-06,
    "coef0__strategy__tol": 1.0753490485071243e-06,
    "coef0__tol": 4.356556461866407e-05,
    "gamma__shrinking": 0.0016314974755395014,
    "gamma__shrinking__strategy": 5.1435910597501765e-06,
    "gamma__shrinking__tol": 0.0009957398814090953,
    "gamma__strategy": 0.0005058261061725197,
    "gamma__strategy__tol": 4.6398078906332435e-05,
    "gamma__tol": 0.0034155748490428558,
    "shrinking__strategy": 1.4668561964997556e-06,
    "shrinking__strategy__tol": 3.3794313996325653e-07,
    "shrinking__tol": 0.0015809205777258658,
    "strategy__tol": 1.1403762531111711e-05
}