{
    "C": 0.006514581457745071,
    "coef0": 0.003159818501716197,
    "gamma": 0.9465009553239003,
    "shrinking": 0.0012670693326744856,
    "strategy": 4.041040200956556e-05,
    "tol": 0.002081937055588247
}