{
    "C": 0.2985489704610167,
    "gamma": 0.3976547534321355,
    "shrinking": 0.0004880930779277287,
    "strategy": 0.0006419115050214264,
    "tol": 0.007175011621582366
}