{
    "C": 0.37964188935716486,
    "gamma": 0.3109405283117914,
    "shrinking": 0.0009657329994462263,
    "strategy": 0.0014910398474674046,
    "tol": 0.01785731498381829
}