{
    "C": 0.09095476746855474,
    "coef0": 0.005900762847226281,
    "gamma": 0.7052374115440168,
    "shrinking": 8.664033817689652e-05,
    "strategy": 0.0002787427949175273,
    "tol": 0.005333910246335833
}