{
    "C__coef0": 0.00298292369312368,
    "C__coef0__gamma": 0.004146579924054011,
    "C__coef0__shrinking": 1.9773465642923934e-05,
    "C__coef0__strategy": 7.982011823442548e-05,
    "C__coef0__tol": 0.0012566428926443461,
    "C__gamma": 0.14156295771478877,
    "C__gamma__shrinking": 0.0004527172559200987,
    "C__gamma__strategy": 0.0006197568235631775,
    "C__gamma__tol": 0.0076213959381934045,
    "C__shrinking": 9.963446498895691e-05,
    "C__shrinking__strategy": 5.849489370659492e-07,
    "C__shrinking__tol": 5.575077172176746e-05,
    "C__strategy": 0.0003363780245340316,
    "C__strategy__tol": 0.0002590626057429367,
    "C__tol": 0.004582061011500193,
    "coef0__gamma": 0.007872336276548264,
    "coef0__gamma__shrinking": 0.0002704752511068595,
    "coef0__gamma__strategy": 0.0001899961847378008,
    "coef0__gamma__tol": 0.0018368872216931696,
    "coef0__shrinking": 3.3081102988431426e-05,
    "coef0__shrinking__strategy": 2.3388274113703253e-08,
    "coef0__shrinking__tol": 2.9672863648831822e-06,
    "coef0__strategy": 6.811118077765731e-05,
    "coef0__strategy__tol": 8.267408127591485e-05,
    "coef0__tol": 0.0015956704735407053,
    "gamma__shrinking": 0.000654329865442399,
    "gamma__shrinking__strategy": 4.236432910504121e-06,
    "gamma__shrinking__tol": 0.0001259293633919297,
    "gamma__strategy": 0.000806675971888929,
    "gamma__strategy__tol": 0.0013055621244507723,
    "gamma__tol": 0.010607317141703215,
    "shrinking__strategy": 4.278966971579877e-07,
    "shrinking__strategy__tol": 1.4763289018474186e-07,
    "shrinking__tol": 4.5117034851461894e-05,
    "strategy__tol": 0.001049347572465326
}