{
    "C__coef0": 0.0024902443753470963,
    "C__coef0__gamma": 0.0016760572700968632,
    "C__coef0__shrinking": 0.00018808241170760378,
    "C__coef0__strategy": 4.9185365848922647e-05,
    "C__coef0__tol": 0.0003590689936977705,
    "C__gamma": 0.02599462520136997,
    "C__gamma__shrinking": 0.0016433164004023464,
    "C__gamma__strategy": 0.005337321539937094,
    "C__gamma__tol": 0.0022183131000865323,
    "C__shrinking": 0.002898109857298361,
    "C__shrinking__strategy": 2.0081314652418622e-07,
    "C__shrinking__tol": 2.3054406877237414e-05,
    "C__strategy": 0.0006430691814269302,
    "C__strategy__tol": 9.181779458118308e-06,
    "C__tol": 0.001134079760515317,
    "coef0__gamma": 0.030937884902119572,
    "coef0__gamma__shrinking": 0.0008200704654136345,
    "coef0__gamma__strategy": 0.00041372412160494906,
    "coef0__gamma__tol": 0.005368083255102404,
    "coef0__shrinking": 0.0004563281826729601,
    "coef0__shrinking__strategy": 7.005846960851311e-07,
    "coef0__shrinking__tol": 0.0007060701204529649,
    "coef0__strategy": 0.0010280008774241085,
    "coef0__strategy__tol": 0.0025781196600907098,
    "coef0__tol": 0.008697514911148788,
    "gamma__shrinking": 0.010330893783276647,
    "gamma__shrinking__strategy": 0.00011179912225305674,
    "gamma__shrinking__tol": 0.002930260142955818,
    "gamma__strategy": 0.006090928411969796,
    "gamma__strategy__tol": 0.002280582595821243,
    "gamma__tol": 0.04260252651025974,
    "shrinking__strategy": 6.3999134855592535e-06,
    "shrinking__strategy__tol": 8.546899239281029e-07,
    "shrinking__tol": 0.00031525152176993185,
    "strategy__tol": 0.002350105243653606
}