{
    "C": 0.020901014951145033,
    "coef0": 0.03177764929067598,
    "gamma": 0.759118896561295,
    "shrinking": 0.0009967624247259322,
    "strategy": 0.0006899446226323794,
    "tol": 0.022554554488595686
}