{
    "C": 0.0023990691870035712,
    "coef0": 0.06852289743321541,
    "gamma": 0.5196301450925574,
    "shrinking": 0.00015148595453769447,
    "strategy": 0.013583606977944244,
    "tol": 0.0028085050091748187
}