{
    "C": 0.0023162017647820523,
    "coef0": 0.0009946442475410062,
    "gamma": 0.9540576893700505,
    "shrinking": 7.030702279484421e-05,
    "strategy": 0.0007881562971066089,
    "tol": 0.0018026235027718688
}