{
    "C__coef0": 0.0012747156479975437,
    "C__coef0__gamma": 0.0005935697181462633,
    "C__coef0__shrinking": 1.1682750044832369e-05,
    "C__coef0__strategy": 5.298785847107656e-05,
    "C__coef0__tol": 1.6414050405806017e-05,
    "C__gamma": 0.0059184993410524855,
    "C__gamma__shrinking": 0.00010528843640228684,
    "C__gamma__strategy": 0.00020309774930109758,
    "C__gamma__tol": 0.001698313156154903,
    "C__shrinking": 8.500433743812988e-05,
    "C__shrinking__strategy": 4.244809234991661e-07,
    "C__shrinking__tol": 5.111307944591619e-07,
    "C__strategy": 5.592546077399661e-05,
    "C__strategy__tol": 0.0002840092722527158,
    "C__tol": 0.001604831259435417,
    "coef0__gamma": 0.0035633280322038274,
    "coef0__gamma__shrinking": 0.0003151136244335706,
    "coef0__gamma__strategy": 0.0015310663236221267,
    "coef0__gamma__tol": 0.0002319418409409454,
    "coef0__shrinking": 6.261161238410114e-05,
    "coef0__shrinking__strategy": 0.00012042638400876888,
    "coef0__shrinking__tol": 0.0001407995352827573,
    "coef0__strategy": 0.0007963815895931377,
    "coef0__strategy__tol": 0.0013716082728341195,
    "coef0__tol": 0.0007007192957795797,
    "gamma__shrinking": 0.0003104437376636705,
    "gamma__shrinking__strategy": 0.0005665335270891034,
    "gamma__shrinking__tol": 4.2275604606470396e-05,
    "gamma__strategy": 0.00634000623113972,
    "gamma__strategy__tol": 0.0033530547422079664,
    "gamma__tol": 0.004482808873667213,
    "shrinking__strategy": 0.00010817958564482367,
    "shrinking__strategy__tol": 0.0002559961202624789,
    "shrinking__tol": 0.00012822225853324765,
    "strategy__tol": 0.0022143573217460926
}