{
    "C__coef0": 0.006458527651175317,
    "C__coef0__gamma": 0.006213671381832875,
    "C__coef0__shrinking": 0.00011687180452774484,
    "C__coef0__strategy": 0.0012077331906071246,
    "C__coef0__tol": 0.0007851584660842799,
    "C__gamma": 0.12669422597043956,
    "C__gamma__shrinking": 0.0001756304353335976,
    "C__gamma__strategy": 0.004731910118856229,
    "C__gamma__tol": 0.0055264535226954535,
    "C__shrinking": 0.00011472503633119849,
    "C__shrinking__strategy": 7.685416756284327e-06,
    "C__shrinking__tol": 2.3541672362365623e-05,
    "C__strategy": 0.004471143994830607,
    "C__strategy__tol": 0.0002771649811418985,
    "C__tol": 0.005311519503863745,
    "coef0__gamma": 0.006538378561057434,
    "coef0__gamma__shrinking": 4.507474912556355e-05,
    "coef0__gamma__strategy": 0.0007954109661668326,
    "coef0__gamma__tol": 0.0009050557836135405,
    "coef0__shrinking": 3.8924689710183614e-05,
    "coef0__shrinking__strategy": 1.2975961308415605e-07,
    "coef0__shrinking__tol": 7.642671382350301e-07,
    "coef0__strategy": 0.00045857957122589143,
    "coef0__strategy__tol": 3.83120276556668e-05,
    "coef0__tol": 0.0006336588283065818,
    "gamma__shrinking": 0.0003098549681326978,
    "gamma__shrinking__strategy": 1.7980228163983272e-05,
    "gamma__shrinking__tol": 5.439040769015038e-05,
    "gamma__strategy": 0.0026495883570011487,
    "gamma__strategy__tol": 0.00012278892887155994,
    "gamma__tol": 0.005055572226312257,
    "shrinking__strategy": 5.295928505433126e-06,
    "shrinking__strategy__tol": 2.637649745703633e-07,
    "shrinking__tol": 5.565799424591105e-06,
    "strategy__tol": 7.390833644922885e-05
}