{
    "C": 0.12220019948105265,
    "coef0": 0.0019360226848748711,
    "gamma": 0.6910496515172179,
    "shrinking": 1.7944743842687264e-05,
    "strategy": 0.0010920937209099972,
    "tol": 0.0021496945250495374
}