{
    "algorithm": 0.11428475335701031,
    "learning_rate": 0.05747516813431285,
    "max_depth": 0.24421704688740525,
    "n_estimators": 0.03548551888661893,
    "strategy": 0.0011050106022808073
}