{
    "C": 0.008213416959864259,
    "coef0": 0.00161876121502087,
    "gamma": 0.9339198897222609,
    "shrinking": 5.561058019193555e-06,
    "strategy": 5.134512742523029e-05,
    "tol": 0.0005933788807141903
}