{
    "C__coef0": 0.0009640003286466743,
    "C__coef0__gamma": 0.0025851239721969704,
    "C__coef0__shrinking": 7.786751260160461e-06,
    "C__coef0__strategy": 1.7920878711038277e-05,
    "C__coef0__tol": 5.132757094038123e-05,
    "C__gamma": 0.026888810364537608,
    "C__gamma__shrinking": 5.4820336752755774e-05,
    "C__gamma__strategy": 0.0002940270891956735,
    "C__gamma__tol": 0.0018002409458149956,
    "C__shrinking": 1.9051527851523214e-05,
    "C__shrinking__strategy": 2.2930381674573944e-06,
    "C__shrinking__tol": 4.580697758939725e-06,
    "C__strategy": 6.522701073031283e-05,
    "C__strategy__tol": 1.597974930030979e-05,
    "C__tol": 0.0006042923627065351,
    "coef0__gamma": 0.006946739485085729,
    "coef0__gamma__shrinking": 2.5053474294610208e-05,
    "coef0__gamma__strategy": 0.0003253523743503813,
    "coef0__gamma__tol": 0.002864585290068623,
    "coef0__shrinking": 1.1512544766824205e-05,
    "coef0__shrinking__strategy": 3.255106927441153e-06,
    "coef0__shrinking__tol": 6.235720001659256e-07,
    "coef0__strategy": 0.0001221293037774228,
    "coef0__strategy__tol": 3.58666937640118e-05,
    "coef0__tol": 0.002314496559296262,
    "gamma__shrinking": 2.2292754569658113e-05,
    "gamma__shrinking__strategy": 2.5667344527337266e-06,
    "gamma__shrinking__tol": 5.847520605127381e-06,
    "gamma__strategy": 0.0016021626845220554,
    "gamma__strategy__tol": 0.00012065716440160228,
    "gamma__tol": 0.007328317280701058,
    "shrinking__strategy": 1.3430862238172542e-06,
    "shrinking__strategy__tol": 6.369613456472245e-10,
    "shrinking__tol": 1.973166930005249e-06,
    "strategy__tol": 0.0001257890494944224
}