{
    "algorithm": 0.00976296305141322,
    "learning_rate": 0.09780022001993445,
    "max_depth": 0.5455078398253073,
    "n_estimators": 0.030003281753707357,
    "strategy": 0.0006560013387212199
}