{
    "C__coef0": 2.5483730806934635e-05,
    "C__coef0__gamma": 8.602611424332694e-05,
    "C__coef0__shrinking": 2.1596023353000904e-07,
    "C__coef0__strategy": 3.516695466749658e-06,
    "C__coef0__tol": 1.7610707769549826e-05,
    "C__gamma": 0.0029701085659071813,
    "C__gamma__shrinking": 9.451084723390973e-05,
    "C__gamma__strategy": 0.00023871033314561718,
    "C__gamma__tol": 0.0005298591619636574,
    "C__shrinking": 1.4286163139341756e-05,
    "C__shrinking__strategy": 2.5849930141035363e-07,
    "C__shrinking__tol": 3.105220576259831e-06,
    "C__strategy": 0.00011461953317591045,
    "C__strategy__tol": 4.587494295074364e-05,
    "C__tol": 0.00030029632055508847,
    "coef0__gamma": 0.0027617991260389108,
    "coef0__gamma__shrinking": 4.7510362519330985e-06,
    "coef0__gamma__strategy": 0.00011307610630812215,
    "coef0__gamma__tol": 0.00043620327311492697,
    "coef0__shrinking": 9.764361451991042e-07,
    "coef0__shrinking__strategy": 7.983481028492274e-08,
    "coef0__shrinking__tol": 3.682041955789235e-07,
    "coef0__strategy": 3.966983738162478e-05,
    "coef0__strategy__tol": 1.5078891528701199e-05,
    "coef0__tol": 0.0001805700735013232,
    "gamma__shrinking": 0.00024256357983643887,
    "gamma__shrinking__strategy": 2.39264729218452e-05,
    "gamma__shrinking__tol": 7.546946938636343e-05,
    "gamma__strategy": 0.001160940261620323,
    "gamma__strategy__tol": 0.0003730548065538435,
    "gamma__tol": 0.0028448016072786125,
    "shrinking__strategy": 1.9616960546837026e-06,
    "shrinking__strategy__tol": 7.306509860523919e-07,
    "shrinking__tol": 6.6447293233737065e-06,
    "strategy__tol": 0.00018824142216729886
}