{
    "C": 0.0007379030759244667,
    "coef0": 0.00033077751614514825,
    "gamma": 0.9850582151330207,
    "shrinking": 2.0217597241680786e-05,
    "strategy": 0.0001487781350052026,
    "tol": 0.0005928150927649984
}