{
    "bootstrap": 0.0087336623861988,
    "criterion": 0.007891828042289708,
    "max_features": 0.20826001142023845,
    "min_samples_leaf": 0.12864689784386302,
    "min_samples_split": 0.010927851613411688,
    "strategy": 0.0024738273666953287
}