{
    "bootstrap__criterion": 0.0014690830651740046,
    "bootstrap__criterion__max_features": 0.0006719639564638918,
    "bootstrap__criterion__min_samples_leaf": 0.007012848742735292,
    "bootstrap__criterion__min_samples_split": 0.00013125167309986467,
    "bootstrap__criterion__strategy": 3.289984929306976e-05,
    "bootstrap__max_features": 0.109903468849226,
    "bootstrap__max_features__min_samples_leaf": 0.048199483217351125,
    "bootstrap__max_features__min_samples_split": 0.006951363409826319,
    "bootstrap__max_features__strategy": 0.0024497871861979188,
    "bootstrap__min_samples_leaf": 0.028199090480185734,
    "bootstrap__min_samples_leaf__min_samples_split": 0.001797921730418624,
    "bootstrap__min_samples_leaf__strategy": 0.0008144749289998713,
    "bootstrap__min_samples_split": 0.001731966151385848,
    "bootstrap__min_samples_split__strategy": 0.0003562383472223993,
    "bootstrap__strategy": 0.0004263042780072008,
    "criterion__max_features": 0.009082313842376094,
    "criterion__max_features__min_samples_leaf": 0.020840672429675328,
    "criterion__max_features__min_samples_split": 0.0005722438261138527,
    "criterion__max_features__strategy": 0.000704441137076415,
    "criterion__min_samples_leaf": 0.05743872275213341,
    "criterion__min_samples_leaf__min_samples_split": 0.00596916538155696,
    "criterion__min_samples_leaf__strategy": 0.012288796548008253,
    "criterion__min_samples_split": 0.0007875428694452593,
    "criterion__min_samples_split__strategy": 0.00029895102217598977,
    "criterion__strategy": 0.0016643754137774711,
    "max_features__min_samples_leaf": 0.12478946209433933,
    "max_features__min_samples_leaf__min_samples_split": 0.030485782535635723,
    "max_features__min_samples_leaf__strategy": 0.01839717035523481,
    "max_features__min_samples_split": 0.018653642086662908,
    "max_features__min_samples_split__strategy": 0.0024661119019510763,
    "max_features__strategy": 0.006499293671736597,
    "min_samples_leaf__min_samples_split": 0.04185443562591169,
    "min_samples_leaf__min_samples_split__strategy": 0.013397671671272388,
    "min_samples_leaf__strategy": 0.0261306995182681,
    "min_samples_split__strategy": 0.0034945683448738443
}