{
    "algorithm": 0.04383383641044501,
    "learning_rate": 0.19107547226271426,
    "max_depth": 0.21013957711013012,
    "n_estimators": 0.009832232373677006,
    "strategy": 0.0014580412822142372
}