{
    "bootstrap__criterion": 0.0038940018840408624,
    "bootstrap__criterion__max_features": 0.006534390048331798,
    "bootstrap__criterion__min_samples_leaf": 0.003643628489285438,
    "bootstrap__criterion__min_samples_split": 0.0009606913344800665,
    "bootstrap__criterion__strategy": 0.0005160472449300983,
    "bootstrap__max_features": 0.04094789907433294,
    "bootstrap__max_features__min_samples_leaf": 0.022206431789587266,
    "bootstrap__max_features__min_samples_split": 0.014163525608666898,
    "bootstrap__max_features__strategy": 0.009064877654087845,
    "bootstrap__min_samples_leaf": 0.0123439722841454,
    "bootstrap__min_samples_leaf__min_samples_split": 0.00473336319266419,
    "bootstrap__min_samples_leaf__strategy": 0.002518863356146758,
    "bootstrap__min_samples_split": 0.0063494198183155605,
    "bootstrap__min_samples_split__strategy": 0.001840535634923898,
    "bootstrap__strategy": 0.0020151608769210755,
    "criterion__max_features": 0.010277431939736292,
    "criterion__max_features__min_samples_leaf": 0.008385124135606194,
    "criterion__max_features__min_samples_split": 0.003119756081845673,
    "criterion__max_features__strategy": 0.002689346226990993,
    "criterion__min_samples_leaf": 0.004139753566276844,
    "criterion__min_samples_leaf__min_samples_split": 0.0014642632613590337,
    "criterion__min_samples_leaf__strategy": 0.0007680778842273179,
    "criterion__min_samples_split": 0.0012871095600605073,
    "criterion__min_samples_split__strategy": 0.0004009020615205446,
    "criterion__strategy": 0.0004829443409180268,
    "max_features__min_samples_leaf": 0.030552771998976772,
    "max_features__min_samples_leaf__min_samples_split": 0.010409319559656769,
    "max_features__min_samples_leaf__strategy": 0.007358171234344488,
    "max_features__min_samples_split": 0.018131350166937673,
    "max_features__min_samples_split__strategy": 0.005140789289929396,
    "max_features__strategy": 0.011470749712851624,
    "min_samples_leaf__min_samples_split": 0.00470113167957817,
    "min_samples_leaf__min_samples_split__strategy": 0.0009701525593614436,
    "min_samples_leaf__strategy": 0.0026644368952629285,
    "min_samples_split__strategy": 0.0019144215920683908
}