{
    "bootstrap": 0.08624486016189072,
    "criterion": 0.011067260153640249,
    "max_features": 0.5639903807699351,
    "min_samples_leaf": 0.02114634714706753,
    "min_samples_split": 0.0060336800118908655,
    "strategy": 0.0014575293639173437
}