{
    "bootstrap": 0.010432622325520237,
    "criterion": 0.6563047458252003,
    "max_features": 0.1481968023560984,
    "min_samples_leaf": 0.02567352977232273,
    "min_samples_split": 0.0013419895197130036,
    "strategy": 0.0005231355254285004
}