{
    "bootstrap__criterion": 0.007222096531916522,
    "bootstrap__criterion__max_features": 0.007715696737798261,
    "bootstrap__criterion__min_samples_leaf": 0.002245207003260089,
    "bootstrap__criterion__min_samples_split": 0.00035867456237312183,
    "bootstrap__criterion__strategy": 0.00016737846653659184,
    "bootstrap__max_features": 0.041516893098998864,
    "bootstrap__max_features__min_samples_leaf": 0.006094323820814929,
    "bootstrap__max_features__min_samples_split": 0.001374976375666746,
    "bootstrap__max_features__strategy": 0.0006248888407155794,
    "bootstrap__min_samples_leaf": 0.003660161797707836,
    "bootstrap__min_samples_leaf__min_samples_split": 0.0007120059662560022,
    "bootstrap__min_samples_leaf__strategy": 0.00025378834344965046,
    "bootstrap__min_samples_split": 0.00037223545487555416,
    "bootstrap__min_samples_split__strategy": 0.00013144298659689625,
    "bootstrap__strategy": 0.00012984404344650545,
    "criterion__max_features": 0.011430749410110075,
    "criterion__max_features__min_samples_leaf": 0.00976519407165604,
    "criterion__max_features__min_samples_split": 0.002501900847016146,
    "criterion__max_features__strategy": 0.0014185219334872518,
    "criterion__min_samples_leaf": 0.010100342377928121,
    "criterion__min_samples_leaf__min_samples_split": 0.0020327108363218556,
    "criterion__min_samples_leaf__strategy": 0.0009184200893150447,
    "criterion__min_samples_split": 0.0013116560220906917,
    "criterion__min_samples_split__strategy": 0.0005320925034262787,
    "criterion__strategy": 0.0005025241344109725,
    "max_features__min_samples_leaf": 0.011613637141802916,
    "max_features__min_samples_leaf__min_samples_split": 0.002505445538077928,
    "max_features__min_samples_leaf__strategy": 0.0016996342411707138,
    "max_features__min_samples_split": 0.0026772566070504614,
    "max_features__min_samples_split__strategy": 0.0004536266378214965,
    "max_features__strategy": 0.00154892194666921,
    "min_samples_leaf__min_samples_split": 0.0020792151189456924,
    "min_samples_leaf__min_samples_split__strategy": 0.0012103749293359495,
    "min_samples_leaf__strategy": 0.0009428178541770886,
    "min_samples_split__strategy": 0.000551049312206348
}