{
    "C__coef0": 0.013961399784422564,
    "C__coef0__gamma": 0.02466126796319934,
    "C__coef0__shrinking": 0.00016755987132777866,
    "C__coef0__strategy": 0.0003818463554443631,
    "C__coef0__tol": 0.0006179239528405073,
    "C__gamma": 0.04914610820080212,
    "C__gamma__shrinking": 0.0006035185162223229,
    "C__gamma__strategy": 0.0033460369535906337,
    "C__gamma__tol": 0.003302630320201977,
    "C__shrinking": 0.0002570366744091174,
    "C__shrinking__strategy": 6.235679902377288e-06,
    "C__shrinking__tol": 2.3096627360450926e-05,
    "C__strategy": 0.0023457298160736856,
    "C__strategy__tol": 4.682403841774359e-05,
    "C__tol": 0.001527291396279688,
    "coef0__gamma": 0.03415399815005982,
    "coef0__gamma__shrinking": 0.0002770582399994096,
    "coef0__gamma__strategy": 0.0007496914053485948,
    "coef0__gamma__tol": 0.0014631934230824178,
    "coef0__shrinking": 0.00010722747112673265,
    "coef0__shrinking__strategy": 2.2889977937041355e-05,
    "coef0__shrinking__tol": 2.6989335687353506e-05,
    "coef0__strategy": 0.0003522650963504912,
    "coef0__strategy__tol": 6.594611493539312e-05,
    "coef0__tol": 0.0005738569820275107,
    "gamma__shrinking": 0.00034545504627460355,
    "gamma__shrinking__strategy": 4.799053236012227e-05,
    "gamma__shrinking__tol": 6.880721620913365e-05,
    "gamma__strategy": 0.001406127189049214,
    "gamma__strategy__tol": 0.00028221591639237924,
    "gamma__tol": 0.003433839142908854,
    "shrinking__strategy": 3.838661878144813e-05,
    "shrinking__strategy__tol": 5.546726435591532e-05,
    "shrinking__tol": 3.921322718750575e-05,
    "strategy__tol": 0.00015176810674450065
}