{
    "C": 0.017623830831721005,
    "coef0": 0.01691438703218885,
    "gamma": 0.8163432414626327,
    "shrinking": 0.00010899100946158715,
    "strategy": 0.000671852766274114,
    "tol": 0.0012082899853302822
}