{
    "algorithm": 0.03815143070741389,
    "learning_rate": 0.06261295539916197,
    "max_depth": 0.49429573229283486,
    "n_estimators": 0.022643204610093372,
    "strategy": 0.00038186792165886564
}