{
    "C": 0.2401653460232085,
    "gamma": 0.5290384861108166,
    "shrinking": 3.542497304044171e-05,
    "strategy": 0.0019171768897170698,
    "tol": 0.003136612589171314
}