{
    "algorithm__learning_rate": 0.005184839203849614,
    "algorithm__learning_rate__max_depth": 0.010289170757328145,
    "algorithm__learning_rate__n_estimators": 0.0011952499123800966,
    "algorithm__learning_rate__strategy": 0.00046092247727152515,
    "algorithm__max_depth": 0.011220751283353203,
    "algorithm__max_depth__n_estimators": 0.0018125862568859888,
    "algorithm__max_depth__strategy": 0.000714759129959686,
    "algorithm__n_estimators": 0.000737520511192997,
    "algorithm__n_estimators__strategy": 0.00010298574839522458,
    "algorithm__strategy": 0.00023038301965669838,
    "learning_rate__max_depth": 0.057816416198477105,
    "learning_rate__max_depth__n_estimators": 0.009419959596208935,
    "learning_rate__max_depth__strategy": 0.002893821613915357,
    "learning_rate__n_estimators": 0.0108246578551154,
    "learning_rate__n_estimators__strategy": 0.0010387051369473528,
    "learning_rate__strategy": 0.0020078239160421806,
    "max_depth__n_estimators": 0.009446444718174834,
    "max_depth__n_estimators__strategy": 0.000679485842177664,
    "max_depth__strategy": 0.0017186383051752915,
    "n_estimators__strategy": 0.0004821165213252693
}