{
    "algorithm": 0.006089533592391517,
    "learning_rate": 0.023414127100969497,
    "max_depth": 0.8317886823449161,
    "n_estimators": 0.00541195003012603,
    "strategy": 0.0004083702962706984
}