{
    "C__coef0": 0.023197964521226612,
    "C__coef0__gamma": 0.06298421589225897,
    "C__coef0__shrinking": 2.975275735334697e-05,
    "C__coef0__strategy": 0.0016894909054241793,
    "C__coef0__tol": 0.0009430684411867523,
    "C__gamma": 0.11818258313911068,
    "C__gamma__shrinking": 8.442687073653978e-05,
    "C__gamma__strategy": 0.005265540060833431,
    "C__gamma__tol": 0.004257325476787643,
    "C__shrinking": 2.549889825195286e-05,
    "C__shrinking__strategy": 1.085378585059197e-06,
    "C__shrinking__tol": 5.2973181796063876e-06,
    "C__strategy": 0.0020394532174478493,
    "C__strategy__tol": 8.542263844332808e-05,
    "C__tol": 0.0017578852707934992,
    "coef0__gamma": 0.06631083372088664,
    "coef0__gamma__shrinking": 6.661488617270702e-05,
    "coef0__gamma__strategy": 0.0035918547728048364,
    "coef0__gamma__tol": 0.002588626990400543,
    "coef0__shrinking": 2.6137193623489838e-05,
    "coef0__shrinking__strategy": 5.699185003879038e-07,
    "coef0__shrinking__tol": 2.9934725273685417e-06,
    "coef0__strategy": 0.0015053339731629241,
    "coef0__strategy__tol": 0.00020323431147659153,
    "coef0__tol": 0.0014665214033598784,
    "gamma__shrinking": 5.0452117561996377e-05,
    "gamma__shrinking__strategy": 2.119060068432946e-06,
    "gamma__shrinking__tol": 3.231579098201837e-05,
    "gamma__strategy": 0.0046200000208998105,
    "gamma__strategy__tol": 0.0016337491344276672,
    "gamma__tol": 0.005233544057166459,
    "shrinking__strategy": 4.6169920141008944e-07,
    "shrinking__strategy__tol": 3.150985841346432e-08,
    "shrinking__tol": 4.121614853458237e-06,
    "strategy__tol": 0.0006010655461241995
}