{
    "C": 0.037230213344590285,
    "coef0": 0.0349826116824939,
    "gamma": 0.6111207362391372,
    "shrinking": 1.8687651988145296e-05,
    "strategy": 0.001105710741301154,
    "tol": 0.0010845671875966553
}