{
    "C__coef0": 0.004175833926012435,
    "C__coef0__gamma": 0.010069779199245205,
    "C__coef0__shrinking": 8.325170234083665e-06,
    "C__coef0__strategy": 2.7441114703744723e-05,
    "C__coef0__tol": 0.0015238740392199837,
    "C__gamma": 0.12974160012721736,
    "C__gamma__shrinking": 0.0006466457032486958,
    "C__gamma__strategy": 0.001110313195043075,
    "C__gamma__tol": 0.004959000141389652,
    "C__shrinking": 0.00012224255458204207,
    "C__shrinking__strategy": 1.952682174635842e-06,
    "C__shrinking__tol": 8.665886558657365e-06,
    "C__strategy": 0.00014608778975266155,
    "C__strategy__tol": 2.839914183938282e-05,
    "C__tol": 0.0031008615899865196,
    "coef0__gamma": 0.01498362523044161,
    "coef0__gamma__shrinking": 6.0091675188510046e-05,
    "coef0__gamma__strategy": 0.00022023760673449018,
    "coef0__gamma__tol": 0.0021227081400804863,
    "coef0__shrinking": 1.0165041651290024e-05,
    "coef0__shrinking__strategy": 4.955372544081043e-08,
    "coef0__shrinking__tol": 1.2992580928554258e-06,
    "coef0__strategy": 5.929356803781774e-05,
    "coef0__strategy__tol": 5.23090507445023e-06,
    "coef0__tol": 0.0007813859165037209,
    "gamma__shrinking": 0.0009389655401239459,
    "gamma__shrinking__strategy": 3.4566898075877425e-05,
    "gamma__shrinking__tol": 6.244968071450474e-05,
    "gamma__strategy": 0.0008902857366014643,
    "gamma__strategy__tol": 0.0013768918127539005,
    "gamma__tol": 0.007883029372858131,
    "shrinking__strategy": 3.4382613023630512e-06,
    "shrinking__strategy__tol": 1.2817889111852972e-06,
    "shrinking__tol": 8.714616585969726e-06,
    "strategy__tol": 0.0002950955296529105
}