{
    "C": 0.03997570123752441,
    "coef0": 0.0029351988948471295,
    "gamma": 0.7612899059480589,
    "shrinking": 8.737394019765705e-05,
    "strategy": 0.0001492830744512514,
    "tol": 0.008569067653125805
}