{
    "bootstrap": 0.11969861354191585,
    "criterion": 0.008226966693089177,
    "max_features": 0.41969128154016105,
    "min_samples_leaf": 0.20879150325871404,
    "min_samples_split": 0.0012761064279611647,
    "strategy": 0.00021284256982537344
}