{
    "bootstrap__criterion": 0.0031884282730270334,
    "bootstrap__criterion__max_features": 0.007004326213902429,
    "bootstrap__criterion__min_samples_leaf": 0.001516382596162302,
    "bootstrap__criterion__min_samples_split": 0.00015265209546957374,
    "bootstrap__criterion__strategy": 9.349527007026322e-05,
    "bootstrap__max_features": 0.11756386913645128,
    "bootstrap__max_features__min_samples_leaf": 0.018620048106860687,
    "bootstrap__max_features__min_samples_split": 0.0028916014493877828,
    "bootstrap__max_features__strategy": 0.0015956408725131847,
    "bootstrap__min_samples_leaf": 0.004741212994971489,
    "bootstrap__min_samples_leaf__min_samples_split": 0.0012230888158765284,
    "bootstrap__min_samples_leaf__strategy": 0.0004747376178935742,
    "bootstrap__min_samples_split": 0.0009534353773941609,
    "bootstrap__min_samples_split__strategy": 7.484247004882494e-05,
    "bootstrap__strategy": 0.00012229968531202049,
    "criterion__max_features": 0.006977150745707816,
    "criterion__max_features__min_samples_leaf": 0.005944670139253677,
    "criterion__max_features__min_samples_split": 0.0008060232454983121,
    "criterion__max_features__strategy": 0.0005168008206662611,
    "criterion__min_samples_leaf": 0.0024869245147361163,
    "criterion__min_samples_leaf__min_samples_split": 0.00022964595774064515,
    "criterion__min_samples_leaf__strategy": 0.0001799543592483558,
    "criterion__min_samples_split": 0.00017721320290955186,
    "criterion__min_samples_split__strategy": 1.558350146760155e-05,
    "criterion__strategy": 9.784398149207584e-05,
    "max_features__min_samples_leaf": 0.030398424621935427,
    "max_features__min_samples_leaf__min_samples_split": 0.00658972664185875,
    "max_features__min_samples_leaf__strategy": 0.003041365730060783,
    "max_features__min_samples_split": 0.0041428865339450125,
    "max_features__min_samples_split__strategy": 0.0004269610690078589,
    "max_features__strategy": 0.0015626445696631784,
    "min_samples_leaf__min_samples_split": 0.0021953949330332243,
    "min_samples_leaf__min_samples_split__strategy": 0.00010937666336696705,
    "min_samples_leaf__strategy": 0.0006685412361552554,
    "min_samples_split__strategy": 9.004646894633634e-05
}