{
    "C": 0.06374629772377578,
    "gamma": 0.8316962484737624,
    "shrinking": 0.0003432910980409519,
    "strategy": 0.0004660256827487617,
    "tol": 0.010215493904943262
}