{
    "algorithm": 0.010117892687554562,
    "learning_rate": 0.18174185239747243,
    "max_depth": 0.263081857587691,
    "n_estimators": 0.060471751443400876,
    "strategy": 0.0002290664513611093
}