{
    "bootstrap": 0.007972939327911361,
    "criterion": 0.02348898696642538,
    "max_features": 0.516098772556949,
    "min_samples_leaf": 0.29611749397067233,
    "min_samples_split": 0.0012992711806450697,
    "strategy": 0.00019496030248865973
}