{
    "bootstrap__criterion": 0.001565664409615343,
    "bootstrap__criterion__max_features": 0.0016414668119051554,
    "bootstrap__criterion__min_samples_leaf": 0.0009558990595003522,
    "bootstrap__criterion__min_samples_split": 8.15332072049515e-05,
    "bootstrap__criterion__strategy": 8.024967646741752e-05,
    "bootstrap__max_features": 0.025232714072414675,
    "bootstrap__max_features__min_samples_leaf": 0.008331308415050087,
    "bootstrap__max_features__min_samples_split": 0.0011655039797663377,
    "bootstrap__max_features__strategy": 0.00084916208863538,
    "bootstrap__min_samples_leaf": 0.005567268250741997,
    "bootstrap__min_samples_leaf__min_samples_split": 0.0006269210915271271,
    "bootstrap__min_samples_leaf__strategy": 0.00031332101609631295,
    "bootstrap__min_samples_split": 0.0002622723609270129,
    "bootstrap__min_samples_split__strategy": 2.4978706285031752e-05,
    "bootstrap__strategy": 0.00013668403185752541,
    "criterion__max_features": 0.009583590674241638,
    "criterion__max_features__min_samples_leaf": 0.014456081126920373,
    "criterion__max_features__min_samples_split": 0.0012727365800540987,
    "criterion__max_features__strategy": 0.0007286304662417607,
    "criterion__min_samples_leaf": 0.005537594291062431,
    "criterion__min_samples_leaf__min_samples_split": 0.0007619748940245615,
    "criterion__min_samples_leaf__strategy": 0.00030473617605856975,
    "criterion__min_samples_split": 0.00024175170864539053,
    "criterion__min_samples_split__strategy": 2.247833566896884e-05,
    "criterion__strategy": 0.0001675222386140072,
    "max_features__min_samples_leaf": 0.03798841148502752,
    "max_features__min_samples_leaf__min_samples_split": 0.008201779217572612,
    "max_features__min_samples_leaf__strategy": 0.0039616253418800415,
    "max_features__min_samples_split": 0.00511057248054839,
    "max_features__min_samples_split__strategy": 0.0005801503160974353,
    "max_features__strategy": 0.002930881732206577,
    "min_samples_leaf__min_samples_split": 0.003081288390514445,
    "min_samples_leaf__min_samples_split__strategy": 0.00022545569108723632,
    "min_samples_leaf__strategy": 0.0006945740064071632,
    "min_samples_split__strategy": 0.00012956279682679062
}