{
    "C": 0.04096637963587635,
    "coef0": 0.00436304129969028,
    "gamma": 0.8349593364044355,
    "shrinking": 0.000509314625117957,
    "strategy": 0.00020339634387497234,
    "tol": 0.002139183301989246
}