{
    "C__coef0": 0.003019381815814547,
    "C__coef0__gamma": 0.00583989928383874,
    "C__coef0__shrinking": 1.633721182880835e-05,
    "C__coef0__strategy": 7.266757021070743e-05,
    "C__coef0__tol": 0.0004263140732373009,
    "C__gamma": 0.07885391512755924,
    "C__gamma__shrinking": 0.0004652714600963449,
    "C__gamma__strategy": 0.00097755514508316,
    "C__gamma__tol": 0.0032500405742903406,
    "C__shrinking": 0.0001409666911216217,
    "C__shrinking__strategy": 3.806379109739708e-05,
    "C__shrinking__tol": 1.3566509325583023e-05,
    "C__strategy": 0.0004055703983611638,
    "C__strategy__tol": 5.3567938682760885e-05,
    "C__tol": 0.003645464601708569,
    "coef0__gamma": 0.007916919830538993,
    "coef0__gamma__shrinking": 0.0008288271981670126,
    "coef0__gamma__strategy": 0.00019148003501807736,
    "coef0__gamma__tol": 0.001416078361995323,
    "coef0__shrinking": 0.0007308042947312703,
    "coef0__shrinking__strategy": 1.545426679374273e-06,
    "coef0__shrinking__tol": 0.00017813375966224394,
    "coef0__strategy": 6.859269969077268e-05,
    "coef0__strategy__tol": 3.518632852035565e-05,
    "coef0__tol": 0.0007546486551128647,
    "gamma__shrinking": 0.0008846566787299281,
    "gamma__shrinking__strategy": 7.058568344920127e-05,
    "gamma__shrinking__tol": 0.0003406407735969835,
    "gamma__strategy": 0.0006335908068174974,
    "gamma__strategy__tol": 0.000104484927023904,
    "gamma__tol": 0.0036653467830673014,
    "shrinking__strategy": 2.0796754562565434e-05,
    "shrinking__strategy__tol": 1.897326638380676e-07,
    "shrinking__tol": 0.0001762139789502743,
    "strategy__tol": 3.9307311285943346e-05
}