{
    "C": 0.5189892942620818,
    "gamma": 0.2260403002573475,
    "shrinking": 0.0025705304204113057,
    "strategy": 0.0012378374152787449,
    "tol": 0.00560267683203995
}