{
    "C": 0.06968375392567164,
    "gamma": 0.8388263536062726,
    "shrinking": 0.0001794238711375211,
    "strategy": 0.00011758876511584835,
    "tol": 0.005647177810471136
}