{
    "algorithm": 0.07951014981012622,
    "learning_rate": 0.02842866373229736,
    "max_depth": 0.671610234685686,
    "n_estimators": 0.004812740955820932,
    "strategy": 0.00040136071785691906
}