{
    "bootstrap": 0.04623732520478435,
    "criterion": 4.4746145943292236e-05,
    "max_features": 0.02069092069199089,
    "min_samples_leaf": 0.7392818094075118,
    "min_samples_split": 0.0006603284190707754,
    "strategy": 0.00013752703002783495
}