{
    "bootstrap__criterion": 6.351371758807861e-05,
    "bootstrap__criterion__max_features": 0.000249239921081763,
    "bootstrap__criterion__min_samples_leaf": 0.00035196955379278305,
    "bootstrap__criterion__min_samples_split": 4.6656386836072244e-05,
    "bootstrap__criterion__strategy": 2.308040892526434e-05,
    "bootstrap__max_features": 0.005499746053407466,
    "bootstrap__max_features__min_samples_leaf": 0.016043712804047205,
    "bootstrap__max_features__min_samples_split": 0.0013254714374555405,
    "bootstrap__max_features__strategy": 0.0002894288555142085,
    "bootstrap__min_samples_leaf": 0.10674099767845102,
    "bootstrap__min_samples_leaf__min_samples_split": 0.002040002565753164,
    "bootstrap__min_samples_leaf__strategy": 0.0004536661888595627,
    "bootstrap__min_samples_split": 0.0005130643492046562,
    "bootstrap__min_samples_split__strategy": 0.00011008488274416757,
    "bootstrap__strategy": 0.00010092905401603213,
    "criterion__max_features": 0.0003016731582445864,
    "criterion__max_features__min_samples_leaf": 0.0008273582575898386,
    "criterion__max_features__min_samples_split": 6.337897385779194e-05,
    "criterion__max_features__strategy": 0.00010530386908766837,
    "criterion__min_samples_leaf": 0.0003675147183515026,
    "criterion__min_samples_leaf__min_samples_split": 0.0002139875796289786,
    "criterion__min_samples_leaf__strategy": 6.172237269146211e-05,
    "criterion__min_samples_split": 4.726435242952522e-05,
    "criterion__min_samples_split__strategy": 1.9651041712612672e-05,
    "criterion__strategy": 2.7971585780563657e-05,
    "max_features__min_samples_leaf": 0.03503220351676273,
    "max_features__min_samples_leaf__min_samples_split": 0.0059003536626814615,
    "max_features__min_samples_leaf__strategy": 0.0014578169715464698,
    "max_features__min_samples_split": 0.0024336266619740298,
    "max_features__min_samples_split__strategy": 0.00022950286318291178,
    "max_features__strategy": 0.00032541227894487953,
    "min_samples_leaf__min_samples_split": 0.002979172546850363,
    "min_samples_leaf__min_samples_split__strategy": 0.00041487656001978337,
    "min_samples_leaf__strategy": 0.0009937895644627818,
    "min_samples_split__strategy": 0.00013436022318528106
}