{
    "bootstrap__criterion": 7.709996171391325e-05,
    "bootstrap__criterion__max_features": 0.00010500728581926133,
    "bootstrap__criterion__min_samples_leaf": 0.0003951104852914916,
    "bootstrap__criterion__min_samples_split": 2.0890312129248525e-05,
    "bootstrap__criterion__strategy": 1.4647135828568483e-05,
    "bootstrap__max_features": 0.014145276579867722,
    "bootstrap__max_features__min_samples_leaf": 0.012303036165147302,
    "bootstrap__max_features__min_samples_split": 0.0009709784694288091,
    "bootstrap__max_features__strategy": 0.0006237240399688082,
    "bootstrap__min_samples_leaf": 0.01354477545039634,
    "bootstrap__min_samples_leaf__min_samples_split": 0.0026888642744101986,
    "bootstrap__min_samples_leaf__strategy": 0.0010279042553206041,
    "bootstrap__min_samples_split": 0.0005331167741865241,
    "bootstrap__min_samples_split__strategy": 0.00018424287400270695,
    "bootstrap__strategy": 0.0001487832186179066,
    "criterion__max_features": 0.0005106531015501292,
    "criterion__max_features__min_samples_leaf": 0.0015815243899592324,
    "criterion__max_features__min_samples_split": 7.565995478507614e-05,
    "criterion__max_features__strategy": 8.591241081191823e-05,
    "criterion__min_samples_leaf": 0.0006098914677602485,
    "criterion__min_samples_leaf__min_samples_split": 0.0001591078026352416,
    "criterion__min_samples_leaf__strategy": 0.00014161599407748324,
    "criterion__min_samples_split": 2.5356145889429693e-05,
    "criterion__min_samples_split__strategy": 9.74184208756137e-06,
    "criterion__strategy": 2.3673460802330364e-05,
    "max_features__min_samples_leaf": 0.032270062547788525,
    "max_features__min_samples_leaf__min_samples_split": 0.007635154471113216,
    "max_features__min_samples_leaf__strategy": 0.0030605333913269923,
    "max_features__min_samples_split": 0.0035562379932297557,
    "max_features__min_samples_split__strategy": 0.001496853724290504,
    "max_features__strategy": 0.0015694018042432102,
    "min_samples_leaf__min_samples_split": 0.008228883624889844,
    "min_samples_leaf__min_samples_split__strategy": 0.0007277395229280898,
    "min_samples_leaf__strategy": 0.0013316320203257527,
    "min_samples_split__strategy": 0.0003471232201969811
}