{
    "bootstrap": 0.05506077265195389,
    "criterion": 7.540749968718081e-05,
    "max_features": 0.19403603833853916,
    "min_samples_leaf": 0.6290418248364729,
    "min_samples_split": 0.0028631316541676104,
    "strategy": 0.00030512491570618285
}