{
    "C": 0.3043204676156459,
    "gamma": 0.416202847382254,
    "shrinking": 0.0008032858060435308,
    "strategy": 0.001370710589618037,
    "tol": 0.005371004895794943
}