{
    "algorithm": 0.018245947668741075,
    "learning_rate": 0.22106011931765573,
    "max_depth": 0.22903943844815344,
    "n_estimators": 0.012506234778534651,
    "strategy": 0.0009131342709974244
}