{
    "algorithm": 0.09759894200819666,
    "learning_rate": 0.028375789251835593,
    "max_depth": 0.7482463810127123,
    "n_estimators": 0.005936440976727569,
    "strategy": 0.0002607379503390888
}