{
    "bootstrap__criterion": 3.276119072595133e-05,
    "bootstrap__criterion__max_features": 0.0002103767384108758,
    "bootstrap__criterion__min_samples_leaf": 0.00018038768853454248,
    "bootstrap__criterion__min_samples_split": 0.0001122076267227204,
    "bootstrap__criterion__strategy": 1.3409591817337737e-05,
    "bootstrap__max_features": 0.01320511144125025,
    "bootstrap__max_features__min_samples_leaf": 0.013718851482780958,
    "bootstrap__max_features__min_samples_split": 0.0017753474283744653,
    "bootstrap__max_features__strategy": 0.00036369321397302203,
    "bootstrap__min_samples_leaf": 0.004105961324921248,
    "bootstrap__min_samples_leaf__min_samples_split": 0.0027466177960944545,
    "bootstrap__min_samples_leaf__strategy": 0.00041461815196904396,
    "bootstrap__min_samples_split": 0.0010033819490277893,
    "bootstrap__min_samples_split__strategy": 9.296013074711561e-05,
    "bootstrap__strategy": 8.045264249249471e-05,
    "criterion__max_features": 0.000300845812944317,
    "criterion__max_features__min_samples_leaf": 0.0010258447613153976,
    "criterion__max_features__min_samples_split": 0.00014698447321003817,
    "criterion__max_features__strategy": 4.2499787402929575e-05,
    "criterion__min_samples_leaf": 0.00030803808049961745,
    "criterion__min_samples_leaf__min_samples_split": 0.0003358529388336976,
    "criterion__min_samples_leaf__strategy": 5.830321035824791e-05,
    "criterion__min_samples_split": 0.00010906214525025458,
    "criterion__min_samples_split__strategy": 7.2054758611069035e-06,
    "criterion__strategy": 1.357685676130839e-05,
    "max_features__min_samples_leaf": 0.04491178936789497,
    "max_features__min_samples_leaf__min_samples_split": 0.008898683146047599,
    "max_features__min_samples_leaf__strategy": 0.0023738285303036358,
    "max_features__min_samples_split": 0.0029218894113038746,
    "max_features__min_samples_split__strategy": 0.00021826729296850348,
    "max_features__strategy": 0.000587937609054307,
    "min_samples_leaf__min_samples_split": 0.008263009694582752,
    "min_samples_leaf__min_samples_split__strategy": 0.0005119407965694361,
    "min_samples_leaf__strategy": 0.0006707564113140501,
    "min_samples_split__strategy": 0.0001298152698484842
}