{
    "bootstrap": 0.03506716756654062,
    "criterion": 6.22129784635629e-05,
    "max_features": 0.3100479270393652,
    "min_samples_leaf": 0.5320345133572519,
    "min_samples_split": 0.0035904369748003978,
    "strategy": 0.0001561317966595583
}