{
    "C": 0.015722015233850598,
    "coef0": 0.015219713158128558,
    "gamma": 0.8122955426281754,
    "shrinking": 0.0001640042034899309,
    "strategy": 0.0004086650321480246,
    "tol": 0.00433490289168072
}