{
    "C__coef0": 0.00658600901127088,
    "C__coef0__gamma": 0.010096528949560313,
    "C__coef0__shrinking": 0.00024388395761910952,
    "C__coef0__strategy": 0.0012664552346070817,
    "C__coef0__tol": 0.0018473795700091507,
    "C__gamma": 0.06118044143095425,
    "C__gamma__shrinking": 0.000647477674028907,
    "C__gamma__strategy": 0.0035223808123155224,
    "C__gamma__tol": 0.00732597303476043,
    "C__shrinking": 0.0004315915407765899,
    "C__shrinking__strategy": 6.362883118617504e-05,
    "C__shrinking__tol": 0.00021158767708868466,
    "C__strategy": 0.0017930779898253837,
    "C__strategy__tol": 0.00021251732086872543,
    "C__tol": 0.0061644640603895386,
    "coef0__gamma": 0.01826884379018512,
    "coef0__gamma__shrinking": 0.0003470243895118887,
    "coef0__gamma__strategy": 0.001395302742290598,
    "coef0__gamma__tol": 0.0050412675936900644,
    "coef0__shrinking": 0.00012184616234151653,
    "coef0__shrinking__strategy": 8.06036438781247e-05,
    "coef0__shrinking__tol": 1.2847835020402942e-05,
    "coef0__strategy": 0.0015931379819402822,
    "coef0__strategy__tol": 0.00021974662050472642,
    "coef0__tol": 0.0037363947058798273,
    "gamma__shrinking": 0.0006993436416618098,
    "gamma__shrinking__strategy": 0.00012424166100396703,
    "gamma__shrinking__tol": 0.00020492608671040385,
    "gamma__strategy": 0.003459895993458485,
    "gamma__strategy__tol": 0.00029014563623490017,
    "gamma__tol": 0.009473947178226676,
    "shrinking__strategy": 5.94215199787618e-05,
    "shrinking__strategy__tol": 3.733551706762005e-05,
    "shrinking__tol": 0.00012282781207673728,
    "strategy__tol": 0.00015293935399492576
}