{
    "C": 0.2223905330386859,
    "gamma": 0.5461887506650791,
    "shrinking": 9.090267607926713e-05,
    "strategy": 0.00024120603645580882,
    "tol": 0.013725475215825069
}