{
    "C__coef0": 0.00294152013923333,
    "C__coef0__gamma": 0.0028166825502975376,
    "C__coef0__shrinking": 0.00044941160170475876,
    "C__coef0__strategy": 0.0006582451791302392,
    "C__coef0__tol": 8.983188505163199e-05,
    "C__gamma": 0.012404546782597947,
    "C__gamma__shrinking": 0.0014048087042131845,
    "C__gamma__strategy": 0.000710294781451722,
    "C__gamma__tol": 0.0005244493159441278,
    "C__shrinking": 0.000493591182606319,
    "C__shrinking__strategy": 0.0007225380845680452,
    "C__shrinking__tol": 2.4682563664488774e-05,
    "C__strategy": 0.00033314055289375476,
    "C__strategy__tol": 6.180975397375362e-06,
    "C__tol": 0.000157738408121792,
    "coef0__gamma": 0.007273171368672893,
    "coef0__gamma__shrinking": 0.0010110079741739682,
    "coef0__gamma__strategy": 0.000775028555511252,
    "coef0__gamma__tol": 0.0002687903439589074,
    "coef0__shrinking": 0.00015166414338219444,
    "coef0__shrinking__strategy": 6.708641301264172e-05,
    "coef0__shrinking__tol": 6.40574149141508e-05,
    "coef0__strategy": 0.0003393133445152085,
    "coef0__strategy__tol": 1.68280492978192e-05,
    "coef0__tol": 0.0001727885761392001,
    "gamma__shrinking": 0.002366669882371804,
    "gamma__shrinking__strategy": 0.0029761133167665464,
    "gamma__shrinking__tol": 9.198440998528078e-05,
    "gamma__strategy": 0.001528392344755518,
    "gamma__strategy__tol": 5.723965246145883e-05,
    "gamma__tol": 0.0008774236329540206,
    "shrinking__strategy": 0.0007109764177214009,
    "shrinking__strategy__tol": 2.629804359168786e-05,
    "shrinking__tol": 1.3102888294568406e-05,
    "strategy__tol": 2.970213623382421e-05
}