{
    "C": 0.008305721800354734,
    "coef0": 0.0042071970929142355,
    "gamma": 0.9422065377345041,
    "shrinking": 0.00013611546576661003,
    "strategy": 0.00020936896481640998,
    "tol": 0.00013115694878089852
}