{
    "bootstrap__criterion": 0.00012622736070204985,
    "bootstrap__criterion__max_features": 0.0004931659341132297,
    "bootstrap__criterion__min_samples_leaf": 0.0013250090403883006,
    "bootstrap__criterion__min_samples_split": 0.0003334363770692134,
    "bootstrap__criterion__strategy": 4.772635653669285e-05,
    "bootstrap__max_features": 0.0052650287886450015,
    "bootstrap__max_features__min_samples_leaf": 0.01839291639870487,
    "bootstrap__max_features__min_samples_split": 0.0021006092882314984,
    "bootstrap__max_features__strategy": 0.0004788015052349837,
    "bootstrap__min_samples_leaf": 0.009325878750855332,
    "bootstrap__min_samples_leaf__min_samples_split": 0.004800531387062559,
    "bootstrap__min_samples_leaf__strategy": 0.0009715846895932728,
    "bootstrap__min_samples_split": 0.0012432376513974853,
    "bootstrap__min_samples_split__strategy": 0.00011865486867949416,
    "bootstrap__strategy": 0.000253366076292307,
    "criterion__max_features": 0.0006575897956749288,
    "criterion__max_features__min_samples_leaf": 0.0027271772095013858,
    "criterion__max_features__min_samples_split": 0.0003326804680139194,
    "criterion__max_features__strategy": 6.521030184092921e-05,
    "criterion__min_samples_leaf": 0.0017924305654127837,
    "criterion__min_samples_leaf__min_samples_split": 0.0005982481905593261,
    "criterion__min_samples_leaf__strategy": 0.00016176575525132016,
    "criterion__min_samples_split": 0.0002929961308380958,
    "criterion__min_samples_split__strategy": 2.1160334646190418e-05,
    "criterion__strategy": 6.245284841174229e-05,
    "max_features__min_samples_leaf": 0.019269413939360547,
    "max_features__min_samples_leaf__min_samples_split": 0.005738675671771276,
    "max_features__min_samples_leaf__strategy": 0.0018296110941130493,
    "max_features__min_samples_split": 0.0018270173943012997,
    "max_features__min_samples_split__strategy": 0.00019851957554974965,
    "max_features__strategy": 0.0005103453142235694,
    "min_samples_leaf__min_samples_split": 0.011639166176466556,
    "min_samples_leaf__min_samples_split__strategy": 0.0006226293809070784,
    "min_samples_leaf__strategy": 0.0010902274939232589,
    "min_samples_split__strategy": 0.0001345771035574561
}