{
    "bootstrap": 0.13661424799957386,
    "criterion": 0.0021655332156359313,
    "max_features": 0.12429942642663418,
    "min_samples_leaf": 0.6252446063598678,
    "min_samples_split": 0.00342092321397923,
    "strategy": 0.00019716381513648997
}