{
    "algorithm": 0.010169966806341139,
    "learning_rate": 0.011936030636650653,
    "max_depth": 0.7518107174598524,
    "n_estimators": 0.010817268812653236,
    "strategy": 0.0019072566706422028
}