{
    "algorithm": 0.10278244742216427,
    "learning_rate": 0.37060454279977284,
    "max_depth": 0.043210398110430565,
    "n_estimators": 0.006877478573529779,
    "strategy": 0.0017839423842813075
}