{
    "C": 0.004807747663100879,
    "coef0": 0.0011070517022138218,
    "gamma": 0.9661010113701384,
    "shrinking": 2.0024348195503277e-05,
    "strategy": 0.00011301393339420547,
    "tol": 0.001316024151401764
}