{
    "C__coef0": 0.00045464161036418453,
    "C__coef0__gamma": 0.00037438054289256825,
    "C__coef0__shrinking": 1.872000865311655e-05,
    "C__coef0__strategy": 2.4940890916609355e-07,
    "C__coef0__tol": 0.0010961373174606737,
    "C__gamma": 0.00936510449159167,
    "C__gamma__shrinking": 9.560327607523183e-05,
    "C__gamma__strategy": 0.0003158187011434207,
    "C__gamma__tol": 0.0021446948836471667,
    "C__shrinking": 1.7309934069605557e-05,
    "C__shrinking__strategy": 1.0398466896897017e-07,
    "C__shrinking__tol": 8.604673552830427e-07,
    "C__strategy": 0.00015752772745222332,
    "C__strategy__tol": 0.000145643528005961,
    "C__tol": 0.002527609092718143,
    "coef0__gamma": 0.0025705182572073326,
    "coef0__gamma__shrinking": 6.446169990574651e-05,
    "coef0__gamma__strategy": 6.973794106810044e-05,
    "coef0__gamma__tol": 0.0004617129325496319,
    "coef0__shrinking": 2.203189321221796e-05,
    "coef0__shrinking__strategy": 3.2674005281995225e-10,
    "coef0__shrinking__tol": 4.5945704192596956e-07,
    "coef0__strategy": 0.00010813239072818098,
    "coef0__strategy__tol": 2.284231293566189e-06,
    "coef0__tol": 0.0007803729043014058,
    "gamma__shrinking": 0.00015514212984644047,
    "gamma__shrinking__strategy": 3.976860387771815e-08,
    "gamma__shrinking__tol": 4.5194900179486644e-05,
    "gamma__strategy": 0.00037880084936196704,
    "gamma__strategy__tol": 0.00028958306054807127,
    "gamma__tol": 0.004438220659339396,
    "shrinking__strategy": 9.441367997481344e-09,
    "shrinking__strategy__tol": 1.7175061340583136e-11,
    "shrinking__tol": 5.854951833609559e-06,
    "strategy__tol": 0.00012185297503828339
}