{
    "C__coef0": 0.012315316582471272,
    "C__coef0__gamma": 0.02648056799014202,
    "C__coef0__shrinking": 4.854888195344152e-05,
    "C__coef0__strategy": 0.0007942288884608407,
    "C__coef0__tol": 0.001056219601324234,
    "C__gamma": 0.056690047031473956,
    "C__gamma__shrinking": 0.001054084107155729,
    "C__gamma__strategy": 0.0017640679861833652,
    "C__gamma__tol": 0.0043503184495025625,
    "C__shrinking": 0.00011397558928389999,
    "C__shrinking__strategy": 1.3320117260713334e-06,
    "C__shrinking__tol": 6.766556339891754e-06,
    "C__strategy": 0.0009224210985120106,
    "C__strategy__tol": 6.027693271741345e-05,
    "C__tol": 0.0017755925763543491,
    "coef0__gamma": 0.03532203475527251,
    "coef0__gamma__shrinking": 0.0005844847129090266,
    "coef0__gamma__strategy": 0.0011033791975827573,
    "coef0__gamma__tol": 0.002501556090807988,
    "coef0__shrinking": 6.958347633671293e-05,
    "coef0__shrinking__strategy": 9.001649216994201e-07,
    "coef0__shrinking__tol": 3.1626285750601876e-06,
    "coef0__strategy": 0.0005276582433768466,
    "coef0__strategy__tol": 4.3995199083551526e-05,
    "coef0__tol": 0.001167307522813077,
    "gamma__shrinking": 0.0016130116392714926,
    "gamma__shrinking__strategy": 2.5028482525609602e-05,
    "gamma__shrinking__tol": 0.0001280028453089395,
    "gamma__strategy": 0.003362048111671581,
    "gamma__strategy__tol": 0.0002836119293883662,
    "gamma__tol": 0.011374085841415818,
    "shrinking__strategy": 4.075555100738898e-06,
    "shrinking__strategy__tol": 2.929002290369756e-07,
    "shrinking__tol": 2.2507843369945664e-05,
    "strategy__tol": 9.454332435370784e-05
}