{
    "C": 0.023820769672079144,
    "coef0": 0.026342598236044068,
    "gamma": 0.7754052101932283,
    "shrinking": 0.00019956875746399323,
    "strategy": 0.0004978227212038417,
    "tol": 0.004258378646171332
}