{
    "bootstrap": 0.006765629881354014,
    "criterion": 0.0005788630651016076,
    "max_features": 0.6279173453312568,
    "min_samples_leaf": 0.19097308462356363,
    "min_samples_split": 0.00125796080379941,
    "strategy": 0.00021411238969406567
}