{
    "bootstrap__criterion": 0.0006430812734327475,
    "bootstrap__criterion__max_features": 0.0018739844473301855,
    "bootstrap__criterion__min_samples_leaf": 0.0006819472592702516,
    "bootstrap__criterion__min_samples_split": 7.464618573783434e-05,
    "bootstrap__criterion__strategy": 2.176134800025136e-05,
    "bootstrap__max_features": 0.025101497559425034,
    "bootstrap__max_features__min_samples_leaf": 0.015827951260903805,
    "bootstrap__max_features__min_samples_split": 0.001278059126060087,
    "bootstrap__max_features__strategy": 0.0004367803181547984,
    "bootstrap__min_samples_leaf": 0.0030476082988857844,
    "bootstrap__min_samples_leaf__min_samples_split": 0.0007900418652973646,
    "bootstrap__min_samples_leaf__strategy": 0.00021342649016574877,
    "bootstrap__min_samples_split": 0.00028228835164152916,
    "bootstrap__min_samples_split__strategy": 6.941881015830298e-05,
    "bootstrap__strategy": 8.981377437784267e-05,
    "criterion__max_features": 0.0037209733404756085,
    "criterion__max_features__min_samples_leaf": 0.006898102680303386,
    "criterion__max_features__min_samples_split": 0.0007460326789649986,
    "criterion__max_features__strategy": 0.0002529011128827903,
    "criterion__min_samples_leaf": 0.0020027191638177233,
    "criterion__min_samples_leaf__min_samples_split": 0.0005476526323743248,
    "criterion__min_samples_leaf__strategy": 0.00015553386407960292,
    "criterion__min_samples_split": 0.0002392746439450243,
    "criterion__min_samples_split__strategy": 1.4522727768661952e-05,
    "criterion__strategy": 4.0011799209867184e-05,
    "max_features__min_samples_leaf": 0.06835012815617117,
    "max_features__min_samples_leaf__min_samples_split": 0.010300929621604919,
    "max_features__min_samples_leaf__strategy": 0.0029925350226427568,
    "max_features__min_samples_split": 0.007606866304027024,
    "max_features__min_samples_split__strategy": 0.0007409233530898238,
    "max_features__strategy": 0.0015472181819521146,
    "min_samples_leaf__min_samples_split": 0.004328912093372031,
    "min_samples_leaf__min_samples_split__strategy": 0.00032562192698016917,
    "min_samples_leaf__strategy": 0.0006089267240988237,
    "min_samples_split__strategy": 0.00015413815683797323
}