{
    "bootstrap__criterion": 0.0001434478791831777,
    "bootstrap__criterion__max_features": 0.0003379332648532213,
    "bootstrap__criterion__min_samples_leaf": 0.00020302754288710305,
    "bootstrap__criterion__min_samples_split": 1.3524765650357081e-05,
    "bootstrap__criterion__strategy": 4.317081539550874e-06,
    "bootstrap__max_features": 0.03220654826946512,
    "bootstrap__max_features__min_samples_leaf": 0.013973152828516355,
    "bootstrap__max_features__min_samples_split": 0.0007920218852836143,
    "bootstrap__max_features__strategy": 0.0008322784533907291,
    "bootstrap__min_samples_leaf": 0.005537922000075912,
    "bootstrap__min_samples_leaf__min_samples_split": 0.0006397593979412687,
    "bootstrap__min_samples_leaf__strategy": 0.0006312625138392095,
    "bootstrap__min_samples_split": 0.0002681030283234589,
    "bootstrap__min_samples_split__strategy": 2.9013905156324583e-05,
    "bootstrap__strategy": 0.00023026164133849714,
    "criterion__max_features": 0.0013957943292345343,
    "criterion__max_features__min_samples_leaf": 0.002287246740771298,
    "criterion__max_features__min_samples_split": 0.0003236488660650355,
    "criterion__max_features__strategy": 0.00010475489629617639,
    "criterion__min_samples_leaf": 0.00044777043192989474,
    "criterion__min_samples_leaf__min_samples_split": 0.0002125559473059878,
    "criterion__min_samples_leaf__strategy": 7.528965938112718e-05,
    "criterion__min_samples_split": 4.694202386920545e-05,
    "criterion__min_samples_split__strategy": 5.265668657620793e-06,
    "criterion__strategy": 2.6303686603013982e-05,
    "max_features__min_samples_leaf": 0.032420259576352084,
    "max_features__min_samples_leaf__min_samples_split": 0.006670712339675835,
    "max_features__min_samples_leaf__strategy": 0.0032074546982157007,
    "max_features__min_samples_split": 0.0024796378602211246,
    "max_features__min_samples_split__strategy": 0.00020471455574518223,
    "max_features__strategy": 0.001054967910231636,
    "min_samples_leaf__min_samples_split": 0.002709323135913573,
    "min_samples_leaf__min_samples_split__strategy": 0.00020018950185137136,
    "min_samples_leaf__strategy": 0.001187240747062396,
    "min_samples_split__strategy": 5.421333827874755e-05
}