{
    "bootstrap": 0.00046283686054444446,
    "criterion": 8.016354378613685e-05,
    "max_features": 0.47638097082689324,
    "min_samples_leaf": 0.40384100908225906,
    "min_samples_split": 0.0007666645647229341,
    "strategy": 0.0002331045745791957
}