{
    "C": 0.020651148763200466,
    "gamma": 0.7151374281917088,
    "shrinking": 0.0011555152738555654,
    "strategy": 0.0003964803006536069,
    "tol": 0.012306472385637162
}