{
    "C": 0.023297303562612746,
    "gamma": 0.9039404281303565,
    "shrinking": 0.00042780927009334864,
    "strategy": 0.0003703899573162026,
    "tol": 0.0029094863497356417
}