{
    "C": 0.049114586279260394,
    "gamma": 0.748697774214152,
    "shrinking": 0.00014482597973313477,
    "strategy": 0.0006710829514986422,
    "tol": 0.024142418044814748
}