{
    "algorithm": 0.0057036876120666186,
    "learning_rate": 0.067901773958741,
    "max_depth": 0.6158928964573707,
    "n_estimators": 0.0068576385513729205,
    "strategy": 0.000727859228995158
}