{
    "C__coef0": 0.004327936135248671,
    "C__coef0__gamma": 0.002752418948705322,
    "C__coef0__shrinking": 4.292853424707401e-07,
    "C__coef0__strategy": 0.00015183850453147113,
    "C__coef0__tol": 0.00024028248925937745,
    "C__gamma": 0.024403933320157,
    "C__gamma__shrinking": 1.4127880034776031e-05,
    "C__gamma__strategy": 0.0013480892790834597,
    "C__gamma__tol": 0.00528771441805188,
    "C__shrinking": 2.1721947190641476e-06,
    "C__shrinking__strategy": 1.9326451964030936e-06,
    "C__shrinking__tol": 5.822397773805159e-07,
    "C__strategy": 0.0003224971976888588,
    "C__strategy__tol": 4.94315454634053e-05,
    "C__tol": 0.001792995863194917,
    "coef0__gamma": 0.017116020801056342,
    "coef0__gamma__shrinking": 5.250446055213039e-05,
    "coef0__gamma__strategy": 0.0005552545744788984,
    "coef0__gamma__tol": 0.0007986515351388127,
    "coef0__shrinking": 7.0351675522145645e-06,
    "coef0__shrinking__strategy": 1.8414545516628415e-06,
    "coef0__shrinking__tol": 2.506362954059812e-06,
    "coef0__strategy": 0.0002734458767999101,
    "coef0__strategy__tol": 4.0494119380614195e-05,
    "coef0__tol": 0.0031814764212451073,
    "gamma__shrinking": 0.0002911511484970605,
    "gamma__shrinking__strategy": 5.188178509995742e-05,
    "gamma__shrinking__tol": 1.8483448976215275e-05,
    "gamma__strategy": 0.0020497261791474026,
    "gamma__strategy__tol": 0.0005616580463346718,
    "gamma__tol": 0.0113785453277333,
    "shrinking__strategy": 8.095165340508059e-06,
    "shrinking__strategy__tol": 6.300522899806019e-06,
    "shrinking__tol": 4.574972707605679e-06,
    "strategy__tol": 0.00016317811238675956
}