{
    "C": 0.009932863284928945,
    "coef0": 0.004058366810640795,
    "gamma": 0.8964094949059506,
    "shrinking": 2.221446721010135e-05,
    "strategy": 0.0005996884364695604,
    "tol": 0.010506226779224307
}