{
    "bootstrap": 0.008610499123454757,
    "criterion": 0.002063736296894532,
    "max_features": 0.20280468844173338,
    "min_samples_leaf": 0.05003821314710219,
    "min_samples_split": 0.005957232795350874,
    "strategy": 0.0037274567861071426
}