{
    "bootstrap__criterion": 0.0020616695771862,
    "bootstrap__criterion__max_features": 0.005704110577995275,
    "bootstrap__criterion__min_samples_leaf": 0.00365906093226398,
    "bootstrap__criterion__min_samples_split": 0.0007483363584253108,
    "bootstrap__criterion__strategy": 0.000884726457714691,
    "bootstrap__max_features": 0.10499663811124732,
    "bootstrap__max_features__min_samples_leaf": 0.08325803131927514,
    "bootstrap__max_features__min_samples_split": 0.009848248556586194,
    "bootstrap__max_features__strategy": 0.009853831352805466,
    "bootstrap__min_samples_leaf": 0.07690977266494203,
    "bootstrap__min_samples_leaf__min_samples_split": 0.0073157212204770046,
    "bootstrap__min_samples_leaf__strategy": 0.006649930821011834,
    "bootstrap__min_samples_split": 0.0027138418963780263,
    "bootstrap__min_samples_split__strategy": 0.0012062178184098996,
    "bootstrap__strategy": 0.0017477100094133368,
    "criterion__max_features": 0.01170279727921092,
    "criterion__max_features__min_samples_leaf": 0.014445216574307224,
    "criterion__max_features__min_samples_split": 0.006810072554308404,
    "criterion__max_features__strategy": 0.003705209738303316,
    "criterion__min_samples_leaf": 0.004645097695728212,
    "criterion__min_samples_leaf__min_samples_split": 0.003676618434225897,
    "criterion__min_samples_leaf__strategy": 0.003386734054733714,
    "criterion__min_samples_split": 0.001864881508895467,
    "criterion__min_samples_split__strategy": 0.0009360167439352533,
    "criterion__strategy": 0.0012670962427173476,
    "max_features__min_samples_leaf": 0.1279487854037066,
    "max_features__min_samples_leaf__min_samples_split": 0.029744778196587843,
    "max_features__min_samples_leaf__strategy": 0.020666288961918786,
    "max_features__min_samples_split": 0.02499724272209805,
    "max_features__min_samples_split__strategy": 0.010109874276114608,
    "max_features__strategy": 0.020784748636212547,
    "min_samples_leaf__min_samples_split": 0.012980148538746974,
    "min_samples_leaf__min_samples_split__strategy": 0.007051071267405687,
    "min_samples_leaf__strategy": 0.011768568897253542,
    "min_samples_split__strategy": 0.003976373127018163
}