{
    "C__coef0": 0.01703468300517565,
    "C__coef0__gamma": 0.02232677782867515,
    "C__coef0__shrinking": 0.00031271251064060417,
    "C__coef0__strategy": 0.0007022299601084775,
    "C__coef0__tol": 0.0026306837742523237,
    "C__gamma": 0.309871829935717,
    "C__gamma__shrinking": 0.008602276600528029,
    "C__gamma__strategy": 0.007824235495555124,
    "C__gamma__tol": 0.027496600031543385,
    "C__shrinking": 0.005378594881542718,
    "C__shrinking__strategy": 2.952144522243294e-05,
    "C__shrinking__tol": 0.0003326355938935814,
    "C__strategy": 0.021136429993674495,
    "C__strategy__tol": 0.000975051037072891,
    "C__tol": 0.017557752589193735,
    "coef0__gamma": 0.014919344195365197,
    "coef0__gamma__shrinking": 0.000837762675723273,
    "coef0__gamma__strategy": 0.0010524769908562674,
    "coef0__gamma__tol": 0.003662896634750522,
    "coef0__shrinking": 0.0002833240171078457,
    "coef0__shrinking__strategy": 5.103489993769309e-06,
    "coef0__shrinking__tol": 4.583372110640105e-05,
    "coef0__strategy": 0.0005894491375815938,
    "coef0__strategy__tol": 0.00010634669220814866,
    "coef0__tol": 0.003124815647089947,
    "gamma__shrinking": 0.0027509387673969915,
    "gamma__shrinking__strategy": 7.871759349296903e-05,
    "gamma__shrinking__tol": 0.0009896413676575427,
    "gamma__strategy": 0.004495863016550949,
    "gamma__strategy__tol": 0.00606790766430336,
    "gamma__tol": 0.03704097057118669,
    "shrinking__strategy": 3.164041878057954e-05,
    "shrinking__strategy__tol": 2.0934200478585352e-05,
    "shrinking__tol": 0.00041066501103367153,
    "strategy__tol": 0.010068915580849578
}