{
    "C": 0.21138889728436527,
    "coef0": 0.007784063282420965,
    "gamma": 0.21955318004529784,
    "shrinking": 0.0012308781429612686,
    "strategy": 0.0025293752206059727,
    "tol": 0.02059587299543444
}