{
    "bootstrap__criterion": 0.0018262577234499922,
    "bootstrap__criterion__max_features": 0.00633552560574599,
    "bootstrap__criterion__min_samples_leaf": 0.003064112687957893,
    "bootstrap__criterion__min_samples_split": 0.0002321889276449404,
    "bootstrap__criterion__strategy": 0.00010226557782480757,
    "bootstrap__max_features": 0.08511205442247188,
    "bootstrap__max_features__min_samples_leaf": 0.014639185732531868,
    "bootstrap__max_features__min_samples_split": 0.0016275120465337016,
    "bootstrap__max_features__strategy": 0.0005688002803424292,
    "bootstrap__min_samples_leaf": 0.009498978473485298,
    "bootstrap__min_samples_leaf__min_samples_split": 0.00103478879464812,
    "bootstrap__min_samples_leaf__strategy": 0.00039433453381940305,
    "bootstrap__min_samples_split": 0.00043089999525682075,
    "bootstrap__min_samples_split__strategy": 6.510325082311125e-05,
    "bootstrap__strategy": 9.550499378599257e-05,
    "criterion__max_features": 0.01766244726585786,
    "criterion__max_features__min_samples_leaf": 0.01924318623766008,
    "criterion__max_features__min_samples_split": 0.0024782760845789963,
    "criterion__max_features__strategy": 0.0007261249365193046,
    "criterion__min_samples_leaf": 0.007338247768336803,
    "criterion__min_samples_leaf__min_samples_split": 0.0016750878499289645,
    "criterion__min_samples_leaf__strategy": 0.0006298654122278179,
    "criterion__min_samples_split": 0.0007090986273122933,
    "criterion__min_samples_split__strategy": 6.370133089156891e-05,
    "criterion__strategy": 0.00017175423973475265,
    "max_features__min_samples_leaf": 0.03226352405445748,
    "max_features__min_samples_leaf__min_samples_split": 0.005646559838028983,
    "max_features__min_samples_leaf__strategy": 0.0037712671804558465,
    "max_features__min_samples_split": 0.0033358651106097257,
    "max_features__min_samples_split__strategy": 0.00021378662839092186,
    "max_features__strategy": 0.0013505952175276136,
    "min_samples_leaf__min_samples_split": 0.0020383249763602394,
    "min_samples_leaf__min_samples_split__strategy": 0.0002688297455732735,
    "min_samples_leaf__strategy": 0.0009594039640969909,
    "min_samples_split__strategy": 0.00011663681022952013
}