{
    "bootstrap": 0.012517105845604866,
    "criterion": 0.17913024430615776,
    "max_features": 0.2656998880532997,
    "min_samples_leaf": 0.29185233024229734,
    "min_samples_split": 0.000948121452252604,
    "strategy": 0.00021454201130638787
}