{
    "C": 0.20265136866197786,
    "gamma": 0.5213885180639086,
    "shrinking": 0.0005090466276489781,
    "strategy": 0.0017610828392648097,
    "tol": 0.012887171191758154
}