{
    "algorithm": 0.025206811255363934,
    "learning_rate": 0.5015768711012648,
    "max_depth": 0.012118846367130443,
    "n_estimators": 0.03072720558616869,
    "strategy": 0.0018930307341177288
}