{
    "algorithm__learning_rate": 0.1285455024825941,
    "algorithm__learning_rate__max_depth": 0.02612080423963677,
    "algorithm__learning_rate__n_estimators": 0.0075032321545109165,
    "algorithm__learning_rate__strategy": 0.0002606693504107263,
    "algorithm__max_depth": 0.004064985260957468,
    "algorithm__max_depth__n_estimators": 0.0024037828094020802,
    "algorithm__max_depth__strategy": 0.00021019527235608196,
    "algorithm__n_estimators": 0.02976225257055537,
    "algorithm__n_estimators__strategy": 0.0003900105168065035,
    "algorithm__strategy": 0.0001592307695225878,
    "learning_rate__max_depth": 0.034200720105955665,
    "learning_rate__max_depth__n_estimators": 0.005744866425105896,
    "learning_rate__max_depth__strategy": 0.00024079604229583496,
    "learning_rate__n_estimators": 0.08509581156728609,
    "learning_rate__n_estimators__strategy": 0.0003135174255984169,
    "learning_rate__strategy": 0.097240789322101,
    "max_depth__n_estimators": 0.002562523200492259,
    "max_depth__n_estimators__strategy": 0.00033170243145634257,
    "max_depth__strategy": 0.00019625743624565942,
    "n_estimators__strategy": 0.00039998218599562874
}