{
    "bootstrap": 0.06331904189427302,
    "criterion": 0.05653989940105683,
    "max_features": 0.007727380067365836,
    "min_samples_leaf": 0.7594176039713099,
    "min_samples_split": 0.0004090127304864992,
    "strategy": 0.0004578071875469858
}