{
    "C": 0.012088820333138284,
    "gamma": 0.9151230411741003,
    "shrinking": 5.2821830894777814e-05,
    "strategy": 0.00024555381988807033,
    "tol": 0.0165624943261158
}