{
    "bootstrap__criterion": 0.0038012312122083698,
    "bootstrap__criterion__max_features": 0.0029540774934289082,
    "bootstrap__criterion__min_samples_leaf": 0.0019346791107900472,
    "bootstrap__criterion__min_samples_split": 0.00015128960616299586,
    "bootstrap__criterion__strategy": 3.7316520897399345e-05,
    "bootstrap__max_features": 0.14650301910137187,
    "bootstrap__max_features__min_samples_leaf": 0.021510646877331008,
    "bootstrap__max_features__min_samples_split": 0.003370776986666711,
    "bootstrap__max_features__strategy": 0.00122069591878886,
    "bootstrap__min_samples_leaf": 0.00915006302550464,
    "bootstrap__min_samples_leaf__min_samples_split": 0.002115590266490593,
    "bootstrap__min_samples_leaf__strategy": 0.0006794332954620941,
    "bootstrap__min_samples_split": 0.0009895639177591878,
    "bootstrap__min_samples_split__strategy": 0.00011487344983679426,
    "bootstrap__strategy": 0.0003575782413934433,
    "criterion__max_features": 0.002117184571598707,
    "criterion__max_features__min_samples_leaf": 0.003578524359342694,
    "criterion__max_features__min_samples_split": 0.0005887439085724856,
    "criterion__max_features__strategy": 0.0002557614904749551,
    "criterion__min_samples_leaf": 0.0026175980700908763,
    "criterion__min_samples_leaf__min_samples_split": 0.00037599114629970325,
    "criterion__min_samples_leaf__strategy": 0.00017033050035408345,
    "criterion__min_samples_split": 0.00025544195346967075,
    "criterion__min_samples_split__strategy": 5.244529004410668e-05,
    "criterion__strategy": 9.38216171083072e-05,
    "max_features__min_samples_leaf": 0.0362528222267578,
    "max_features__min_samples_leaf__min_samples_split": 0.009143233645328111,
    "max_features__min_samples_leaf__strategy": 0.003493335784242409,
    "max_features__min_samples_split": 0.00763659315811742,
    "max_features__min_samples_split__strategy": 0.001572805796036733,
    "max_features__strategy": 0.0029597996495468173,
    "min_samples_leaf__min_samples_split": 0.010218550686907066,
    "min_samples_leaf__min_samples_split__strategy": 0.00038180409920089784,
    "min_samples_leaf__strategy": 0.0010690394541064954,
    "min_samples_split__strategy": 0.00026973577112705815
}