{
    "bootstrap": 0.1222530883896831,
    "criterion": 0.0012892916748278665,
    "max_features": 0.27551438614666646,
    "min_samples_leaf": 0.300814208676576,
    "min_samples_split": 0.006176231507145537,
    "strategy": 0.00022007764344547737
}