{
    "bootstrap__criterion": 0.005493878082197513,
    "bootstrap__criterion__max_features": 0.0015774782781508845,
    "bootstrap__criterion__min_samples_leaf": 0.00927623338949532,
    "bootstrap__criterion__min_samples_split": 0.00067154956265017,
    "bootstrap__criterion__strategy": 0.00039098070232401836,
    "bootstrap__max_features": 0.010993858564777019,
    "bootstrap__max_features__min_samples_leaf": 0.018484981550298818,
    "bootstrap__max_features__min_samples_split": 0.0021508356143139923,
    "bootstrap__max_features__strategy": 0.0008022607195208474,
    "bootstrap__min_samples_leaf": 0.040916953916112164,
    "bootstrap__min_samples_leaf__min_samples_split": 0.0057964665111432945,
    "bootstrap__min_samples_leaf__strategy": 0.0023507121017691127,
    "bootstrap__min_samples_split": 0.001094626127156828,
    "bootstrap__min_samples_split__strategy": 0.00036009939287882367,
    "bootstrap__strategy": 0.00024385887249174466,
    "criterion__max_features": 0.004659135569514656,
    "criterion__max_features__min_samples_leaf": 0.011817165729843301,
    "criterion__max_features__min_samples_split": 0.0018393084459416113,
    "criterion__max_features__strategy": 0.0007638915571232209,
    "criterion__min_samples_leaf": 0.04875756799109998,
    "criterion__min_samples_leaf__min_samples_split": 0.007147758664256015,
    "criterion__min_samples_leaf__strategy": 0.0026154195504972328,
    "criterion__min_samples_split": 0.0016891016064055353,
    "criterion__min_samples_split__strategy": 0.0006072469008615521,
    "criterion__strategy": 0.0006212920454946934,
    "max_features__min_samples_leaf": 0.036447071183562496,
    "max_features__min_samples_leaf__min_samples_split": 0.013339945940867567,
    "max_features__min_samples_leaf__strategy": 0.003841450992522743,
    "max_features__min_samples_split": 0.008201901107908475,
    "max_features__min_samples_split__strategy": 0.0007663148708313937,
    "max_features__strategy": 0.0011544399627228092,
    "min_samples_leaf__min_samples_split": 0.01313986035745407,
    "min_samples_leaf__min_samples_split__strategy": 0.0023355745044327824,
    "min_samples_leaf__strategy": 0.003335207099945926,
    "min_samples_split__strategy": 0.0006604757435404438
}