{
    "bootstrap": 0.018112926512887994,
    "criterion": 0.038820744756690374,
    "max_features": 0.011824253095259227,
    "min_samples_leaf": 0.6258767108361869,
    "min_samples_split": 0.004076342927436749,
    "strategy": 0.0007184989778806984
}