{
    "C__coef0": 0.0017346868201104644,
    "C__coef0__gamma": 0.0018006581094031082,
    "C__coef0__shrinking": 6.559299199494608e-06,
    "C__coef0__strategy": 2.8715334010116832e-05,
    "C__coef0__tol": 4.2745167475822664e-05,
    "C__gamma": 0.01319104875107402,
    "C__gamma__shrinking": 3.3122256922433644e-05,
    "C__gamma__strategy": 0.0003235532106476801,
    "C__gamma__tol": 0.00038634980288605476,
    "C__shrinking": 1.2568867938424928e-05,
    "C__shrinking__strategy": 1.5522172155704858e-05,
    "C__shrinking__tol": 2.0870561658232762e-06,
    "C__strategy": 0.00019478808055241786,
    "C__strategy__tol": 2.42618672482291e-05,
    "C__tol": 0.00015339432331311654,
    "coef0__gamma": 0.0012505472643108417,
    "coef0__gamma__shrinking": 8.931702607420213e-06,
    "coef0__gamma__strategy": 0.00015612737141789003,
    "coef0__gamma__tol": 0.00012626906713306398,
    "coef0__shrinking": 1.4486781256681188e-06,
    "coef0__shrinking__strategy": 1.0637210516904554e-06,
    "coef0__shrinking__tol": 1.462260520552675e-06,
    "coef0__strategy": 9.309403269864961e-05,
    "coef0__strategy__tol": 9.631093532172388e-05,
    "coef0__tol": 9.557969859144431e-05,
    "gamma__shrinking": 4.813977518849206e-05,
    "gamma__shrinking__strategy": 5.903500479175058e-06,
    "gamma__shrinking__tol": 9.308991137282896e-06,
    "gamma__strategy": 0.0003864564509267141,
    "gamma__strategy__tol": 0.00016405196205592117,
    "gamma__tol": 0.001936123656139949,
    "shrinking__strategy": 1.7424379122456344e-06,
    "shrinking__strategy__tol": 3.7713536467801696e-07,
    "shrinking__tol": 6.4706376069340315e-06,
    "strategy__tol": 0.00014002484195264732
}