{
    "C": 0.009446167682477196,
    "coef0": 0.0004741905883378262,
    "gamma": 0.9669774810082973,
    "shrinking": 7.850328592275459e-06,
    "strategy": 9.449830783104265e-05,
    "tol": 0.00022296202430414612
}