{
    "algorithm": 0.017249817674286103,
    "learning_rate": 0.03643541875710858,
    "max_depth": 0.6233957366272249,
    "n_estimators": 0.010199675625022973,
    "strategy": 0.0003065487895133317
}