{
    "C__coef0": 0.0037871690362988666,
    "C__coef0__gamma": 0.0048815020874224055,
    "C__coef0__shrinking": 0.00014614159304913467,
    "C__coef0__strategy": 0.0012594940794332804,
    "C__coef0__tol": 0.0004915399258210032,
    "C__gamma": 0.015097454419302436,
    "C__gamma__shrinking": 0.0013325542983564885,
    "C__gamma__strategy": 0.0007426308115448159,
    "C__gamma__tol": 0.0007950509885712494,
    "C__shrinking": 0.00014512124457705464,
    "C__shrinking__strategy": 5.497451344750365e-05,
    "C__shrinking__tol": 1.0474326370903293e-05,
    "C__strategy": 0.0005202460384738743,
    "C__strategy__tol": 1.4208998569225717e-05,
    "C__tol": 0.0007211986112115555,
    "coef0__gamma": 0.025048793367187683,
    "coef0__gamma__shrinking": 0.00048198315234252055,
    "coef0__gamma__strategy": 0.0029369007548296147,
    "coef0__gamma__tol": 0.0023903153920955753,
    "coef0__shrinking": 9.651303786425812e-05,
    "coef0__shrinking__strategy": 2.9358394865966475e-05,
    "coef0__shrinking__tol": 2.5309933483156494e-05,
    "coef0__strategy": 0.006057655016460325,
    "coef0__strategy__tol": 0.0018707190625668509,
    "coef0__tol": 0.0084289749100219,
    "gamma__shrinking": 0.0015224943018258517,
    "gamma__shrinking__strategy": 0.00010713059280435984,
    "gamma__shrinking__tol": 0.00026668596023408497,
    "gamma__strategy": 0.0015148814448534382,
    "gamma__strategy__tol": 0.00019811453565442543,
    "gamma__tol": 0.004221499705049768,
    "shrinking__strategy": 2.297476774599876e-05,
    "shrinking__strategy__tol": 3.112718464790042e-06,
    "shrinking__tol": 5.332215518301809e-05,
    "strategy__tol": 0.0006657936800532728
}