{
    "C": 0.0026464743460349357,
    "coef0": 0.005249502915230013,
    "gamma": 0.894724016788919,
    "shrinking": 0.00012896791964353902,
    "strategy": 0.0018886942039128168,
    "tol": 0.007734487767436062
}