{
    "C": 0.08810493219412366,
    "gamma": 0.41375672461854796,
    "shrinking": 0.003104302339407833,
    "strategy": 0.003526940092499267,
    "tol": 0.03808163740080597
}