{
    "C": 0.12532242104002786,
    "gamma": 0.6538829976134304,
    "shrinking": 5.967958848931351e-05,
    "strategy": 0.0005960107161838216,
    "tol": 0.004583607748659301
}