{
    "C": 0.4379400073316875,
    "gamma": 0.1519308964477991,
    "shrinking": 0.00013508521330840887,
    "strategy": 0.00098354641309793,
    "tol": 0.03293590450626149
}