{
    "bootstrap": 0.0619737348844884,
    "criterion": 0.0003829439108680013,
    "max_features": 0.04086045059055178,
    "min_samples_leaf": 0.7902518413907913,
    "min_samples_split": 0.0011527087889233942,
    "strategy": 0.00011273384403728723
}