{
    "bootstrap__criterion": 0.00011175397833361608,
    "bootstrap__criterion__max_features": 0.00010389834400720104,
    "bootstrap__criterion__min_samples_leaf": 0.0005549769767312501,
    "bootstrap__criterion__min_samples_split": 5.84863918059365e-05,
    "bootstrap__criterion__strategy": 6.616889465978334e-06,
    "bootstrap__max_features": 0.0051069235809861335,
    "bootstrap__max_features__min_samples_leaf": 0.012602376357148726,
    "bootstrap__max_features__min_samples_split": 0.0008536852453401925,
    "bootstrap__max_features__strategy": 0.00018375226348748988,
    "bootstrap__min_samples_leaf": 0.04510472951232769,
    "bootstrap__min_samples_leaf__min_samples_split": 0.0019916752019164194,
    "bootstrap__min_samples_leaf__strategy": 0.0005995649962781935,
    "bootstrap__min_samples_split": 0.0004218388160910705,
    "bootstrap__min_samples_split__strategy": 4.267465372881048e-05,
    "bootstrap__strategy": 0.0001257562025855096,
    "criterion__max_features": 0.00013339305375766053,
    "criterion__max_features__min_samples_leaf": 0.0008751829235832814,
    "criterion__max_features__min_samples_split": 0.0001242043653000343,
    "criterion__max_features__strategy": 2.456663629344947e-05,
    "criterion__min_samples_leaf": 0.0006683755526729618,
    "criterion__min_samples_leaf__min_samples_split": 0.00025000004263309693,
    "criterion__min_samples_leaf__strategy": 6.565618671682411e-05,
    "criterion__min_samples_split": 5.4208511274795104e-05,
    "criterion__min_samples_split__strategy": 9.047414769740509e-06,
    "criterion__strategy": 1.0183687444108183e-05,
    "max_features__min_samples_leaf": 0.01747646550225268,
    "max_features__min_samples_leaf__min_samples_split": 0.0038800695149476747,
    "max_features__min_samples_leaf__strategy": 0.001340356821317471,
    "max_features__min_samples_split": 0.0010150931097312535,
    "max_features__min_samples_split__strategy": 0.0001045992441190798,
    "max_features__strategy": 0.0002802254751569654,
    "min_samples_leaf__min_samples_split": 0.003972359059560594,
    "min_samples_leaf__min_samples_split__strategy": 0.00027693802905857587,
    "min_samples_leaf__strategy": 0.001023561889743203,
    "min_samples_split__strategy": 7.165462576465596e-05
}