{
    "algorithm": 0.010399054697279482,
    "learning_rate": 0.019168893753265182,
    "max_depth": 0.6876273891598116,
    "n_estimators": 0.02980481577993107,
    "strategy": 0.0007213638354733898
}