{
    "C__coef0": 0.00013316404080777867,
    "C__coef0__gamma": 0.0007011699655102704,
    "C__coef0__shrinking": 2.0183182505430588e-07,
    "C__coef0__strategy": 2.2013699255992282e-07,
    "C__coef0__tol": 5.2085320909367764e-05,
    "C__gamma": 0.013209662663275057,
    "C__gamma__shrinking": 0.00045084933162194054,
    "C__gamma__strategy": 0.0003089872574711392,
    "C__gamma__tol": 0.0008055723266219479,
    "C__shrinking": 0.00012042495726687152,
    "C__shrinking__strategy": 1.611222763515203e-08,
    "C__shrinking__tol": 3.7468637727948277e-07,
    "C__strategy": 8.633780549932539e-05,
    "C__strategy__tol": 2.953632589039294e-06,
    "C__tol": 0.0005475550662633415,
    "coef0__gamma": 0.001604093788658112,
    "coef0__gamma__shrinking": 5.41756005277836e-06,
    "coef0__gamma__strategy": 6.959482864108622e-05,
    "coef0__gamma__tol": 0.0006521022889884195,
    "coef0__shrinking": 3.621922127883469e-07,
    "coef0__shrinking__strategy": 1.4582163722902413e-08,
    "coef0__shrinking__tol": 4.2094793299238156e-08,
    "coef0__strategy": 5.908663035423384e-06,
    "coef0__strategy__tol": 2.909135971998413e-06,
    "coef0__tol": 9.028116449800875e-05,
    "gamma__shrinking": 0.00030540321324527505,
    "gamma__shrinking__strategy": 2.2319027637748672e-07,
    "gamma__shrinking__tol": 2.7397439473029334e-06,
    "gamma__strategy": 0.0007361334063987388,
    "gamma__strategy__tol": 0.00017709170026991225,
    "gamma__tol": 0.007792518609703709,
    "shrinking__strategy": 3.4644514473617587e-08,
    "shrinking__strategy__tol": 6.017828586332285e-08,
    "shrinking__tol": 4.188055893940973e-07,
    "strategy__tol": 0.00010043469036713926
}