{
    "C": 0.0025198515545855034,
    "coef0": 0.00013502395016668834,
    "gamma": 0.9666498476952976,
    "shrinking": 3.047405235164271e-05,
    "strategy": 6.315656952419555e-05,
    "tol": 0.0025245123778720384
}