{
    "C": 0.3485308408629445,
    "gamma": 0.20464612152787404,
    "shrinking": 0.0003714807161853191,
    "strategy": 0.0008454198167162826,
    "tol": 0.029685654863004562
}