{
    "algorithm": 0.010276984240841645,
    "learning_rate": 0.05900128648240159,
    "max_depth": 0.21472959213748313,
    "n_estimators": 0.02072654721943432,
    "strategy": 0.0004950156768910811
}