{
    "C": 0.17567168624198853,
    "gamma": 0.680322360204445,
    "shrinking": 0.0009106858920308776,
    "strategy": 0.0002545230494541261,
    "tol": 0.00745119700328697
}