{
    "bootstrap__criterion": 0.001547739155993709,
    "bootstrap__criterion__max_features": 0.00499233921410025,
    "bootstrap__criterion__min_samples_leaf": 0.0023394920333585645,
    "bootstrap__criterion__min_samples_split": 0.0011612312590695093,
    "bootstrap__criterion__strategy": 0.0014066698149636948,
    "bootstrap__max_features": 0.07370125881074102,
    "bootstrap__max_features__min_samples_leaf": 0.10390682833718223,
    "bootstrap__max_features__min_samples_split": 0.010184625018505993,
    "bootstrap__max_features__strategy": 0.016738023545444944,
    "bootstrap__min_samples_leaf": 0.08617385238516595,
    "bootstrap__min_samples_leaf__min_samples_split": 0.013876630401703458,
    "bootstrap__min_samples_leaf__strategy": 0.014931543861331692,
    "bootstrap__min_samples_split": 0.007684412491109361,
    "bootstrap__min_samples_split__strategy": 0.004299806293180721,
    "bootstrap__strategy": 0.003866746350277353,
    "criterion__max_features": 0.008031441195573724,
    "criterion__max_features__min_samples_leaf": 0.007786272235681853,
    "criterion__max_features__min_samples_split": 0.0017280438931667006,
    "criterion__max_features__strategy": 0.003814361034716593,
    "criterion__min_samples_leaf": 0.0024825635114343256,
    "criterion__min_samples_leaf__min_samples_split": 0.001761430320837783,
    "criterion__min_samples_leaf__strategy": 0.0017997370659107934,
    "criterion__min_samples_split": 0.001372179691996038,
    "criterion__min_samples_split__strategy": 0.001279263398847659,
    "criterion__strategy": 0.0017808663511422324,
    "max_features__min_samples_leaf": 0.10105069091452862,
    "max_features__min_samples_leaf__min_samples_split": 0.017270658027710488,
    "max_features__min_samples_leaf__strategy": 0.02073827622903404,
    "max_features__min_samples_split": 0.012393835739688065,
    "max_features__min_samples_split__strategy": 0.006112045969714347,
    "max_features__strategy": 0.018258095124746868,
    "min_samples_leaf__min_samples_split": 0.011381399027951563,
    "min_samples_leaf__min_samples_split__strategy": 0.007716228872937041,
    "min_samples_leaf__strategy": 0.021985615502092284,
    "min_samples_split__strategy": 0.003796398592650657
}