{
    "bootstrap": 0.14047265376361925,
    "criterion": 0.0034531225887261276,
    "max_features": 0.0830348927424219,
    "min_samples_leaf": 0.022155075738156137,
    "min_samples_split": 0.0058061238834261775,
    "strategy": 0.05473844926716266
}