{
    "C": 0.0013361080589462063,
    "gamma": 0.9267739434632378,
    "shrinking": 0.000675198155562298,
    "strategy": 5.2034822155723117e-05,
    "tol": 0.02881055710741394
}