{
    "C__coef0": 0.016718979292933416,
    "C__coef0__gamma": 0.03622572923024714,
    "C__coef0__shrinking": 0.00024623140867803886,
    "C__coef0__strategy": 0.00031143710726969564,
    "C__coef0__tol": 0.0008517625119362259,
    "C__gamma": 0.17428727653461584,
    "C__gamma__shrinking": 0.0022363497996667515,
    "C__gamma__strategy": 0.0011290848233612304,
    "C__gamma__tol": 0.0025852096322738845,
    "C__shrinking": 0.0003632268983207298,
    "C__shrinking__strategy": 4.6580522025716766e-05,
    "C__shrinking__tol": 1.660014794890646e-05,
    "C__strategy": 0.0004949043067732841,
    "C__strategy__tol": 4.10285121676731e-05,
    "C__tol": 0.0025045684498108778,
    "coef0__gamma": 0.055021347995171,
    "coef0__gamma__shrinking": 0.002767367783139466,
    "coef0__gamma__strategy": 0.0018482940730276587,
    "coef0__gamma__tol": 0.0041550123680133486,
    "coef0__shrinking": 0.0009152887884793497,
    "coef0__shrinking__strategy": 3.141397816824312e-05,
    "coef0__shrinking__tol": 0.00018109386295121549,
    "coef0__strategy": 0.0009604658319080181,
    "coef0__strategy__tol": 7.51879630937083e-05,
    "coef0__tol": 0.0015267417707601305,
    "gamma__shrinking": 0.005261115336905082,
    "gamma__shrinking__strategy": 0.0001721315268724804,
    "gamma__shrinking__tol": 0.0004392545334545566,
    "gamma__strategy": 0.002113019004348313,
    "gamma__strategy__tol": 0.00019731459370268128,
    "gamma__tol": 0.00631962587899455,
    "shrinking__strategy": 6.038899089630596e-05,
    "shrinking__strategy__tol": 3.665595991608631e-06,
    "shrinking__tol": 0.0001525501001255502,
    "strategy__tol": 9.35516529359747e-05
}