{
    "C": 0.08708115254998458,
    "coef0": 0.020789242438318943,
    "gamma": 0.5629018420708202,
    "shrinking": 0.00102237503234494,
    "strategy": 0.0011885863915840698,
    "tol": 0.0023476185618635415
}