{
    "C": 0.004831087808214809,
    "coef0": 0.009192188201575458,
    "gamma": 0.5753155145619299,
    "shrinking": 0.0001606198494267671,
    "strategy": 0.003884190516042236,
    "tol": 0.12894648608398862
}