{
    "C__coef0": 0.0019299122640989708,
    "C__coef0__gamma": 0.006684184962713086,
    "C__coef0__shrinking": 2.1233917746719228e-05,
    "C__coef0__strategy": 0.00022617701621675812,
    "C__coef0__tol": 0.0003260826757766344,
    "C__gamma": 0.0246359773733843,
    "C__gamma__shrinking": 0.00023794980336656112,
    "C__gamma__strategy": 0.004145377413392964,
    "C__gamma__tol": 0.009940679342188924,
    "C__shrinking": 6.043254916876037e-05,
    "C__shrinking__strategy": 6.78885662098094e-06,
    "C__shrinking__tol": 5.429022512651793e-05,
    "C__strategy": 0.0016359862689276639,
    "C__strategy__tol": 0.00016604433865180512,
    "C__tol": 0.0033317289198781797,
    "coef0__gamma": 0.03788176129564891,
    "coef0__gamma__shrinking": 0.0004967748804158697,
    "coef0__gamma__strategy": 0.008036584877381247,
    "coef0__gamma__tol": 0.008336817319135326,
    "coef0__shrinking": 0.00015872801255902228,
    "coef0__shrinking__strategy": 4.637745987634339e-05,
    "coef0__shrinking__tol": 4.102660717998467e-05,
    "coef0__strategy": 0.0019012741464301437,
    "coef0__strategy__tol": 0.00025449251195831454,
    "coef0__tol": 0.01396348215648685,
    "gamma__shrinking": 0.000765869573530155,
    "gamma__shrinking__strategy": 0.00012019814816998514,
    "gamma__shrinking__tol": 0.0013783423841792902,
    "gamma__strategy": 0.036762547818458155,
    "gamma__strategy__tol": 0.005616576398222176,
    "gamma__tol": 0.10271043074005881,
    "shrinking__strategy": 2.8329338150898456e-05,
    "shrinking__strategy__tol": 2.7083847169342284e-06,
    "shrinking__tol": 0.0002623643337320847,
    "strategy__tol": 0.0008935954240540389
}