{
    "algorithm": 0.017212811842966025,
    "learning_rate": 0.0633994776714121,
    "max_depth": 0.18170285384308998,
    "n_estimators": 0.03749360202709054,
    "strategy": 0.0006655755389361685
}