{
    "bootstrap__criterion": 0.000601586739531259,
    "bootstrap__criterion__max_features": 0.0006822758274915956,
    "bootstrap__criterion__min_samples_leaf": 0.002169894750399191,
    "bootstrap__criterion__min_samples_split": 0.00011123953321137085,
    "bootstrap__criterion__strategy": 3.898942889224476e-05,
    "bootstrap__max_features": 0.020503861548601746,
    "bootstrap__max_features__min_samples_leaf": 0.01792927033684409,
    "bootstrap__max_features__min_samples_split": 0.0009795278940388195,
    "bootstrap__max_features__strategy": 0.0006098522715188067,
    "bootstrap__min_samples_leaf": 0.009227878601149597,
    "bootstrap__min_samples_leaf__min_samples_split": 0.0043289483821997675,
    "bootstrap__min_samples_leaf__strategy": 0.0009255234461679109,
    "bootstrap__min_samples_split": 0.0010994356576030703,
    "bootstrap__min_samples_split__strategy": 0.0001699815017736383,
    "bootstrap__strategy": 0.00016253031772595853,
    "criterion__max_features": 0.0019815521689540427,
    "criterion__max_features__min_samples_leaf": 0.005398932884013469,
    "criterion__max_features__min_samples_split": 0.0002812814535502208,
    "criterion__max_features__strategy": 0.0002679382861017492,
    "criterion__min_samples_leaf": 0.0037140557640520377,
    "criterion__min_samples_leaf__min_samples_split": 0.000706586004989991,
    "criterion__min_samples_leaf__strategy": 0.0007052122693198691,
    "criterion__min_samples_split": 0.0001675496284666276,
    "criterion__min_samples_split__strategy": 2.543099966386634e-05,
    "criterion__strategy": 0.00015179953618914234,
    "max_features__min_samples_leaf": 0.03487681487867966,
    "max_features__min_samples_leaf__min_samples_split": 0.006129006286930087,
    "max_features__min_samples_leaf__strategy": 0.004281558021509145,
    "max_features__min_samples_split": 0.0018785734886835308,
    "max_features__min_samples_split__strategy": 0.0002733580409950442,
    "max_features__strategy": 0.0017442608937989221,
    "min_samples_leaf__min_samples_split": 0.007631514381260583,
    "min_samples_leaf__min_samples_split__strategy": 0.0007382359670873614,
    "min_samples_leaf__strategy": 0.0018595004295400433,
    "min_samples_split__strategy": 0.00018832938344001465
}