{
    "bootstrap": 0.037701083419813715,
    "criterion": 0.0020208472233273606,
    "max_features": 0.06740450502140292,
    "min_samples_leaf": 0.7456411282265173,
    "min_samples_split": 0.0024860277997884057,
    "strategy": 0.00039595958646502973
}