{
    "algorithm": 0.0031270014242481526,
    "learning_rate": 0.040793892765313006,
    "max_depth": 0.6783301007551616,
    "n_estimators": 0.010190247902411784,
    "strategy": 0.00043463689796460655
}