{
    "C": 0.3100795164945881,
    "coef0": 0.002302281974828854,
    "gamma": 0.4277107005740389,
    "shrinking": 0.0003234209126945955,
    "strategy": 0.0010545899080911026,
    "tol": 0.0015665797668681898
}