{
    "C__coef0": 0.004038805966797945,
    "C__coef0__gamma": 0.004138022259868923,
    "C__coef0__shrinking": 0.00044661578861298007,
    "C__coef0__strategy": 0.0002205853273072986,
    "C__coef0__tol": 0.0003922179461451668,
    "C__gamma": 0.20781676676920635,
    "C__gamma__shrinking": 0.0012408337018648213,
    "C__gamma__strategy": 0.004142469409348714,
    "C__gamma__tol": 0.004971563902663617,
    "C__shrinking": 0.0006906736448788018,
    "C__shrinking__strategy": 3.765254198090677e-05,
    "C__shrinking__tol": 2.758359272144774e-05,
    "C__strategy": 0.003561978415635042,
    "C__strategy__tol": 0.002197900207599846,
    "C__tol": 0.004864412205719873,
    "coef0__gamma": 0.0032212580472607,
    "coef0__gamma__shrinking": 0.00023238258279344387,
    "coef0__gamma__strategy": 0.0004400215831327878,
    "coef0__gamma__tol": 0.0002805814986994513,
    "coef0__shrinking": 0.00017863579061384621,
    "coef0__shrinking__strategy": 2.5836032638769726e-05,
    "coef0__shrinking__tol": 2.176844072185411e-06,
    "coef0__strategy": 0.0002106460341383294,
    "coef0__strategy__tol": 3.262959635207336e-05,
    "coef0__tol": 0.00017984814087242942,
    "gamma__shrinking": 0.0017208489342716668,
    "gamma__shrinking__strategy": 6.227670631625852e-05,
    "gamma__shrinking__tol": 0.0015403681319890693,
    "gamma__strategy": 0.002497784052844615,
    "gamma__strategy__tol": 0.00015414859673916828,
    "gamma__tol": 0.005283668431191937,
    "shrinking__strategy": 4.374174720339283e-05,
    "shrinking__strategy__tol": 3.7330721202872945e-07,
    "shrinking__tol": 0.00013196001900348474,
    "strategy__tol": 0.0002602955484626397
}