{
    "algorithm": 0.0018224058273466556,
    "learning_rate": 0.032530347443289115,
    "max_depth": 0.7538296318504202,
    "n_estimators": 0.014693282180415063,
    "strategy": 0.0007556187352370171
}