{
    "C": 0.04441580070984888,
    "coef0": 0.013949719000202641,
    "gamma": 0.547576182003736,
    "shrinking": 0.0008712201652482453,
    "strategy": 0.0007683378402809661,
    "tol": 0.006103711070811993
}