{
    "C__coef0": 0.01503183045984058,
    "C__coef0__gamma": 0.03893937978417017,
    "C__coef0__shrinking": 0.001153576450957686,
    "C__coef0__strategy": 0.0003422935920843694,
    "C__coef0__tol": 0.0019165140819098307,
    "C__gamma": 0.18212483190176876,
    "C__gamma__shrinking": 0.0009145712625855412,
    "C__gamma__strategy": 0.004152204602027807,
    "C__gamma__tol": 0.014747089403100752,
    "C__shrinking": 0.0002585916347152057,
    "C__shrinking__strategy": 6.217657876809925e-05,
    "C__shrinking__tol": 0.0001092224436533163,
    "C__strategy": 0.0005750971922575722,
    "C__strategy__tol": 0.00015429399237634582,
    "C__tol": 0.0025816201072640654,
    "coef0__gamma": 0.04212512013727521,
    "coef0__gamma__shrinking": 0.0006928290102084338,
    "coef0__gamma__strategy": 0.002649032174034137,
    "coef0__gamma__tol": 0.003244942804036836,
    "coef0__shrinking": 0.002025344217528609,
    "coef0__shrinking__strategy": 1.2152044844952921e-05,
    "coef0__shrinking__tol": 0.0014066144372433982,
    "coef0__strategy": 0.0003778552604314187,
    "coef0__strategy__tol": 2.8177633785292366e-06,
    "coef0__tol": 0.0022533086994997193,
    "gamma__shrinking": 0.003961775741155602,
    "gamma__shrinking__strategy": 0.001493262828489628,
    "gamma__shrinking__tol": 0.0020274828533996397,
    "gamma__strategy": 0.006152842634091435,
    "gamma__strategy__tol": 0.001774865976803451,
    "gamma__tol": 0.04265286704794878,
    "shrinking__strategy": 0.0002356840756017962,
    "shrinking__strategy__tol": 0.0001815861146567488,
    "shrinking__tol": 0.00039125348060205147,
    "strategy__tol": 0.0003447397158718819
}