{
    "algorithm": 0.06366424781339144,
    "learning_rate": 0.007269360449435585,
    "max_depth": 0.7390601609739555,
    "n_estimators": 0.012831008116019348,
    "strategy": 0.0006216247696257181
}