{
    "algorithm": 0.1393541772464319,
    "learning_rate": 0.3515939875463041,
    "max_depth": 0.026615567385045537,
    "n_estimators": 0.024019351978213848,
    "strategy": 0.001257704317312342
}