{
    "algorithm": 0.017323476745651867,
    "learning_rate": 0.05855374372611333,
    "max_depth": 0.6781403950134488,
    "n_estimators": 0.011045175117809083,
    "strategy": 0.0004450629643646272
}