{
    "algorithm": 0.125439731529011,
    "learning_rate": 0.1348225226846987,
    "max_depth": 0.5636502747597587,
    "n_estimators": 0.011970376495224163,
    "strategy": 0.0003754344394759774
}