{
    "algorithm": 0.029949996416169654,
    "learning_rate": 0.05306241323264148,
    "max_depth": 0.6306739168059021,
    "n_estimators": 0.014329724659483014,
    "strategy": 0.0003518218872984707
}