{
    "algorithm": 0.07458337488455558,
    "learning_rate": 0.06158526136239026,
    "max_depth": 0.4448615298140133,
    "n_estimators": 0.008766793709630603,
    "strategy": 0.0008983325681150374
}