{
    "C": 0.007491221800597295,
    "coef0": 0.0351988544699515,
    "gamma": 0.7662471252414862,
    "shrinking": 0.00045530328386866946,
    "strategy": 0.0005096526066238815,
    "tol": 0.019388608314462354
}