{
    "C__coef0": 0.0037887178684269385,
    "C__coef0__gamma": 0.010161841035007724,
    "C__coef0__shrinking": 0.00010519325221970471,
    "C__coef0__strategy": 0.000210169439251515,
    "C__coef0__tol": 0.0015792827123216231,
    "C__gamma": 0.02177180529228051,
    "C__gamma__shrinking": 0.0005912217037313597,
    "C__gamma__strategy": 0.00048172571576990484,
    "C__gamma__tol": 0.006032038700630207,
    "C__shrinking": 0.00010226064906773192,
    "C__shrinking__strategy": 1.2598920887311451e-05,
    "C__shrinking__tol": 2.3754116698916986e-05,
    "C__strategy": 0.0002623902849059039,
    "C__strategy__tol": 3.150236921827844e-05,
    "C__tol": 0.0029747979142079432,
    "coef0__gamma": 0.041502656434480034,
    "coef0__gamma__shrinking": 0.0006392642625203616,
    "coef0__gamma__strategy": 0.0011275425368216362,
    "coef0__gamma__tol": 0.015567558219196996,
    "coef0__shrinking": 0.00021605162300009713,
    "coef0__shrinking__strategy": 1.0316679691827575e-05,
    "coef0__shrinking__tol": 0.00024007539007977335,
    "coef0__strategy": 0.0003032285568057994,
    "coef0__strategy__tol": 0.00023734352787445692,
    "coef0__tol": 0.011930485227173313,
    "gamma__shrinking": 0.0023644274239670296,
    "gamma__shrinking__strategy": 0.00029440822096939243,
    "gamma__shrinking__tol": 0.0011149006038968234,
    "gamma__strategy": 0.0031208886005489956,
    "gamma__strategy__tol": 0.0036849553011382916,
    "gamma__tol": 0.033338891011495085,
    "shrinking__strategy": 7.13060024343092e-05,
    "shrinking__strategy__tol": 6.367236853456536e-05,
    "shrinking__tol": 0.0005198817604637196,
    "strategy__tol": 0.0010979835493275837
}