{
    "algorithm": 0.06614508105698023,
    "learning_rate": 0.2900171451269434,
    "max_depth": 0.15784574860110906,
    "n_estimators": 0.014231915597536648,
    "strategy": 0.0014192217710448005
}