{
    "C__coef0": 0.0018924132618138127,
    "C__coef0__gamma": 0.003391367133073378,
    "C__coef0__shrinking": 0.00018384384024450195,
    "C__coef0__strategy": 8.277464278551002e-05,
    "C__coef0__tol": 0.0003393237244668824,
    "C__gamma": 0.07066139005150596,
    "C__gamma__shrinking": 0.004512741655136817,
    "C__gamma__strategy": 0.00384923584676807,
    "C__gamma__tol": 0.0027864136214627456,
    "C__shrinking": 0.0028300968824641597,
    "C__shrinking__strategy": 1.2315602357089494e-05,
    "C__shrinking__tol": 3.300903882821676e-05,
    "C__strategy": 0.0016186601254530076,
    "C__strategy__tol": 4.2951024125366475e-05,
    "C__tol": 0.0017261888850583277,
    "coef0__gamma": 0.01269539746102255,
    "coef0__gamma__shrinking": 0.0003588133003469482,
    "coef0__gamma__strategy": 0.0003309969370669844,
    "coef0__gamma__tol": 0.00030584138655135305,
    "coef0__shrinking": 0.00027879932267103197,
    "coef0__shrinking__strategy": 7.45136025720977e-05,
    "coef0__shrinking__tol": 4.000148820197365e-06,
    "coef0__strategy": 0.00016143990946334706,
    "coef0__strategy__tol": 1.1821042497765256e-06,
    "coef0__tol": 0.0001302046594786287,
    "gamma__shrinking": 0.0014868602177746989,
    "gamma__shrinking__strategy": 7.923504337941094e-05,
    "gamma__shrinking__tol": 5.882872399011214e-05,
    "gamma__strategy": 0.0014094086436636833,
    "gamma__strategy__tol": 0.00021359878770906568,
    "gamma__tol": 0.003543729835952073,
    "shrinking__strategy": 4.6110129864173916e-05,
    "shrinking__strategy__tol": 7.53964318917508e-07,
    "shrinking__tol": 2.0706524803559443e-05,
    "strategy__tol": 0.00011332232626552188
}