{
    "C": 0.045821413533355615,
    "coef0": 0.009178929692354596,
    "gamma": 0.8260199597455805,
    "shrinking": 0.0010698197955899217,
    "strategy": 0.0004019041844422987,
    "tol": 0.0008513857311016695
}