{
    "C__coef0": 0.03815397855866509,
    "C__coef0__gamma": 0.007933218754717614,
    "C__coef0__shrinking": 6.974140653804401e-05,
    "C__coef0__strategy": 0.0004193937517783129,
    "C__coef0__tol": 0.013870338668235671,
    "C__gamma": 0.13243716698916005,
    "C__gamma__shrinking": 0.0006012279986898972,
    "C__gamma__strategy": 0.0005880403800857621,
    "C__gamma__tol": 0.0622038571872722,
    "C__shrinking": 0.00023193237704685296,
    "C__shrinking__strategy": 4.308929070288847e-05,
    "C__shrinking__tol": 7.754338328447297e-05,
    "C__strategy": 0.0022894208329784873,
    "C__strategy__tol": 0.0021241995098899985,
    "C__tol": 0.07991300884682817,
    "coef0__gamma": 0.005004291804782929,
    "coef0__gamma__shrinking": 0.0008532115467643241,
    "coef0__gamma__strategy": 4.542217406213367e-05,
    "coef0__gamma__tol": 0.006352115468659686,
    "coef0__shrinking": 0.0006758047455071271,
    "coef0__shrinking__strategy": 1.1893463594401165e-06,
    "coef0__shrinking__tol": 0.003423003282088253,
    "coef0__strategy": 0.0001743341965865598,
    "coef0__strategy__tol": 0.0006753044271817412,
    "coef0__tol": 0.01296684482808258,
    "gamma__shrinking": 0.014713523306067396,
    "gamma__shrinking__strategy": 7.160919733449622e-05,
    "gamma__shrinking__tol": 0.007140543651187131,
    "gamma__strategy": 0.0005297167102635093,
    "gamma__strategy__tol": 0.00032441542485332764,
    "gamma__tol": 0.07315750776072882,
    "shrinking__strategy": 2.0254333402150112e-05,
    "shrinking__strategy__tol": 1.3709567267081602e-05,
    "shrinking__tol": 0.001621424325348203,
    "strategy__tol": 0.0013397473037311258
}