{
    "C": 0.13092249423465796,
    "coef0": 0.06715020903042479,
    "gamma": 0.09503053861127844,
    "shrinking": 0.0009892680475427106,
    "strategy": 0.0003254723800476721,
    "tol": 0.22467610503917002
}