{
    "algorithm": 0.006738765104087307,
    "learning_rate": 0.20648923373697886,
    "max_depth": 0.05327886200427024,
    "n_estimators": 0.06779292132159884,
    "strategy": 0.0014779346546223186
}