{
    "algorithm": 0.016867985684843607,
    "learning_rate": 0.17892738571749292,
    "max_depth": 0.18691869822765547,
    "n_estimators": 0.022512727565197635,
    "strategy": 0.0014625180143712812
}