{
    "C": 0.00801472868847043,
    "gamma": 0.9355934085502553,
    "shrinking": 0.0002090365234714474,
    "strategy": 0.0009579419048807755,
    "tol": 0.004563194425516013
}