{
    "bootstrap": 0.046600305042729585,
    "criterion": 0.0008027429559419836,
    "max_features": 0.041202637160399874,
    "min_samples_leaf": 0.6868935939954203,
    "min_samples_split": 0.0007177876803571002,
    "strategy": 0.0003203086770804653
}