{
    "bootstrap__criterion": 0.00028536156457017005,
    "bootstrap__criterion__max_features": 0.0005037407224551503,
    "bootstrap__criterion__min_samples_leaf": 0.0013286248218533428,
    "bootstrap__criterion__min_samples_split": 0.0001497048941263004,
    "bootstrap__criterion__strategy": 2.0939073854626283e-05,
    "bootstrap__max_features": 0.007250448868207908,
    "bootstrap__max_features__min_samples_leaf": 0.025120958498471846,
    "bootstrap__max_features__min_samples_split": 0.0016624970165998718,
    "bootstrap__max_features__strategy": 0.0005290866400905754,
    "bootstrap__min_samples_leaf": 0.0587389932284097,
    "bootstrap__min_samples_leaf__min_samples_split": 0.003034605043805577,
    "bootstrap__min_samples_leaf__strategy": 0.0007765098316773653,
    "bootstrap__min_samples_split": 0.0004561172185832004,
    "bootstrap__min_samples_split__strategy": 6.850885380112995e-05,
    "bootstrap__strategy": 0.00019525451381691952,
    "criterion__max_features": 0.0017975220984054671,
    "criterion__max_features__min_samples_leaf": 0.0036654457265370144,
    "criterion__max_features__min_samples_split": 0.0002762313012467922,
    "criterion__max_features__strategy": 8.029853466866765e-05,
    "criterion__min_samples_leaf": 0.001986265633608153,
    "criterion__min_samples_leaf__min_samples_split": 0.0003969069011084046,
    "criterion__min_samples_leaf__strategy": 0.00010970690959194224,
    "criterion__min_samples_split": 6.813618948895664e-05,
    "criterion__min_samples_split__strategy": 3.860321950427317e-06,
    "criterion__strategy": 2.6359728994953375e-05,
    "max_features__min_samples_leaf": 0.0764191521686215,
    "max_features__min_samples_leaf__min_samples_split": 0.010505111222828833,
    "max_features__min_samples_leaf__strategy": 0.004114294648756364,
    "max_features__min_samples_split": 0.004050964300040582,
    "max_features__min_samples_split__strategy": 0.00028618872774857705,
    "max_features__strategy": 0.001844007412479123,
    "min_samples_leaf__min_samples_split": 0.00522144803794636,
    "min_samples_leaf__min_samples_split__strategy": 0.001071696619171996,
    "min_samples_leaf__strategy": 0.0011057239309284217,
    "min_samples_split__strategy": 0.00026961629313399546
}