{
    "C": 0.019731776814035297,
    "coef0": 0.0006451991589294696,
    "gamma": 0.8742708397960549,
    "shrinking": 0.0004486171415599116,
    "strategy": 0.0002689021833276864,
    "tol": 0.006666153217325403
}