{
    "C__coef0": 0.0006696981593983552,
    "C__coef0__gamma": 0.0020015976368125965,
    "C__coef0__shrinking": 3.4556334857628428e-06,
    "C__coef0__strategy": 5.813591783616944e-05,
    "C__coef0__tol": 6.58625607179858e-05,
    "C__gamma": 0.04797819327489783,
    "C__gamma__shrinking": 0.0018192498419051725,
    "C__gamma__strategy": 0.0020922587134753106,
    "C__gamma__tol": 0.005236776108016462,
    "C__shrinking": 0.001858623580036415,
    "C__shrinking__strategy": 3.447767004359503e-07,
    "C__shrinking__tol": 0.0020546652196378,
    "C__strategy": 0.0006624959845815487,
    "C__strategy__tol": 9.787708254575637e-05,
    "C__tol": 0.008958309563253906,
    "coef0__gamma": 0.0038272930439839925,
    "coef0__gamma__shrinking": 1.566593974352355e-05,
    "coef0__gamma__strategy": 0.00012244954545336743,
    "coef0__gamma__tol": 0.0003076299548460887,
    "coef0__shrinking": 3.815456300606244e-06,
    "coef0__shrinking__strategy": 8.237947013146852e-07,
    "coef0__shrinking__tol": 3.5150577746395064e-06,
    "coef0__strategy": 3.8664505279679636e-05,
    "coef0__strategy__tol": 3.1575416491946124e-05,
    "coef0__tol": 0.0001574015676079404,
    "gamma__shrinking": 0.001763251147092696,
    "gamma__shrinking__strategy": 2.686120115367313e-06,
    "gamma__shrinking__tol": 0.00018552661646805725,
    "gamma__strategy": 0.0016430387979327762,
    "gamma__strategy__tol": 0.0004705810338773899,
    "gamma__tol": 0.014059165739149268,
    "shrinking__strategy": 3.7596392274050466e-07,
    "shrinking__strategy__tol": 4.509221100949161e-07,
    "shrinking__tol": 0.00046895766328173237,
    "strategy__tol": 0.00013666232357115865
}