{
    "C__coef0": 0.00232969466608188,
    "C__coef0__gamma": 0.002889202043474006,
    "C__coef0__shrinking": 9.96848619656049e-05,
    "C__coef0__strategy": 0.0014547294165152824,
    "C__coef0__tol": 0.0003588621749848987,
    "C__gamma": 0.01274944645540188,
    "C__gamma__shrinking": 0.0001429794991556831,
    "C__gamma__strategy": 0.002517407540049022,
    "C__gamma__tol": 0.003616569188657834,
    "C__shrinking": 2.6763721287479967e-05,
    "C__shrinking__strategy": 2.731424486571881e-06,
    "C__shrinking__tol": 2.005378677517964e-05,
    "C__strategy": 0.00021140803289122507,
    "C__strategy__tol": 3.2368103114669214e-05,
    "C__tol": 0.0024606568251233,
    "coef0__gamma": 0.014723647200449053,
    "coef0__gamma__shrinking": 0.0003659021719685392,
    "coef0__gamma__strategy": 0.0017949160575724933,
    "coef0__gamma__tol": 0.0017931953540900353,
    "coef0__shrinking": 0.0007722071279185735,
    "coef0__shrinking__strategy": 5.435395083564637e-06,
    "coef0__shrinking__tol": 0.0003133027504596958,
    "coef0__strategy": 0.0013710214734735,
    "coef0__strategy__tol": 2.1952802902148842e-05,
    "coef0__tol": 0.0004901097437640916,
    "gamma__shrinking": 0.0007117290023813609,
    "gamma__shrinking__strategy": 0.00011416091380944769,
    "gamma__shrinking__tol": 0.00022189229241499978,
    "gamma__strategy": 0.006988445862079712,
    "gamma__strategy__tol": 0.0013963327765291016,
    "gamma__tol": 0.010171747556959362,
    "shrinking__strategy": 1.2774051202589704e-05,
    "shrinking__strategy__tol": 2.7667200430816575e-06,
    "shrinking__tol": 2.2342272131253794e-05,
    "strategy__tol": 0.0005178093958793826
}