{
    "C": 0.004402241316020251,
    "coef0": 0.005679079482559868,
    "gamma": 0.914237375676588,
    "shrinking": 0.00010105376129910326,
    "strategy": 0.0008532078956984103,
    "tol": 0.0019386984768399315
}