{
    "bootstrap__criterion": 0.00416023244090198,
    "bootstrap__criterion__max_features": 0.0020080419292783785,
    "bootstrap__criterion__min_samples_leaf": 0.0073152411917216525,
    "bootstrap__criterion__min_samples_split": 0.0003453634515689554,
    "bootstrap__criterion__strategy": 0.0001812915790289516,
    "bootstrap__max_features": 0.08900768682086041,
    "bootstrap__max_features__min_samples_leaf": 0.030228887942605698,
    "bootstrap__max_features__min_samples_split": 0.003101171466617883,
    "bootstrap__max_features__strategy": 0.0015014530060542923,
    "bootstrap__min_samples_leaf": 0.01040404825637603,
    "bootstrap__min_samples_leaf__min_samples_split": 0.005337606395794288,
    "bootstrap__min_samples_leaf__strategy": 0.0019426502300582717,
    "bootstrap__min_samples_split": 0.0020019657096358376,
    "bootstrap__min_samples_split__strategy": 0.000170190422299698,
    "bootstrap__strategy": 0.0008987891896787507,
    "criterion__max_features": 0.007541036702452375,
    "criterion__max_features__min_samples_leaf": 0.012894509187244996,
    "criterion__max_features__min_samples_split": 0.0008065727257380705,
    "criterion__max_features__strategy": 0.0003780284519175701,
    "criterion__min_samples_leaf": 0.026174319854001704,
    "criterion__min_samples_leaf__min_samples_split": 0.001963704057401856,
    "criterion__min_samples_leaf__strategy": 0.0013262329371703033,
    "criterion__min_samples_split": 0.00045150973036563354,
    "criterion__min_samples_split__strategy": 0.00012448277923773768,
    "criterion__strategy": 0.0003344138045143965,
    "max_features__min_samples_leaf": 0.05806755644360451,
    "max_features__min_samples_leaf__min_samples_split": 0.011018492805336136,
    "max_features__min_samples_leaf__strategy": 0.006073600080889096,
    "max_features__min_samples_split": 0.004350432952487764,
    "max_features__min_samples_split__strategy": 0.0004007492854927416,
    "max_features__strategy": 0.002155729306380744,
    "min_samples_leaf__min_samples_split": 0.008315262085616386,
    "min_samples_leaf__min_samples_split__strategy": 0.0009975731951853643,
    "min_samples_leaf__strategy": 0.002929816530570945,
    "min_samples_split__strategy": 0.0002867647335721749
}