{
    "bootstrap": 0.03340377502205166,
    "criterion": 0.01055082879763146,
    "max_features": 0.19192674137190624,
    "min_samples_leaf": 0.42755898844384466,
    "min_samples_split": 0.0018847453685000362,
    "strategy": 0.000835253175555056
}