{
    "C": 0.13966471659916918,
    "gamma": 0.5962079648864108,
    "shrinking": 0.0005305239132657972,
    "strategy": 0.0016752215315216216,
    "tol": 0.01879758201549537
}