{
    "bootstrap__criterion": 0.001055196832308493,
    "bootstrap__criterion__max_features": 0.001722056821405013,
    "bootstrap__criterion__min_samples_leaf": 0.003075230807895721,
    "bootstrap__criterion__min_samples_split": 0.00017393111357767678,
    "bootstrap__criterion__strategy": 0.00039415534435428227,
    "bootstrap__max_features": 0.06954284378862269,
    "bootstrap__max_features__min_samples_leaf": 0.07254569094784075,
    "bootstrap__max_features__min_samples_split": 0.004100893683274522,
    "bootstrap__max_features__strategy": 0.0046284612391057104,
    "bootstrap__min_samples_leaf": 0.04729992226032809,
    "bootstrap__min_samples_leaf__min_samples_split": 0.003398802676321571,
    "bootstrap__min_samples_leaf__strategy": 0.002159300516296539,
    "bootstrap__min_samples_split": 0.0011581523568540905,
    "bootstrap__min_samples_split__strategy": 0.00022673671096662493,
    "bootstrap__strategy": 0.001278636907105662,
    "criterion__max_features": 0.003960929266959318,
    "criterion__max_features__min_samples_leaf": 0.007641793117279361,
    "criterion__max_features__min_samples_split": 0.000999385737104487,
    "criterion__max_features__strategy": 0.0023860902339745325,
    "criterion__min_samples_leaf": 0.009699656345705798,
    "criterion__min_samples_leaf__min_samples_split": 0.0006216082666705772,
    "criterion__min_samples_leaf__strategy": 0.0023979942241213656,
    "criterion__min_samples_split": 0.0003408615962439063,
    "criterion__min_samples_split__strategy": 0.00011659756540389121,
    "criterion__strategy": 0.0006083303275442133,
    "max_features__min_samples_leaf": 0.2665178258410697,
    "max_features__min_samples_leaf__min_samples_split": 0.017063342106137497,
    "max_features__min_samples_leaf__strategy": 0.007505033834398177,
    "max_features__min_samples_split": 0.03308359258071644,
    "max_features__min_samples_split__strategy": 0.011443155019480282,
    "max_features__strategy": 0.009514063548161731,
    "min_samples_leaf__min_samples_split": 0.008397541475668732,
    "min_samples_leaf__min_samples_split__strategy": 0.003793996357051209,
    "min_samples_leaf__strategy": 0.015390970079073921,
    "min_samples_split__strategy": 0.0017047326808074066
}