{
    "bootstrap": 0.021766013863639976,
    "criterion": 0.0010463083218751868,
    "max_features": 0.14176200105683037,
    "min_samples_leaf": 0.17925491770224283,
    "min_samples_split": 0.004776614693750906,
    "strategy": 0.0027774683812878355
}