{
    "bootstrap__criterion": 0.0011930174618447493,
    "bootstrap__criterion__max_features": 0.00629338297714177,
    "bootstrap__criterion__min_samples_leaf": 0.0018321172247457163,
    "bootstrap__criterion__min_samples_split": 0.0004070499416659757,
    "bootstrap__criterion__strategy": 0.00018208553518473574,
    "bootstrap__max_features": 0.06956897612394897,
    "bootstrap__max_features__min_samples_leaf": 0.03500881990061852,
    "bootstrap__max_features__min_samples_split": 0.008790570165160995,
    "bootstrap__max_features__strategy": 0.002827569339019495,
    "bootstrap__min_samples_leaf": 0.045276366068219304,
    "bootstrap__min_samples_leaf__min_samples_split": 0.0058090511933852635,
    "bootstrap__min_samples_leaf__strategy": 0.001914992380647289,
    "bootstrap__min_samples_split": 0.0026205670054301657,
    "bootstrap__min_samples_split__strategy": 0.0004606236195370153,
    "bootstrap__strategy": 0.0005643367436532129,
    "criterion__max_features": 0.015411392548110636,
    "criterion__max_features__min_samples_leaf": 0.013186552995160639,
    "criterion__max_features__min_samples_split": 0.0018069847742684542,
    "criterion__max_features__strategy": 0.001221635962696497,
    "criterion__min_samples_leaf": 0.0034302091521874467,
    "criterion__min_samples_leaf__min_samples_split": 0.0018741687980179823,
    "criterion__min_samples_leaf__strategy": 0.0004939755366888193,
    "criterion__min_samples_split": 0.0008382969116551963,
    "criterion__min_samples_split__strategy": 0.00011293345073873579,
    "criterion__strategy": 0.0004223071496408449,
    "max_features__min_samples_leaf": 0.17961159315313557,
    "max_features__min_samples_leaf__min_samples_split": 0.03353647897003824,
    "max_features__min_samples_leaf__strategy": 0.00935196798162849,
    "max_features__min_samples_split": 0.027565628204613397,
    "max_features__min_samples_split__strategy": 0.0029827068895907066,
    "max_features__strategy": 0.0043031996316053945,
    "min_samples_leaf__min_samples_split": 0.021938580059355346,
    "min_samples_leaf__min_samples_split__strategy": 0.003057677642289992,
    "min_samples_leaf__strategy": 0.003389056206952145,
    "min_samples_split__strategy": 0.0014757137102776325
}