{
    "bootstrap": 0.006460132918061164,
    "criterion": 0.0027973533790723645,
    "max_features": 0.31886346030508284,
    "min_samples_leaf": 0.10155314392588521,
    "min_samples_split": 0.012699446893268455,
    "strategy": 0.0018678665910316285
}