{
    "algorithm": 0.27671789154084425,
    "learning_rate": 0.2032730903215145,
    "max_depth": 0.2714502618854798,
    "n_estimators": 0.01702868528487789,
    "strategy": 0.0007124820524640956
}