{
    "C": 0.11772996364312147,
    "coef0": 0.011584462970714672,
    "gamma": 0.5960026343005924,
    "shrinking": 0.0004428122521164667,
    "strategy": 8.19616032753674e-05,
    "tol": 0.0018220217196605229
}