{
    "C__coef0": 0.0029706639044571534,
    "C__coef0__gamma": 0.0038019872430594126,
    "C__coef0__shrinking": 8.094573122132374e-06,
    "C__coef0__strategy": 1.4494011224034276e-05,
    "C__coef0__tol": 0.00015766540978375682,
    "C__gamma": 0.20900392413430713,
    "C__gamma__shrinking": 0.0015859697153170881,
    "C__gamma__strategy": 0.00031717657404720453,
    "C__gamma__tol": 0.00815231127925551,
    "C__shrinking": 0.002594689036908877,
    "C__shrinking__strategy": 3.7747745458522686e-06,
    "C__shrinking__tol": 0.0020681028704932058,
    "C__strategy": 0.00013345155861407652,
    "C__strategy__tol": 1.4531088263077321e-05,
    "C__tol": 0.011264223114130122,
    "coef0__gamma": 0.022287759840667,
    "coef0__gamma__shrinking": 0.00012494900505274778,
    "coef0__gamma__strategy": 0.00021549042320193756,
    "coef0__gamma__tol": 0.00035669164718903925,
    "coef0__shrinking": 2.113481065627097e-05,
    "coef0__shrinking__strategy": 2.6395551965606814e-06,
    "coef0__shrinking__tol": 4.115527555055044e-06,
    "coef0__strategy": 3.228929097605875e-05,
    "coef0__strategy__tol": 1.0171356251031775e-05,
    "coef0__tol": 0.00017334979297973304,
    "gamma__shrinking": 0.0012946372074181124,
    "gamma__shrinking__strategy": 8.391805975182165e-06,
    "gamma__shrinking__tol": 0.0003329731008925021,
    "gamma__strategy": 0.0007366040967563253,
    "gamma__strategy__tol": 5.062687641358039e-05,
    "gamma__tol": 0.002721993266215898,
    "shrinking__strategy": 2.0627306276843247e-06,
    "shrinking__strategy__tol": 3.193851594804624e-07,
    "shrinking__tol": 0.00039933971065978066,
    "strategy__tol": 1.9231837025539137e-05
}