{
    "C__coef0": 0.007473543307898723,
    "C__coef0__gamma": 0.02120275864120935,
    "C__coef0__shrinking": 9.505205461722999e-05,
    "C__coef0__strategy": 0.0008513128847799836,
    "C__coef0__tol": 0.001290975251071514,
    "C__gamma": 0.14475906703824892,
    "C__gamma__shrinking": 0.0038637138478141843,
    "C__gamma__strategy": 0.006815208618477817,
    "C__gamma__tol": 0.010280049423323556,
    "C__shrinking": 0.0017754131947536824,
    "C__shrinking__strategy": 7.81306519835644e-06,
    "C__shrinking__tol": 0.0002183232361978142,
    "C__strategy": 0.0016540059107763832,
    "C__strategy__tol": 0.0006745046355903818,
    "C__tol": 0.008514860546038623,
    "coef0__gamma": 0.02930111991529394,
    "coef0__gamma__shrinking": 0.00032111931269950434,
    "coef0__gamma__strategy": 0.0043386928681029766,
    "coef0__gamma__tol": 0.00258786521469873,
    "coef0__shrinking": 6.0563890594176445e-05,
    "coef0__shrinking__strategy": 2.7456429862234705e-07,
    "coef0__shrinking__tol": 5.88333956978845e-06,
    "coef0__strategy": 0.004312073927162244,
    "coef0__strategy__tol": 0.00024759880684950466,
    "coef0__tol": 0.001271040988486345,
    "gamma__shrinking": 0.0017318842543010628,
    "gamma__shrinking__strategy": 1.7367269231587448e-05,
    "gamma__shrinking__tol": 0.00041670577642921244,
    "gamma__strategy": 0.009446880869081823,
    "gamma__strategy__tol": 0.0037039379384914174,
    "gamma__tol": 0.015754677784444497,
    "shrinking__strategy": 3.516654268938789e-06,
    "shrinking__strategy__tol": 3.414271205678769e-06,
    "shrinking__tol": 0.00010976350888209155,
    "strategy__tol": 0.0006294783487293095
}