{
    "C": 0.05272667861878272,
    "coef0": 0.014988112418109666,
    "gamma": 0.6284324067841697,
    "shrinking": 0.0003968249554909608,
    "strategy": 0.00512339297737255,
    "tol": 0.007281489865790255
}