{
    "C": 0.01180262966466122,
    "gamma": 0.8928006897388192,
    "shrinking": 0.0006883457395583056,
    "strategy": 0.000587228668956921,
    "tol": 0.005913401943250343
}