{
    "algorithm": 0.025772523663450148,
    "learning_rate": 0.009021723386652813,
    "max_depth": 0.7316028279903279,
    "n_estimators": 0.009232067243356627,
    "strategy": 0.0011239945642722903
}