{
    "algorithm": 0.023621544603810468,
    "learning_rate": 0.02440579207179972,
    "max_depth": 0.7079597069500236,
    "n_estimators": 0.0021958101827030526,
    "strategy": 0.000667857390864377
}