{
    "C": 0.0018926172489471186,
    "gamma": 0.9777789736509228,
    "shrinking": 3.098414547239567e-06,
    "strategy": 3.010177245125668e-05,
    "tol": 0.004363948343828325
}