{
    "C__coef0": 0.001620903141194316,
    "C__coef0__gamma": 0.0027429909695747823,
    "C__coef0__shrinking": 1.562961971394777e-06,
    "C__coef0__strategy": 1.595257743270751e-06,
    "C__coef0__tol": 9.103639859421586e-05,
    "C__gamma": 0.023349455369850114,
    "C__gamma__shrinking": 0.00021042409254699716,
    "C__gamma__strategy": 0.0001575214038130718,
    "C__gamma__tol": 0.006465768316290279,
    "C__shrinking": 0.00010186665959456521,
    "C__shrinking__strategy": 2.309492089872981e-06,
    "C__shrinking__tol": 5.3453723765450965e-05,
    "C__strategy": 4.111155368326434e-05,
    "C__strategy__tol": 9.506564920152595e-07,
    "C__tol": 0.003231664542796695,
    "coef0__gamma": 0.00578764795692821,
    "coef0__gamma__shrinking": 1.9816539233847544e-05,
    "coef0__gamma__strategy": 0.0006315566057711376,
    "coef0__gamma__tol": 0.0027546856375548438,
    "coef0__shrinking": 1.7759227796501935e-06,
    "coef0__shrinking__strategy": 6.22423668211389e-08,
    "coef0__shrinking__tol": 9.115091541625486e-07,
    "coef0__strategy": 8.154685630706396e-05,
    "coef0__strategy__tol": 3.410950451656486e-05,
    "coef0__tol": 0.006046569525478362,
    "gamma__shrinking": 0.004599225092476284,
    "gamma__shrinking__strategy": 0.0002808525056923175,
    "gamma__shrinking__tol": 0.0017952891572767804,
    "gamma__strategy": 0.001750145307230937,
    "gamma__strategy__tol": 0.000278607897082124,
    "gamma__tol": 0.016687591382379338,
    "shrinking__strategy": 2.8936263569591766e-05,
    "shrinking__strategy__tol": 4.1312913706447255e-06,
    "shrinking__tol": 0.00033933372373839976,
    "strategy__tol": 3.031618769021912e-05
}