{
    "C": 0.009342192732585132,
    "coef0": 0.001725885205854374,
    "gamma": 0.9013011981908001,
    "shrinking": 0.000551549353427555,
    "strategy": 0.00010190651592046466,
    "tol": 0.007406416305102593
}