{
    "algorithm": 0.02705949986068147,
    "learning_rate": 0.008428262627305245,
    "max_depth": 0.8512987740398159,
    "n_estimators": 0.0033669722392126204,
    "strategy": 0.0005963384615680492
}