{
    "algorithm": 0.0273529159898457,
    "learning_rate": 0.5350709131417772,
    "max_depth": 0.01094576088219074,
    "n_estimators": 0.06941611534438479,
    "strategy": 0.0012929351047575315
}