{
    "C__coef0": 0.0004777851833099268,
    "C__coef0__gamma": 0.0017337366850250224,
    "C__coef0__shrinking": 5.673518413781397e-06,
    "C__coef0__strategy": 5.048667365930648e-06,
    "C__coef0__tol": 0.00014472453544610905,
    "C__gamma": 0.07014705783935227,
    "C__gamma__shrinking": 0.005539671270704042,
    "C__gamma__strategy": 0.0006644473891364978,
    "C__gamma__tol": 0.018276583920457536,
    "C__shrinking": 0.0016569428138935595,
    "C__shrinking__strategy": 7.782894888112304e-07,
    "C__shrinking__tol": 5.089903254276891e-05,
    "C__strategy": 0.00022818929519076328,
    "C__strategy__tol": 0.00026054579139816406,
    "C__tol": 0.005513073083220106,
    "coef0__gamma": 0.010080396952834358,
    "coef0__gamma__shrinking": 1.1503558208194405e-05,
    "coef0__gamma__strategy": 4.582538744639657e-05,
    "coef0__gamma__tol": 0.0008163318512389457,
    "coef0__shrinking": 4.574414291612166e-06,
    "coef0__shrinking__strategy": 1.2708403401964557e-07,
    "coef0__shrinking__tol": 5.171247067362603e-06,
    "coef0__strategy": 1.106668114421081e-05,
    "coef0__strategy__tol": 9.072289807068043e-06,
    "coef0__tol": 0.00021542247016717413,
    "gamma__shrinking": 0.001573097751910385,
    "gamma__shrinking__strategy": 3.506756282707331e-05,
    "gamma__shrinking__tol": 9.851392836223577e-05,
    "gamma__strategy": 0.0035395635895043047,
    "gamma__strategy__tol": 0.001381938532300668,
    "gamma__tol": 0.04262225436652186,
    "shrinking__strategy": 1.6556542020048346e-06,
    "shrinking__strategy__tol": 9.962813933729739e-08,
    "shrinking__tol": 2.363656706483655e-05,
    "strategy__tol": 0.0004157687064329542
}