{
    "C": 0.015979863058222955,
    "coef0": 0.0025459072503967043,
    "gamma": 0.8027024135020848,
    "shrinking": 0.0004412279816583598,
    "strategy": 0.00036215279653667204,
    "tol": 0.010803090817606479
}