{
    "C": 0.013290325689146436,
    "gamma": 0.9353827468218658,
    "shrinking": 0.000318894416839765,
    "strategy": 9.718218312028217e-05,
    "tol": 0.0026728439611232676
}