{
    "bootstrap": 0.059897491950736875,
    "criterion": 0.08185084179542965,
    "max_features": 0.3938769936012485,
    "min_samples_leaf": 0.164757342135886,
    "min_samples_split": 0.002700572708228898,
    "strategy": 0.0003577601527772881
}