{
    "bootstrap__criterion": 0.0012134426924996777,
    "bootstrap__criterion__max_features": 0.008458836042901874,
    "bootstrap__criterion__min_samples_leaf": 0.0011943489949494956,
    "bootstrap__criterion__min_samples_split": 0.00024641029461635504,
    "bootstrap__criterion__strategy": 0.00019118004625850863,
    "bootstrap__max_features": 0.1548405377414428,
    "bootstrap__max_features__min_samples_leaf": 0.015823373860801432,
    "bootstrap__max_features__min_samples_split": 0.0015967241842507062,
    "bootstrap__max_features__strategy": 0.0007828272088139772,
    "bootstrap__min_samples_leaf": 0.004134360070729343,
    "bootstrap__min_samples_leaf__min_samples_split": 0.0005589978391723972,
    "bootstrap__min_samples_leaf__strategy": 0.00023845179807783964,
    "bootstrap__min_samples_split": 0.00039974715720809224,
    "bootstrap__min_samples_split__strategy": 6.226570951782171e-05,
    "bootstrap__strategy": 0.0001491916656662248,
    "criterion__max_features": 0.011140602340237504,
    "criterion__max_features__min_samples_leaf": 0.012984129185344612,
    "criterion__max_features__min_samples_split": 0.0019947131010705434,
    "criterion__max_features__strategy": 0.0006467466333143759,
    "criterion__min_samples_leaf": 0.011030022422416269,
    "criterion__min_samples_leaf__min_samples_split": 0.0015356049689715036,
    "criterion__min_samples_leaf__strategy": 0.0003513568418327386,
    "criterion__min_samples_split": 0.0006556370585972591,
    "criterion__min_samples_split__strategy": 5.160355752808685e-05,
    "criterion__strategy": 0.00024182740586087406,
    "max_features__min_samples_leaf": 0.022854557519494056,
    "max_features__min_samples_leaf__min_samples_split": 0.009339758882412862,
    "max_features__min_samples_leaf__strategy": 0.002631087183434033,
    "max_features__min_samples_split": 0.0052150766096200965,
    "max_features__min_samples_split__strategy": 0.0006247774136051679,
    "max_features__strategy": 0.0016025629113109881,
    "min_samples_leaf__min_samples_split": 0.004882919157699651,
    "min_samples_leaf__min_samples_split__strategy": 0.00029841527423945776,
    "min_samples_leaf__strategy": 0.000680143347855254,
    "min_samples_split__strategy": 0.00010160484499022534
}