{
    "C": 0.009763135940510514,
    "gamma": 0.9578503238953663,
    "shrinking": 4.5083138645560366e-05,
    "strategy": 0.00014942460944793485,
    "tol": 0.001850568736317372
}