{
    "algorithm": 0.022431214014124665,
    "learning_rate": 0.05771789724936729,
    "max_depth": 0.6585087987191103,
    "n_estimators": 0.013555170330105691,
    "strategy": 0.0010672132186137385
}