{
    "bootstrap": 0.012005280291753628,
    "criterion": 0.00013959734749667828,
    "max_features": 0.6649440784730143,
    "min_samples_leaf": 0.1727638693433929,
    "min_samples_split": 0.0013286238956899358,
    "strategy": 0.00014078716654459313
}