{
    "bootstrap__criterion": 9.605267927040377e-05,
    "bootstrap__criterion__max_features": 0.00022228730222959014,
    "bootstrap__criterion__min_samples_leaf": 8.174492505089084e-05,
    "bootstrap__criterion__min_samples_split": 1.2804419103946095e-05,
    "bootstrap__criterion__strategy": 1.8583995883952637e-05,
    "bootstrap__max_features": 0.07089178926293926,
    "bootstrap__max_features__min_samples_leaf": 0.013584701777485886,
    "bootstrap__max_features__min_samples_split": 0.0015761160683762864,
    "bootstrap__max_features__strategy": 0.0008736244351175999,
    "bootstrap__min_samples_leaf": 0.002830217896066467,
    "bootstrap__min_samples_leaf__min_samples_split": 0.00046531591203671546,
    "bootstrap__min_samples_leaf__strategy": 0.0003443681591598038,
    "bootstrap__min_samples_split": 0.00021118720010013486,
    "bootstrap__min_samples_split__strategy": 1.5146790498112505e-05,
    "bootstrap__strategy": 0.00011505691670890978,
    "criterion__max_features": 0.0003915321889220724,
    "criterion__max_features__min_samples_leaf": 0.0009147505129945277,
    "criterion__max_features__min_samples_split": 0.00030158797295569786,
    "criterion__max_features__strategy": 9.015489693987345e-05,
    "criterion__min_samples_leaf": 0.00022334511589092165,
    "criterion__min_samples_leaf__min_samples_split": 6.130315086795937e-05,
    "criterion__min_samples_leaf__strategy": 4.792099218757002e-05,
    "criterion__min_samples_split": 7.258659870019632e-05,
    "criterion__min_samples_split__strategy": 9.66139909964667e-06,
    "criterion__strategy": 1.6279402877064186e-05,
    "max_features__min_samples_leaf": 0.032874888828383214,
    "max_features__min_samples_leaf__min_samples_split": 0.006507956047783064,
    "max_features__min_samples_leaf__strategy": 0.0023805463412707503,
    "max_features__min_samples_split": 0.003960214790472987,
    "max_features__min_samples_split__strategy": 0.00023468292318824671,
    "max_features__strategy": 0.0012391580087499016,
    "min_samples_leaf__min_samples_split": 0.0019754310636211124,
    "min_samples_leaf__min_samples_split__strategy": 0.00012832580979234162,
    "min_samples_leaf__strategy": 0.0003897444371251052,
    "min_samples_split__strategy": 5.023761833826537e-05
}