{
    "C__coef0": 0.0050764783538218665,
    "C__coef0__gamma": 0.00884007998616182,
    "C__coef0__shrinking": 0.0002646621140497225,
    "C__coef0__strategy": 0.0003781121126673393,
    "C__coef0__tol": 0.0005934104791423802,
    "C__gamma": 0.3072307560436498,
    "C__gamma__shrinking": 0.005016634633459515,
    "C__gamma__strategy": 0.004406859881104543,
    "C__gamma__tol": 0.013101593247724926,
    "C__shrinking": 0.002399251775571146,
    "C__shrinking__strategy": 3.448381432624714e-06,
    "C__shrinking__tol": 0.00015088012306493492,
    "C__strategy": 0.0021048110485191143,
    "C__strategy__tol": 0.0010839756824131434,
    "C__tol": 0.007056963617393883,
    "coef0__gamma": 0.004105917916809643,
    "coef0__gamma__shrinking": 0.00022525593354733899,
    "coef0__gamma__strategy": 0.0003135497003090627,
    "coef0__gamma__tol": 0.0007619249252626692,
    "coef0__shrinking": 0.0001485844125820781,
    "coef0__shrinking__strategy": 3.0930375771037744e-08,
    "coef0__shrinking__tol": 2.5554457006200793e-06,
    "coef0__strategy": 0.00014801589809836872,
    "coef0__strategy__tol": 4.977221465966592e-05,
    "coef0__tol": 0.00042237453846488693,
    "gamma__shrinking": 0.002051570941561518,
    "gamma__shrinking__strategy": 4.00060768521171e-06,
    "gamma__shrinking__tol": 0.0006951908138102779,
    "gamma__strategy": 0.0025327623349938014,
    "gamma__strategy__tol": 0.001711429588068112,
    "gamma__tol": 0.008551869148983923,
    "shrinking__strategy": 2.341596604977115e-06,
    "shrinking__strategy__tol": 6.9884515273795945e-06,
    "shrinking__tol": 0.00011532793464866676,
    "strategy__tol": 0.000936256796168179
}