{
    "C": 0.2349140217098622,
    "coef0": 0.001963232922414033,
    "gamma": 0.3728478316195064,
    "shrinking": 0.00013991478613371248,
    "strategy": 0.0011367825560133246,
    "tol": 0.0045098371386796425
}