{
    "algorithm": 0.010801804815438302,
    "learning_rate": 0.015696514165260342,
    "max_depth": 0.6897940477555502,
    "n_estimators": 0.005505598033062595,
    "strategy": 0.0013902841510760318
}