{
    "C": 0.03541063101405723,
    "gamma": 0.8629112620065251,
    "shrinking": 7.891353801857549e-05,
    "strategy": 0.001998774709825667,
    "tol": 0.010279864299071266
}