{
    "algorithm__learning_rate": 0.03650558564348069,
    "algorithm__learning_rate__max_depth": 0.04158217968828401,
    "algorithm__learning_rate__n_estimators": 0.004111071867802737,
    "algorithm__learning_rate__strategy": 0.001348587285852223,
    "algorithm__max_depth": 0.03764749529110217,
    "algorithm__max_depth__n_estimators": 0.005112248638870411,
    "algorithm__max_depth__strategy": 0.0012313393857054456,
    "algorithm__n_estimators": 0.002974621955174705,
    "algorithm__n_estimators__strategy": 0.0003886689658705875,
    "algorithm__strategy": 0.00019543626061870696,
    "learning_rate__max_depth": 0.15574750910216567,
    "learning_rate__max_depth__n_estimators": 0.010633692331660187,
    "learning_rate__max_depth__strategy": 0.0028468823379411566,
    "learning_rate__n_estimators": 0.009642946094678839,
    "learning_rate__n_estimators__strategy": 0.000552877105127054,
    "learning_rate__strategy": 0.001245224009099009,
    "max_depth__n_estimators": 0.005652849235864959,
    "max_depth__n_estimators__strategy": 0.0008467081901100413,
    "max_depth__strategy": 0.0012471051419533845,
    "n_estimators__strategy": 0.0005502382828894421
}