{
    "algorithm": 0.13889197193597952,
    "learning_rate": 0.20090589640305276,
    "max_depth": 0.3176110965322286,
    "n_estimators": 0.01247055511135014,
    "strategy": 0.00034694410632949606
}